Workbook
Name К1_Общий_8_2: SIGNAL!$T:$W
Name К1_Черновая_8_2: SIGNAL!$Z:$AC
Name К1_Чистовая_8_2: SIGNAL!$AF:$AI
Name К2_Общий_8_2: SIGNAL!$AL:$AO
Name К2_Черновая_8_2: SIGNAL!$AR:$AU
Name К2_Чистовая_8_2: SIGNAL!$AX:$BA
Name К3_Общий_8_2: SIGNAL!$BD:$BG
Name К3_Черновая_8_2: SIGNAL!$BJ:$BM
Name К3_Чистовая_8_2: SIGNAL!$BP:$BS
Name Общая: SIGNAL!$CN:$CQ
Name Общий_8_1: SIGNAL!$B:$E
Name Общий_8_2: SIGNAL!$BV:$BY
Name Черновая: SIGNAL!$CT:$CW
Name Черновая_8_1: SIGNAL!$H:$K
Name Черновая_8_2: SIGNAL!$CB:$CE
Name Чистовая: SIGNAL!$CZ:$DC
Name Чистовая_8_1: SIGNAL!$N:$Q
Name Чистовая_8_2: SIGNAL!$CH:$CK

Sheet СПРАВОЧНИК
A1: СПРАВОЧНИК КАТЕГОРИЙ ОТДЕЛКИ
A2: Код | B2: Часть | C2: Название | D2: План м² | E2: Вес черн. | F2: Вес чист. | G2: ∑ весов | H2: Черн:Пол | I2: Черн:Стены | J2: Черн:Потолок | K2: ∑ черн. | L2: Чист:Пол | M2: Чист:Стены | N2: Чист:Потолок | O2: Чист:Мебл. | P2: ∑ чист. | Q2: Начало | R2: Окончание | S2: Длит.(дни) | T2: Труд-proxy | U2: Вес ур.3 (авто) | V2: Вес ур.3 | W2: Глоб. вес
A3: 8.1.1 | B3: Подзем. | C3: Отделка паркинг и рампы | D3: 0 | E3: 0.45 | F3: 0.55 | G3: =E3+F3 -> 1 | H3: 0.38 | I3: 0.41 | J3: 0.21 | K3: =SUM(H3:J3) -> 1 | L3: 0.52 | M3: 0.34 | N3: 0.14 | O3: 0 | P3: =SUM(L3:O3) -> 1 | S3: =IF(OR(Q3="",R3=""),0,R3-Q3) -> 0 | T3: =S3*D3 -> 0 | U3: =IFERROR(T3/SUMIF($B$3:$B$15,$B3,$T$3:$T$15),0) -> 0 | V3: =U3 -> 0 | W3: =V3*IF($B3="Подзем.",$V$18,$V$19) -> 0
A4: 8.1.2 | B4: Подзем. | C4: Отделка эвакуац. лестн. клетки подзем. | D4: 0 | E4: 0.33 | F4: 0.67 | G4: =E4+F4 -> 1 | H4: 0.2 | I4: 0.61 | J4: 0.19 | K4: =SUM(H4:J4) -> 1 | L4: 0.38 | M4: 0.35 | N4: 0.27 | O4: 0 | P4: =SUM(L4:O4) -> 1 | S4: =IF(OR(Q4="",R4=""),0,R4-Q4) -> 0 | T4: =S4*D4 -> 0 | U4: =IFERROR(T4/SUMIF($B$3:$B$15,$B4,$T$3:$T$15),0) -> 0 | V4: =U4 -> 0 | W4: =V4*IF($B4="Подзем.",$V$18,$V$19) -> 0
A5: 8.1.3 | B5: Подзем. | C5: Лифт. холлы, тамбур-шлюзы подзем. | D5: 0 | E5: 0.4 | F5: 0.6 | G5: =E5+F5 -> 1 | H5: 0.4 | I5: 0.3 | J5: 0.3 | K5: =SUM(H5:J5) -> 1 | L5: 0.2 | M5: 0.6 | N5: 0.2 | O5: 0 | P5: =SUM(L5:O5) -> 1 | S5: =IF(OR(Q5="",R5=""),0,R5-Q5) -> 0 | T5: =S5*D5 -> 0 | U5: =IFERROR(T5/SUMIF($B$3:$B$15,$B5,$T$3:$T$15),0) -> 0 | V5: =U5 -> 0 | W5: =V5*IF($B5="Подзем.",$V$18,$V$19) -> 0
A6: 8.1.4 | B6: Подзем. | C6: Технич. помещения подзем. | D6: 0 | E6: 0.32 | F6: 0.68 | G6: =E6+F6 -> 1 | H6: 0.3 | I6: 0.52 | J6: 0.18 | K6: =SUM(H6:J6) -> 1 | L6: 0.39 | M6: 0.45 | N6: 0.16 | O6: 0 | P6: =SUM(L6:O6) -> 1 | S6: =IF(OR(Q6="",R6=""),0,R6-Q6) -> 0 | T6: =S6*D6 -> 0 | U6: =IFERROR(T6/SUMIF($B$3:$B$15,$B6,$T$3:$T$15),0) -> 0 | V6: =U6 -> 0 | W6: =V6*IF($B6="Подзем.",$V$18,$V$19) -> 0
A7: 8.1.5 | B7: Подзем. | C7: Прочие помещения подзем. | D7: 0 | E7: 0.4 | F7: 0.6 | G7: =E7+F7 -> 1 | H7: 0.31 | I7: 0.49 | J7: 0.2 | K7: =SUM(H7:J7) -> 1 | L7: 0.4 | M7: 0.48 | N7: 0.12 | O7: 0 | P7: =SUM(L7:O7) -> 1 | S7: =IF(OR(Q7="",R7=""),0,R7-Q7) -> 0 | T7: =S7*D7 -> 0 | U7: =IFERROR(T7/SUMIF($B$3:$B$15,$B7,$T$3:$T$15),0) -> 0 | V7: =U7 -> 0 | W7: =V7*IF($B7="Подзем.",$V$18,$V$19) -> 0
A8: 8.1.6 | B8: Подзем. | C8: Коммерч. помещения подзем. | D8: 0 | E8: 0.5 | F8: 0.5 | G8: =E8+F8 -> 1 | H8: 0.3 | I8: 0.69 | J8: 0.01 | K8: =SUM(H8:J8) -> 1 | L8: 0.2 | M8: 0.6 | N8: 0.2 | O8: 0 | P8: =SUM(L8:O8) -> 1 | S8: =IF(OR(Q8="",R8=""),0,R8-Q8) -> 0 | T8: =S8*D8 -> 0 | U8: =IFERROR(T8/SUMIF($B$3:$B$15,$B8,$T$3:$T$15),0) -> 0 | V8: =U8 -> 0 | W8: =V8*IF($B8="Подзем.",$V$18,$V$19) -> 0
A9: 8.2.1 | B9: Надзем. | C9: Отделка лобби/гранд-лобби | D9: =B28+B29+B30 -> 0 | E9: 0.4 | F9: 0.6 | G9: =E9+F9 -> 1 | H9: 0.2 | I9: 0.63 | J9: 0.17 | K9: =SUM(H9:J9) -> 1 | L9: 0.14 | M9: 0.41 | N9: 0.36 | O9: 0.09 | P9: =SUM(L9:O9) -> 1 | S9: =IF(OR(Q9="",R9=""),0,R9-Q9) -> 0 | T9: =S9*D9 -> 0 | U9: =IFERROR(T9/SUMIF($B$3:$B$15,$B9,$T$3:$T$15),0) -> 0 | V9: =U9 -> 0 | W9: =V9*IF($B9="Подзем.",$V$18,$V$19) -> 0
A10: 8.2.2 | B10: Надзем. | C10: Отделка эвакуац. лестн. клетки надзем. | D10: =C28+C29+C30 -> 0 | E10: 0.33 | F10: 0.67 | G10: =E10+F10 -> 1 | H10: 0.2 | I10: 0.61 | J10: 0.19 | K10: =SUM(H10:J10) -> 1 | L10: 0.38 | M10: 0.35 | N10: 0.27 | O10: 0 | P10: =SUM(L10:O10) -> 1 | S10: =IF(OR(Q10="",R10=""),0,R10-Q10) -> 0 | T10: =S10*D10 -> 0 | U10: =IFERROR(T10/SUMIF($B$3:$B$15,$B10,$T$3:$T$15),0) -> 0 | V10: =U10 -> 0 | W10: =V10*IF($B10="Подзем.",$V$18,$V$19) -> 0
A11: 8.2.3 | B11: Надзем. | C11: Лифт. холлы, тамбур-шлюзы надзем. | D11: =D28+D29+D30 -> 0 | E11: 0.4 | F11: 0.6 | G11: =E11+F11 -> 1 | H11: 0.4 | I11: 0.3 | J11: 0.3 | K11: =SUM(H11:J11) -> 1 | L11: 0.2 | M11: 0.6 | N11: 0.2 | O11: 0 | P11: =SUM(L11:O11) -> 1 | S11: =IF(OR(Q11="",R11=""),0,R11-Q11) -> 0 | T11: =S11*D11 -> 0 | U11: =IFERROR(T11/SUMIF($B$3:$B$15,$B11,$T$3:$T$15),0) -> 0 | V11: =U11 -> 0 | W11: =V11*IF($B11="Подзем.",$V$18,$V$19) -> 0
A12: 8.2.4 | B12: Надзем. | C12: Технич. помещения надзем. | D12: =E28+E29+E30 -> 0 | E12: 0.32 | F12: 0.68 | G12: =E12+F12 -> 1 | H12: 0.3 | I12: 0.52 | J12: 0.18 | K12: =SUM(H12:J12) -> 1 | L12: 0.39 | M12: 0.45 | N12: 0.16 | O12: 0 | P12: =SUM(L12:O12) -> 1 | S12: =IF(OR(Q12="",R12=""),0,R12-Q12) -> 0 | T12: =S12*D12 -> 0 | U12: =IFERROR(T12/SUMIF($B$3:$B$15,$B12,$T$3:$T$15),0) -> 0 | V12: =U12 -> 0 | W12: =V12*IF($B12="Подзем.",$V$18,$V$19) -> 0
A13: 8.2.5 | B13: Надзем. | C13: Прочие помещения надзем. | D13: =F28+F29+F30 -> 0 | E13: 0.4 | F13: 0.6 | G13: =E13+F13 -> 1 | H13: 0.31 | I13: 0.49 | J13: 0.2 | K13: =SUM(H13:J13) -> 1 | L13: 0.4 | M13: 0.48 | N13: 0.12 | O13: 0 | P13: =SUM(L13:O13) -> 1 | S13: =IF(OR(Q13="",R13=""),0,R13-Q13) -> 0 | T13: =S13*D13 -> 0 | U13: =IFERROR(T13/SUMIF($B$3:$B$15,$B13,$T$3:$T$15),0) -> 0 | V13: =U13 -> 0 | W13: =V13*IF($B13="Подзем.",$V$18,$V$19) -> 0
A14: 8.2.6 | B14: Надзем. | C14: Коммерч. помещения надзем. | D14: =G28+G29+G30 -> 0 | E14: 0.5 | F14: 0.5 | G14: =E14+F14 -> 1 | H14: 0.3 | I14: 0.69 | J14: 0.01 | K14: =SUM(H14:J14) -> 1 | L14: 0.2 | M14: 0.6 | N14: 0.2 | O14: 0 | P14: =SUM(L14:O14) -> 1 | S14: =IF(OR(Q14="",R14=""),0,R14-Q14) -> 0 | T14: =S14*D14 -> 0 | U14: =IFERROR(T14/SUMIF($B$3:$B$15,$B14,$T$3:$T$15),0) -> 0 | V14: =U14 -> 0 | W14: =V14*IF($B14="Подзем.",$V$18,$V$19) -> 0
A15: 8.2.7 | B15: Надзем. | C15: Паркинг и рампы надзем. | D15: =H28+H29+H30 -> 0 | E15: 0.5 | F15: 0.5 | G15: =E15+F15 -> 1 | H15: 0.3 | I15: 0.69 | J15: 0.01 | K15: =SUM(H15:J15) -> 1 | L15: 0.2 | M15: 0.6 | N15: 0.2 | O15: 0 | P15: =SUM(L15:O15) -> 1 | S15: =IF(OR(Q15="",R15=""),0,R15-Q15) -> 0 | T15: =S15*D15 -> 0 | U15: =IFERROR(T15/SUMIF($B$3:$B$15,$B15,$T$3:$T$15),0) -> 0 | V15: =U15 -> 0 | W15: =V15*IF($B15="Подзем.",$V$18,$V$19) -> 0
A17: АГРЕГАЦИЯ ПО УРОВНЯМ (ур.3 → ур.2 → ур.1)
A18: 8.1 | C18: Подземная часть | D18: =SUM(D3:D8) -> 0 | Q18: =MIN(Q3:Q8) -> 0 | R18: =MAX(R3:R8) -> 0 | S18: =IF(OR(Q18=0,R18=0),0,R18-Q18) -> 0 | T18: =SUM(T3:T8) -> 0 | U18: =IFERROR(T18/(T18+T19),0) -> 0 | V18: =U18 -> 0 | W18: =V18 -> 0
A19: 8.2 | C19: Надземная часть | D19: =SUM(D9:D15) -> 0 | Q19: =MIN(Q9:Q15) -> 0 | R19: =MAX(R9:R15) -> 0 | S19: =IF(OR(Q19=0,R19=0),0,R19-Q19) -> 0 | T19: =SUM(T9:T15) -> 0 | U19: =IFERROR(T19/(T18+T19),0) -> 0 | V19: =U19 -> 0 | W19: =V19 -> 0
C21: ✓ ∑ вес ур.3 подзем. | V21: =SUM(V3:V8) -> 0
C22: ✓ ∑ вес ур.3 надзем. | V22: =SUM(V9:V15) -> 0
C23: ✓ ∑ вес ур.2 | V23: =V18+V19 -> 0
C24: ✓ ∑ глоб. вес | W24: =SUM(W3:W15) -> 0
A26: РАСПРЕДЕЛЕНИЕ НАДЗЕМНОЙ ЧАСТИ ПО КОРПУСАМ
A27: Корпус | B27: 8.2.1 | C27: 8.2.2 | D27: 8.2.3 | E27: 8.2.4 | F27: 8.2.5 | G27: 8.2.6 | H27: 8.2.7 | I27: Σ план | J27: Вес корп.(авто) | K27: Вес корп.
A28: К1 | B28: 0 | C28: 0 | D28: 0 | E28: 0 | F28: 0 | G28: 0 | H28: 0 | I28: =SUM(B28:H28) -> 0 | J28: =IFERROR(I28/(I28+I29+I30),0) -> 0 | K28: =J28 -> 0
A29: К2 | B29: 0 | C29: 0 | D29: 0 | E29: 0 | F29: 0 | G29: 0 | H29: 0 | I29: =SUM(B29:H29) -> 0 | J29: =IFERROR(I29/(I28+I29+I30),0) -> 0 | K29: =J29 -> 0
A30: К3 | B30: 0 | C30: 0 | D30: 0 | E30: 0 | F30: 0 | G30: 0 | H30: 0 | I30: =SUM(B30:H30) -> 0 | J30: =IFERROR(I30/(I28+I29+I30),0) -> 0 | K30: =J30 -> 0
A32: ✓ ∑ вес корп. | K32: =K28+K29+K30 -> 0
A35: Дата начала проекта | B35: 46174

Sheet ВВОД ПОДЗЕМ
A1: ВВОД ДАННЫХ — ВВОД ПОДЗЕМ
A2: Вводите м². Серые столбцы A-D не редактируйте.
A3: Дата | B3: Тип | C3: Код | D3: Категория | E3: Пол | F3: Стены | G3: Потолок | H3: Мебл. | I3: ✓
A4: =СПРАВОЧНИК!$B$35 -> 46174 | B4: Черновая | C4: 8.1.1 | D4: Отделка паркинг и рампы | I4: =COUNTA(E4:G4)&"/3" -> 0/3
A5: =A4 -> 46174 | B5: Черновая | C5: 8.1.2 | D5: Отделка эвакуац. лестн. клетки подзем. | I5: =COUNTA(E5:G5)&"/3" -> 0/3
A6: =A4 -> 46174 | B6: Черновая | C6: 8.1.3 | D6: Лифт. холлы, тамбур-шлюзы подзем. | I6: =COUNTA(E6:G6)&"/3" -> 0/3
A7: =A4 -> 46174 | B7: Черновая | C7: 8.1.4 | D7: Технич. помещения подзем. | I7: =COUNTA(E7:G7)&"/3" -> 0/3
A8: =A4 -> 46174 | B8: Черновая | C8: 8.1.5 | D8: Прочие помещения подзем. | I8: =COUNTA(E8:G8)&"/3" -> 0/3
A9: =A4 -> 46174 | B9: Черновая | C9: 8.1.6 | D9: Коммерч. помещения подзем. | I9: =COUNTA(E9:G9)&"/3" -> 0/3
A10: =A4 -> 46174 | B10: Чистовая | C10: 8.1.1 | D10: Отделка паркинг и рампы | I10: =COUNTA(E10:G10)&"/3" -> 0/3
A11: =A4 -> 46174 | B11: Чистовая | C11: 8.1.2 | D11: Отделка эвакуац. лестн. клетки подзем. | I11: =COUNTA(E11:G11)&"/3" -> 0/3
A12: =A4 -> 46174 | B12: Чистовая | C12: 8.1.3 | D12: Лифт. холлы, тамбур-шлюзы подзем. | I12: =COUNTA(E12:G12)&"/3" -> 0/3
A13: =A4 -> 46174 | B13: Чистовая | C13: 8.1.4 | D13: Технич. помещения подзем. | I13: =COUNTA(E13:G13)&"/3" -> 0/3
A14: =A4 -> 46174 | B14: Чистовая | C14: 8.1.5 | D14: Прочие помещения подзем. | I14: =COUNTA(E14:G14)&"/3" -> 0/3
A15: =A4 -> 46174 | B15: Чистовая | C15: 8.1.6 | D15: Коммерч. помещения подзем. | I15: =COUNTA(E15:G15)&"/3" -> 0/3
A16: =A4+7 -> 46181 | B16: Черновая | C16: 8.1.1 | D16: Отделка паркинг и рампы | I16: =COUNTA(E16:G16)&"/3" -> 0/3
A17: =A16 -> 46181 | B17: Черновая | C17: 8.1.2 | D17: Отделка эвакуац. лестн. клетки подзем. | I17: =COUNTA(E17:G17)&"/3" -> 0/3
A18: =A16 -> 46181 | B18: Черновая | C18: 8.1.3 | D18: Лифт. холлы, тамбур-шлюзы подзем. | I18: =COUNTA(E18:G18)&"/3" -> 0/3
A19: =A16 -> 46181 | B19: Черновая | C19: 8.1.4 | D19: Технич. помещения подзем. | I19: =COUNTA(E19:G19)&"/3" -> 0/3
A20: =A16 -> 46181 | B20: Черновая | C20: 8.1.5 | D20: Прочие помещения подзем. | I20: =COUNTA(E20:G20)&"/3" -> 0/3
A21: =A16 -> 46181 | B21: Черновая | C21: 8.1.6 | D21: Коммерч. помещения подзем. | I21: =COUNTA(E21:G21)&"/3" -> 0/3
A22: =A16 -> 46181 | B22: Чистовая | C22: 8.1.1 | D22: Отделка паркинг и рампы | I22: =COUNTA(E22:G22)&"/3" -> 0/3
A23: =A16 -> 46181 | B23: Чистовая | C23: 8.1.2 | D23: Отделка эвакуац. лестн. клетки подзем. | I23: =COUNTA(E23:G23)&"/3" -> 0/3
A24: =A16 -> 46181 | B24: Чистовая | C24: 8.1.3 | D24: Лифт. холлы, тамбур-шлюзы подзем. | I24: =COUNTA(E24:G24)&"/3" -> 0/3
A25: =A16 -> 46181 | B25: Чистовая | C25: 8.1.4 | D25: Технич. помещения подзем. | I25: =COUNTA(E25:G25)&"/3" -> 0/3
A26: =A16 -> 46181 | B26: Чистовая | C26: 8.1.5 | D26: Прочие помещения подзем. | I26: =COUNTA(E26:G26)&"/3" -> 0/3
A27: =A16 -> 46181 | B27: Чистовая | C27: 8.1.6 | D27: Коммерч. помещения подзем. | I27: =COUNTA(E27:G27)&"/3" -> 0/3
A28: =A16+7 -> 46188 | B28: Черновая | C28: 8.1.1 | D28: Отделка паркинг и рампы | I28: =COUNTA(E28:G28)&"/3" -> 0/3
A29: =A28 -> 46188 | B29: Черновая | C29: 8.1.2 | D29: Отделка эвакуац. лестн. клетки подзем. | I29: =COUNTA(E29:G29)&"/3" -> 0/3
A30: =A28 -> 46188 | B30: Черновая | C30: 8.1.3 | D30: Лифт. холлы, тамбур-шлюзы подзем. | I30: =COUNTA(E30:G30)&"/3" -> 0/3
A31: =A28 -> 46188 | B31: Черновая | C31: 8.1.4 | D31: Технич. помещения подзем. | I31: =COUNTA(E31:G31)&"/3" -> 0/3
A32: =A28 -> 46188 | B32: Черновая | C32: 8.1.5 | D32: Прочие помещения подзем. | I32: =COUNTA(E32:G32)&"/3" -> 0/3
A33: =A28 -> 46188 | B33: Черновая | C33: 8.1.6 | D33: Коммерч. помещения подзем. | I33: =COUNTA(E33:G33)&"/3" -> 0/3
A34: =A28 -> 46188 | B34: Чистовая | C34: 8.1.1 | D34: Отделка паркинг и рампы | I34: =COUNTA(E34:G34)&"/3" -> 0/3
A35: =A28 -> 46188 | B35: Чистовая | C35: 8.1.2 | D35: Отделка эвакуац. лестн. клетки подзем. | I35: =COUNTA(E35:G35)&"/3" -> 0/3
A36: =A28 -> 46188 | B36: Чистовая | C36: 8.1.3 | D36: Лифт. холлы, тамбур-шлюзы подзем. | I36: =COUNTA(E36:G36)&"/3" -> 0/3
A37: =A28 -> 46188 | B37: Чистовая | C37: 8.1.4 | D37: Технич. помещения подзем. | I37: =COUNTA(E37:G37)&"/3" -> 0/3
A38: =A28 -> 46188 | B38: Чистовая | C38: 8.1.5 | D38: Прочие помещения подзем. | I38: =COUNTA(E38:G38)&"/3" -> 0/3
A39: =A28 -> 46188 | B39: Чистовая | C39: 8.1.6 | D39: Коммерч. помещения подзем. | I39: =COUNTA(E39:G39)&"/3" -> 0/3
A40: =A28+7 -> 46195 | B40: Черновая | C40: 8.1.1 | D40: Отделка паркинг и рампы | I40: =COUNTA(E40:G40)&"/3" -> 0/3
A41: =A40 -> 46195 | B41: Черновая | C41: 8.1.2 | D41: Отделка эвакуац. лестн. клетки подзем. | I41: =COUNTA(E41:G41)&"/3" -> 0/3
A42: =A40 -> 46195 | B42: Черновая | C42: 8.1.3 | D42: Лифт. холлы, тамбур-шлюзы подзем. | I42: =COUNTA(E42:G42)&"/3" -> 0/3
A43: =A40 -> 46195 | B43: Черновая | C43: 8.1.4 | D43: Технич. помещения подзем. | I43: =COUNTA(E43:G43)&"/3" -> 0/3
A44: =A40 -> 46195 | B44: Черновая | C44: 8.1.5 | D44: Прочие помещения подзем. | I44: =COUNTA(E44:G44)&"/3" -> 0/3
A45: =A40 -> 46195 | B45: Черновая | C45: 8.1.6 | D45: Коммерч. помещения подзем. | I45: =COUNTA(E45:G45)&"/3" -> 0/3
A46: =A40 -> 46195 | B46: Чистовая | C46: 8.1.1 | D46: Отделка паркинг и рампы | I46: =COUNTA(E46:G46)&"/3" -> 0/3
A47: =A40 -> 46195 | B47: Чистовая | C47: 8.1.2 | D47: Отделка эвакуац. лестн. клетки подзем. | I47: =COUNTA(E47:G47)&"/3" -> 0/3
A48: =A40 -> 46195 | B48: Чистовая | C48: 8.1.3 | D48: Лифт. холлы, тамбур-шлюзы подзем. | I48: =COUNTA(E48:G48)&"/3" -> 0/3
A49: =A40 -> 46195 | B49: Чистовая | C49: 8.1.4 | D49: Технич. помещения подзем. | I49: =COUNTA(E49:G49)&"/3" -> 0/3
A50: =A40 -> 46195 | B50: Чистовая | C50: 8.1.5 | D50: Прочие помещения подзем. | I50: =COUNTA(E50:G50)&"/3" -> 0/3
A51: =A40 -> 46195 | B51: Чистовая | C51: 8.1.6 | D51: Коммерч. помещения подзем. | I51: =COUNTA(E51:G51)&"/3" -> 0/3
A52: =A40+7 -> 46202 | B52: Черновая | C52: 8.1.1 | D52: Отделка паркинг и рампы | I52: =COUNTA(E52:G52)&"/3" -> 0/3
A53: =A52 -> 46202 | B53: Черновая | C53: 8.1.2 | D53: Отделка эвакуац. лестн. клетки подзем. | I53: =COUNTA(E53:G53)&"/3" -> 0/3
A54: =A52 -> 46202 | B54: Черновая | C54: 8.1.3 | D54: Лифт. холлы, тамбур-шлюзы подзем. | I54: =COUNTA(E54:G54)&"/3" -> 0/3
A55: =A52 -> 46202 | B55: Черновая | C55: 8.1.4 | D55: Технич. помещения подзем. | I55: =COUNTA(E55:G55)&"/3" -> 0/3
A56: =A52 -> 46202 | B56: Черновая | C56: 8.1.5 | D56: Прочие помещения подзем. | I56: =COUNTA(E56:G56)&"/3" -> 0/3
A57: =A52 -> 46202 | B57: Черновая | C57: 8.1.6 | D57: Коммерч. помещения подзем. | I57: =COUNTA(E57:G57)&"/3" -> 0/3
A58: =A52 -> 46202 | B58: Чистовая | C58: 8.1.1 | D58: Отделка паркинг и рампы | I58: =COUNTA(E58:G58)&"/3" -> 0/3
A59: =A52 -> 46202 | B59: Чистовая | C59: 8.1.2 | D59: Отделка эвакуац. лестн. клетки подзем. | I59: =COUNTA(E59:G59)&"/3" -> 0/3
A60: =A52 -> 46202 | B60: Чистовая | C60: 8.1.3 | D60: Лифт. холлы, тамбур-шлюзы подзем. | I60: =COUNTA(E60:G60)&"/3" -> 0/3
A61: =A52 -> 46202 | B61: Чистовая | C61: 8.1.4 | D61: Технич. помещения подзем. | I61: =COUNTA(E61:G61)&"/3" -> 0/3
A62: =A52 -> 46202 | B62: Чистовая | C62: 8.1.5 | D62: Прочие помещения подзем. | I62: =COUNTA(E62:G62)&"/3" -> 0/3
A63: =A52 -> 46202 | B63: Чистовая | C63: 8.1.6 | D63: Коммерч. помещения подзем. | I63: =COUNTA(E63:G63)&"/3" -> 0/3
A64: =A52+7 -> 46209 | B64: Черновая | C64: 8.1.1 | D64: Отделка паркинг и рампы | I64: =COUNTA(E64:G64)&"/3" -> 0/3
A65: =A64 -> 46209 | B65: Черновая | C65: 8.1.2 | D65: Отделка эвакуац. лестн. клетки подзем. | I65: =COUNTA(E65:G65)&"/3" -> 0/3
A66: =A64 -> 46209 | B66: Черновая | C66: 8.1.3 | D66: Лифт. холлы, тамбур-шлюзы подзем. | I66: =COUNTA(E66:G66)&"/3" -> 0/3
A67: =A64 -> 46209 | B67: Черновая | C67: 8.1.4 | D67: Технич. помещения подзем. | I67: =COUNTA(E67:G67)&"/3" -> 0/3
A68: =A64 -> 46209 | B68: Черновая | C68: 8.1.5 | D68: Прочие помещения подзем. | I68: =COUNTA(E68:G68)&"/3" -> 0/3
A69: =A64 -> 46209 | B69: Черновая | C69: 8.1.6 | D69: Коммерч. помещения подзем. | I69: =COUNTA(E69:G69)&"/3" -> 0/3
A70: =A64 -> 46209 | B70: Чистовая | C70: 8.1.1 | D70: Отделка паркинг и рампы | I70: =COUNTA(E70:G70)&"/3" -> 0/3
A71: =A64 -> 46209 | B71: Чистовая | C71: 8.1.2 | D71: Отделка эвакуац. лестн. клетки подзем. | I71: =COUNTA(E71:G71)&"/3" -> 0/3
A72: =A64 -> 46209 | B72: Чистовая | C72: 8.1.3 | D72: Лифт. холлы, тамбур-шлюзы подзем. | I72: =COUNTA(E72:G72)&"/3" -> 0/3
A73: =A64 -> 46209 | B73: Чистовая | C73: 8.1.4 | D73: Технич. помещения подзем. | I73: =COUNTA(E73:G73)&"/3" -> 0/3
A74: =A64 -> 46209 | B74: Чистовая | C74: 8.1.5 | D74: Прочие помещения подзем. | I74: =COUNTA(E74:G74)&"/3" -> 0/3
A75: =A64 -> 46209 | B75: Чистовая | C75: 8.1.6 | D75: Коммерч. помещения подзем. | I75: =COUNTA(E75:G75)&"/3" -> 0/3
A76: =A64+7 -> 46216 | B76: Черновая | C76: 8.1.1 | D76: Отделка паркинг и рампы | I76: =COUNTA(E76:G76)&"/3" -> 0/3
A77: =A76 -> 46216 | B77: Черновая | C77: 8.1.2 | D77: Отделка эвакуац. лестн. клетки подзем. | I77: =COUNTA(E77:G77)&"/3" -> 0/3
A78: =A76 -> 46216 | B78: Черновая | C78: 8.1.3 | D78: Лифт. холлы, тамбур-шлюзы подзем. | I78: =COUNTA(E78:G78)&"/3" -> 0/3
A79: =A76 -> 46216 | B79: Черновая | C79: 8.1.4 | D79: Технич. помещения подзем. | I79: =COUNTA(E79:G79)&"/3" -> 0/3
A80: =A76 -> 46216 | B80: Черновая | C80: 8.1.5 | D80: Прочие помещения подзем. | I80: =COUNTA(E80:G80)&"/3" -> 0/3
A81: =A76 -> 46216 | B81: Черновая | C81: 8.1.6 | D81: Коммерч. помещения подзем. | I81: =COUNTA(E81:G81)&"/3" -> 0/3
A82: =A76 -> 46216 | B82: Чистовая | C82: 8.1.1 | D82: Отделка паркинг и рампы | I82: =COUNTA(E82:G82)&"/3" -> 0/3
A83: =A76 -> 46216 | B83: Чистовая | C83: 8.1.2 | D83: Отделка эвакуац. лестн. клетки подзем. | I83: =COUNTA(E83:G83)&"/3" -> 0/3
A84: =A76 -> 46216 | B84: Чистовая | C84: 8.1.3 | D84: Лифт. холлы, тамбур-шлюзы подзем. | I84: =COUNTA(E84:G84)&"/3" -> 0/3
A85: =A76 -> 46216 | B85: Чистовая | C85: 8.1.4 | D85: Технич. помещения подзем. | I85: =COUNTA(E85:G85)&"/3" -> 0/3
A86: =A76 -> 46216 | B86: Чистовая | C86: 8.1.5 | D86: Прочие помещения подзем. | I86: =COUNTA(E86:G86)&"/3" -> 0/3
A87: =A76 -> 46216 | B87: Чистовая | C87: 8.1.6 | D87: Коммерч. помещения подзем. | I87: =COUNTA(E87:G87)&"/3" -> 0/3
A88: =A76+7 -> 46223 | B88: Черновая | C88: 8.1.1 | D88: Отделка паркинг и рампы | I88: =COUNTA(E88:G88)&"/3" -> 0/3
A89: =A88 -> 46223 | B89: Черновая | C89: 8.1.2 | D89: Отделка эвакуац. лестн. клетки подзем. | I89: =COUNTA(E89:G89)&"/3" -> 0/3
A90: =A88 -> 46223 | B90: Черновая | C90: 8.1.3 | D90: Лифт. холлы, тамбур-шлюзы подзем. | I90: =COUNTA(E90:G90)&"/3" -> 0/3
A91: =A88 -> 46223 | B91: Черновая | C91: 8.1.4 | D91: Технич. помещения подзем. | I91: =COUNTA(E91:G91)&"/3" -> 0/3
A92: =A88 -> 46223 | B92: Черновая | C92: 8.1.5 | D92: Прочие помещения подзем. | I92: =COUNTA(E92:G92)&"/3" -> 0/3
A93: =A88 -> 46223 | B93: Черновая | C93: 8.1.6 | D93: Коммерч. помещения подзем. | I93: =COUNTA(E93:G93)&"/3" -> 0/3
A94: =A88 -> 46223 | B94: Чистовая | C94: 8.1.1 | D94: Отделка паркинг и рампы | I94: =COUNTA(E94:G94)&"/3" -> 0/3
A95: =A88 -> 46223 | B95: Чистовая | C95: 8.1.2 | D95: Отделка эвакуац. лестн. клетки подзем. | I95: =COUNTA(E95:G95)&"/3" -> 0/3
A96: =A88 -> 46223 | B96: Чистовая | C96: 8.1.3 | D96: Лифт. холлы, тамбур-шлюзы подзем. | I96: =COUNTA(E96:G96)&"/3" -> 0/3
A97: =A88 -> 46223 | B97: Чистовая | C97: 8.1.4 | D97: Технич. помещения подзем. | I97: =COUNTA(E97:G97)&"/3" -> 0/3
A98: =A88 -> 46223 | B98: Чистовая | C98: 8.1.5 | D98: Прочие помещения подзем. | I98: =COUNTA(E98:G98)&"/3" -> 0/3
A99: =A88 -> 46223 | B99: Чистовая | C99: 8.1.6 | D99: Коммерч. помещения подзем. | I99: =COUNTA(E99:G99)&"/3" -> 0/3
A100: =A88+7 -> 46230 | B100: Черновая | C100: 8.1.1 | D100: Отделка паркинг и рампы | I100: =COUNTA(E100:G100)&"/3" -> 0/3
...

Sheet ВВОД К1
A1: ВВОД ДАННЫХ — ВВОД К1
A2: Вводите м². Серые столбцы A-D не редактируйте.
A3: Дата | B3: Тип | C3: Код | D3: Категория | E3: Пол | F3: Стены | G3: Потолок | H3: Мебл. | I3: ✓
A4: =СПРАВОЧНИК!$B$35 -> 46174 | B4: Черновая | C4: 8.2.1 | D4: Отделка лобби/гранд-лобби | I4: =COUNTA(E4:G4)&"/3" -> 0/3
A5: =A4 -> 46174 | B5: Черновая | C5: 8.2.2 | D5: Отделка эвакуац. лестн. клетки надзем. | I5: =COUNTA(E5:G5)&"/3" -> 0/3
A6: =A4 -> 46174 | B6: Черновая | C6: 8.2.3 | D6: Лифт. холлы, тамбур-шлюзы надзем. | I6: =COUNTA(E6:G6)&"/3" -> 0/3
A7: =A4 -> 46174 | B7: Черновая | C7: 8.2.4 | D7: Технич. помещения надзем. | I7: =COUNTA(E7:G7)&"/3" -> 0/3
A8: =A4 -> 46174 | B8: Черновая | C8: 8.2.5 | D8: Прочие помещения надзем. | I8: =COUNTA(E8:G8)&"/3" -> 0/3
A9: =A4 -> 46174 | B9: Черновая | C9: 8.2.6 | D9: Коммерч. помещения надзем. | I9: =COUNTA(E9:G9)&"/3" -> 0/3
A10: =A4 -> 46174 | B10: Черновая | C10: 8.2.7 | D10: Паркинг и рампы надзем. | I10: =COUNTA(E10:G10)&"/3" -> 0/3
A11: =A4 -> 46174 | B11: Чистовая | C11: 8.2.1 | D11: Отделка лобби/гранд-лобби | I11: =COUNTA(E11:H11)&"/4" -> 0/4
A12: =A4 -> 46174 | B12: Чистовая | C12: 8.2.2 | D12: Отделка эвакуац. лестн. клетки надзем. | I12: =COUNTA(E12:G12)&"/3" -> 0/3
A13: =A4 -> 46174 | B13: Чистовая | C13: 8.2.3 | D13: Лифт. холлы, тамбур-шлюзы надзем. | I13: =COUNTA(E13:G13)&"/3" -> 0/3
A14: =A4 -> 46174 | B14: Чистовая | C14: 8.2.4 | D14: Технич. помещения надзем. | I14: =COUNTA(E14:G14)&"/3" -> 0/3
A15: =A4 -> 46174 | B15: Чистовая | C15: 8.2.5 | D15: Прочие помещения надзем. | I15: =COUNTA(E15:G15)&"/3" -> 0/3
A16: =A4 -> 46174 | B16: Чистовая | C16: 8.2.6 | D16: Коммерч. помещения надзем. | I16: =COUNTA(E16:G16)&"/3" -> 0/3
A17: =A4 -> 46174 | B17: Чистовая | C17: 8.2.7 | D17: Паркинг и рампы надзем. | I17: =COUNTA(E17:G17)&"/3" -> 0/3
A18: =A4+7 -> 46181 | B18: Черновая | C18: 8.2.1 | D18: Отделка лобби/гранд-лобби | I18: =COUNTA(E18:G18)&"/3" -> 0/3
A19: =A18 -> 46181 | B19: Черновая | C19: 8.2.2 | D19: Отделка эвакуац. лестн. клетки надзем. | I19: =COUNTA(E19:G19)&"/3" -> 0/3
A20: =A18 -> 46181 | B20: Черновая | C20: 8.2.3 | D20: Лифт. холлы, тамбур-шлюзы надзем. | I20: =COUNTA(E20:G20)&"/3" -> 0/3
A21: =A18 -> 46181 | B21: Черновая | C21: 8.2.4 | D21: Технич. помещения надзем. | I21: =COUNTA(E21:G21)&"/3" -> 0/3
A22: =A18 -> 46181 | B22: Черновая | C22: 8.2.5 | D22: Прочие помещения надзем. | I22: =COUNTA(E22:G22)&"/3" -> 0/3
A23: =A18 -> 46181 | B23: Черновая | C23: 8.2.6 | D23: Коммерч. помещения надзем. | I23: =COUNTA(E23:G23)&"/3" -> 0/3
A24: =A18 -> 46181 | B24: Черновая | C24: 8.2.7 | D24: Паркинг и рампы надзем. | I24: =COUNTA(E24:G24)&"/3" -> 0/3
A25: =A18 -> 46181 | B25: Чистовая | C25: 8.2.1 | D25: Отделка лобби/гранд-лобби | I25: =COUNTA(E25:H25)&"/4" -> 0/4
A26: =A18 -> 46181 | B26: Чистовая | C26: 8.2.2 | D26: Отделка эвакуац. лестн. клетки надзем. | I26: =COUNTA(E26:G26)&"/3" -> 0/3
A27: =A18 -> 46181 | B27: Чистовая | C27: 8.2.3 | D27: Лифт. холлы, тамбур-шлюзы надзем. | I27: =COUNTA(E27:G27)&"/3" -> 0/3
A28: =A18 -> 46181 | B28: Чистовая | C28: 8.2.4 | D28: Технич. помещения надзем. | I28: =COUNTA(E28:G28)&"/3" -> 0/3
A29: =A18 -> 46181 | B29: Чистовая | C29: 8.2.5 | D29: Прочие помещения надзем. | I29: =COUNTA(E29:G29)&"/3" -> 0/3
A30: =A18 -> 46181 | B30: Чистовая | C30: 8.2.6 | D30: Коммерч. помещения надзем. | I30: =COUNTA(E30:G30)&"/3" -> 0/3
A31: =A18 -> 46181 | B31: Чистовая | C31: 8.2.7 | D31: Паркинг и рампы надзем. | I31: =COUNTA(E31:G31)&"/3" -> 0/3
A32: =A18+7 -> 46188 | B32: Черновая | C32: 8.2.1 | D32: Отделка лобби/гранд-лобби | I32: =COUNTA(E32:G32)&"/3" -> 0/3
A33: =A32 -> 46188 | B33: Черновая | C33: 8.2.2 | D33: Отделка эвакуац. лестн. клетки надзем. | I33: =COUNTA(E33:G33)&"/3" -> 0/3
A34: =A32 -> 46188 | B34: Черновая | C34: 8.2.3 | D34: Лифт. холлы, тамбур-шлюзы надзем. | I34: =COUNTA(E34:G34)&"/3" -> 0/3
A35: =A32 -> 46188 | B35: Черновая | C35: 8.2.4 | D35: Технич. помещения надзем. | I35: =COUNTA(E35:G35)&"/3" -> 0/3
A36: =A32 -> 46188 | B36: Черновая | C36: 8.2.5 | D36: Прочие помещения надзем. | I36: =COUNTA(E36:G36)&"/3" -> 0/3
A37: =A32 -> 46188 | B37: Черновая | C37: 8.2.6 | D37: Коммерч. помещения надзем. | I37: =COUNTA(E37:G37)&"/3" -> 0/3
A38: =A32 -> 46188 | B38: Черновая | C38: 8.2.7 | D38: Паркинг и рампы надзем. | I38: =COUNTA(E38:G38)&"/3" -> 0/3
A39: =A32 -> 46188 | B39: Чистовая | C39: 8.2.1 | D39: Отделка лобби/гранд-лобби | I39: =COUNTA(E39:H39)&"/4" -> 0/4
A40: =A32 -> 46188 | B40: Чистовая | C40: 8.2.2 | D40: Отделка эвакуац. лестн. клетки надзем. | I40: =COUNTA(E40:G40)&"/3" -> 0/3
A41: =A32 -> 46188 | B41: Чистовая | C41: 8.2.3 | D41: Лифт. холлы, тамбур-шлюзы надзем. | I41: =COUNTA(E41:G41)&"/3" -> 0/3
A42: =A32 -> 46188 | B42: Чистовая | C42: 8.2.4 | D42: Технич. помещения надзем. | I42: =COUNTA(E42:G42)&"/3" -> 0/3
A43: =A32 -> 46188 | B43: Чистовая | C43: 8.2.5 | D43: Прочие помещения надзем. | I43: =COUNTA(E43:G43)&"/3" -> 0/3
A44: =A32 -> 46188 | B44: Чистовая | C44: 8.2.6 | D44: Коммерч. помещения надзем. | I44: =COUNTA(E44:G44)&"/3" -> 0/3
A45: =A32 -> 46188 | B45: Чистовая | C45: 8.2.7 | D45: Паркинг и рампы надзем. | I45: =COUNTA(E45:G45)&"/3" -> 0/3
A46: =A32+7 -> 46195 | B46: Черновая | C46: 8.2.1 | D46: Отделка лобби/гранд-лобби | I46: =COUNTA(E46:G46)&"/3" -> 0/3
A47: =A46 -> 46195 | B47: Черновая | C47: 8.2.2 | D47: Отделка эвакуац. лестн. клетки надзем. | I47: =COUNTA(E47:G47)&"/3" -> 0/3
A48: =A46 -> 46195 | B48: Черновая | C48: 8.2.3 | D48: Лифт. холлы, тамбур-шлюзы надзем. | I48: =COUNTA(E48:G48)&"/3" -> 0/3
A49: =A46 -> 46195 | B49: Черновая | C49: 8.2.4 | D49: Технич. помещения надзем. | I49: =COUNTA(E49:G49)&"/3" -> 0/3
A50: =A46 -> 46195 | B50: Черновая | C50: 8.2.5 | D50: Прочие помещения надзем. | I50: =COUNTA(E50:G50)&"/3" -> 0/3
A51: =A46 -> 46195 | B51: Черновая | C51: 8.2.6 | D51: Коммерч. помещения надзем. | I51: =COUNTA(E51:G51)&"/3" -> 0/3
A52: =A46 -> 46195 | B52: Черновая | C52: 8.2.7 | D52: Паркинг и рампы надзем. | I52: =COUNTA(E52:G52)&"/3" -> 0/3
A53: =A46 -> 46195 | B53: Чистовая | C53: 8.2.1 | D53: Отделка лобби/гранд-лобби | I53: =COUNTA(E53:H53)&"/4" -> 0/4
A54: =A46 -> 46195 | B54: Чистовая | C54: 8.2.2 | D54: Отделка эвакуац. лестн. клетки надзем. | I54: =COUNTA(E54:G54)&"/3" -> 0/3
A55: =A46 -> 46195 | B55: Чистовая | C55: 8.2.3 | D55: Лифт. холлы, тамбур-шлюзы надзем. | I55: =COUNTA(E55:G55)&"/3" -> 0/3
A56: =A46 -> 46195 | B56: Чистовая | C56: 8.2.4 | D56: Технич. помещения надзем. | I56: =COUNTA(E56:G56)&"/3" -> 0/3
A57: =A46 -> 46195 | B57: Чистовая | C57: 8.2.5 | D57: Прочие помещения надзем. | I57: =COUNTA(E57:G57)&"/3" -> 0/3
A58: =A46 -> 46195 | B58: Чистовая | C58: 8.2.6 | D58: Коммерч. помещения надзем. | I58: =COUNTA(E58:G58)&"/3" -> 0/3
A59: =A46 -> 46195 | B59: Чистовая | C59: 8.2.7 | D59: Паркинг и рампы надзем. | I59: =COUNTA(E59:G59)&"/3" -> 0/3
A60: =A46+7 -> 46202 | B60: Черновая | C60: 8.2.1 | D60: Отделка лобби/гранд-лобби | I60: =COUNTA(E60:G60)&"/3" -> 0/3
A61: =A60 -> 46202 | B61: Черновая | C61: 8.2.2 | D61: Отделка эвакуац. лестн. клетки надзем. | I61: =COUNTA(E61:G61)&"/3" -> 0/3
A62: =A60 -> 46202 | B62: Черновая | C62: 8.2.3 | D62: Лифт. холлы, тамбур-шлюзы надзем. | I62: =COUNTA(E62:G62)&"/3" -> 0/3
A63: =A60 -> 46202 | B63: Черновая | C63: 8.2.4 | D63: Технич. помещения надзем. | I63: =COUNTA(E63:G63)&"/3" -> 0/3
A64: =A60 -> 46202 | B64: Черновая | C64: 8.2.5 | D64: Прочие помещения надзем. | I64: =COUNTA(E64:G64)&"/3" -> 0/3
A65: =A60 -> 46202 | B65: Черновая | C65: 8.2.6 | D65: Коммерч. помещения надзем. | I65: =COUNTA(E65:G65)&"/3" -> 0/3
A66: =A60 -> 46202 | B66: Черновая | C66: 8.2.7 | D66: Паркинг и рампы надзем. | I66: =COUNTA(E66:G66)&"/3" -> 0/3
A67: =A60 -> 46202 | B67: Чистовая | C67: 8.2.1 | D67: Отделка лобби/гранд-лобби | I67: =COUNTA(E67:H67)&"/4" -> 0/4
A68: =A60 -> 46202 | B68: Чистовая | C68: 8.2.2 | D68: Отделка эвакуац. лестн. клетки надзем. | I68: =COUNTA(E68:G68)&"/3" -> 0/3
A69: =A60 -> 46202 | B69: Чистовая | C69: 8.2.3 | D69: Лифт. холлы, тамбур-шлюзы надзем. | I69: =COUNTA(E69:G69)&"/3" -> 0/3
A70: =A60 -> 46202 | B70: Чистовая | C70: 8.2.4 | D70: Технич. помещения надзем. | I70: =COUNTA(E70:G70)&"/3" -> 0/3
A71: =A60 -> 46202 | B71: Чистовая | C71: 8.2.5 | D71: Прочие помещения надзем. | I71: =COUNTA(E71:G71)&"/3" -> 0/3
A72: =A60 -> 46202 | B72: Чистовая | C72: 8.2.6 | D72: Коммерч. помещения надзем. | I72: =COUNTA(E72:G72)&"/3" -> 0/3
A73: =A60 -> 46202 | B73: Чистовая | C73: 8.2.7 | D73: Паркинг и рампы надзем. | I73: =COUNTA(E73:G73)&"/3" -> 0/3
A74: =A60+7 -> 46209 | B74: Черновая | C74: 8.2.1 | D74: Отделка лобби/гранд-лобби | I74: =COUNTA(E74:G74)&"/3" -> 0/3
A75: =A74 -> 46209 | B75: Черновая | C75: 8.2.2 | D75: Отделка эвакуац. лестн. клетки надзем. | I75: =COUNTA(E75:G75)&"/3" -> 0/3
A76: =A74 -> 46209 | B76: Черновая | C76: 8.2.3 | D76: Лифт. холлы, тамбур-шлюзы надзем. | I76: =COUNTA(E76:G76)&"/3" -> 0/3
A77: =A74 -> 46209 | B77: Черновая | C77: 8.2.4 | D77: Технич. помещения надзем. | I77: =COUNTA(E77:G77)&"/3" -> 0/3
A78: =A74 -> 46209 | B78: Черновая | C78: 8.2.5 | D78: Прочие помещения надзем. | I78: =COUNTA(E78:G78)&"/3" -> 0/3
A79: =A74 -> 46209 | B79: Черновая | C79: 8.2.6 | D79: Коммерч. помещения надзем. | I79: =COUNTA(E79:G79)&"/3" -> 0/3
A80: =A74 -> 46209 | B80: Черновая | C80: 8.2.7 | D80: Паркинг и рампы надзем. | I80: =COUNTA(E80:G80)&"/3" -> 0/3
A81: =A74 -> 46209 | B81: Чистовая | C81: 8.2.1 | D81: Отделка лобби/гранд-лобби | I81: =COUNTA(E81:H81)&"/4" -> 0/4
A82: =A74 -> 46209 | B82: Чистовая | C82: 8.2.2 | D82: Отделка эвакуац. лестн. клетки надзем. | I82: =COUNTA(E82:G82)&"/3" -> 0/3
A83: =A74 -> 46209 | B83: Чистовая | C83: 8.2.3 | D83: Лифт. холлы, тамбур-шлюзы надзем. | I83: =COUNTA(E83:G83)&"/3" -> 0/3
A84: =A74 -> 46209 | B84: Чистовая | C84: 8.2.4 | D84: Технич. помещения надзем. | I84: =COUNTA(E84:G84)&"/3" -> 0/3
A85: =A74 -> 46209 | B85: Чистовая | C85: 8.2.5 | D85: Прочие помещения надзем. | I85: =COUNTA(E85:G85)&"/3" -> 0/3
A86: =A74 -> 46209 | B86: Чистовая | C86: 8.2.6 | D86: Коммерч. помещения надзем. | I86: =COUNTA(E86:G86)&"/3" -> 0/3
A87: =A74 -> 46209 | B87: Чистовая | C87: 8.2.7 | D87: Паркинг и рампы надзем. | I87: =COUNTA(E87:G87)&"/3" -> 0/3
A88: =A74+7 -> 46216 | B88: Черновая | C88: 8.2.1 | D88: Отделка лобби/гранд-лобби | I88: =COUNTA(E88:G88)&"/3" -> 0/3
A89: =A88 -> 46216 | B89: Черновая | C89: 8.2.2 | D89: Отделка эвакуац. лестн. клетки надзем. | I89: =COUNTA(E89:G89)&"/3" -> 0/3
A90: =A88 -> 46216 | B90: Черновая | C90: 8.2.3 | D90: Лифт. холлы, тамбур-шлюзы надзем. | I90: =COUNTA(E90:G90)&"/3" -> 0/3
A91: =A88 -> 46216 | B91: Черновая | C91: 8.2.4 | D91: Технич. помещения надзем. | I91: =COUNTA(E91:G91)&"/3" -> 0/3
A92: =A88 -> 46216 | B92: Черновая | C92: 8.2.5 | D92: Прочие помещения надзем. | I92: =COUNTA(E92:G92)&"/3" -> 0/3
A93: =A88 -> 46216 | B93: Черновая | C93: 8.2.6 | D93: Коммерч. помещения надзем. | I93: =COUNTA(E93:G93)&"/3" -> 0/3
A94: =A88 -> 46216 | B94: Черновая | C94: 8.2.7 | D94: Паркинг и рампы надзем. | I94: =COUNTA(E94:G94)&"/3" -> 0/3
A95: =A88 -> 46216 | B95: Чистовая | C95: 8.2.1 | D95: Отделка лобби/гранд-лобби | I95: =COUNTA(E95:H95)&"/4" -> 0/4
A96: =A88 -> 46216 | B96: Чистовая | C96: 8.2.2 | D96: Отделка эвакуац. лестн. клетки надзем. | I96: =COUNTA(E96:G96)&"/3" -> 0/3
A97: =A88 -> 46216 | B97: Чистовая | C97: 8.2.3 | D97: Лифт. холлы, тамбур-шлюзы надзем. | I97: =COUNTA(E97:G97)&"/3" -> 0/3
A98: =A88 -> 46216 | B98: Чистовая | C98: 8.2.4 | D98: Технич. помещения надзем. | I98: =COUNTA(E98:G98)&"/3" -> 0/3
A99: =A88 -> 46216 | B99: Чистовая | C99: 8.2.5 | D99: Прочие помещения надзем. | I99: =COUNTA(E99:G99)&"/3" -> 0/3
A100: =A88 -> 46216 | B100: Чистовая | C100: 8.2.6 | D100: Коммерч. помещения надзем. | I100: =COUNTA(E100:G100)&"/3" -> 0/3
...

Sheet ВВОД К2
A1: ВВОД ДАННЫХ — ВВОД К2
A2: Вводите м². Серые столбцы A-D не редактируйте.
A3: Дата | B3: Тип | C3: Код | D3: Категория | E3: Пол | F3: Стены | G3: Потолок | H3: Мебл. | I3: ✓
A4: =СПРАВОЧНИК!$B$35 -> 46174 | B4: Черновая | C4: 8.2.1 | D4: Отделка лобби/гранд-лобби | I4: =COUNTA(E4:G4)&"/3" -> 0/3
A5: =A4 -> 46174 | B5: Черновая | C5: 8.2.2 | D5: Отделка эвакуац. лестн. клетки надзем. | I5: =COUNTA(E5:G5)&"/3" -> 0/3
A6: =A4 -> 46174 | B6: Черновая | C6: 8.2.3 | D6: Лифт. холлы, тамбур-шлюзы надзем. | I6: =COUNTA(E6:G6)&"/3" -> 0/3
A7: =A4 -> 46174 | B7: Черновая | C7: 8.2.4 | D7: Технич. помещения надзем. | I7: =COUNTA(E7:G7)&"/3" -> 0/3
A8: =A4 -> 46174 | B8: Черновая | C8: 8.2.5 | D8: Прочие помещения надзем. | I8: =COUNTA(E8:G8)&"/3" -> 0/3
A9: =A4 -> 46174 | B9: Черновая | C9: 8.2.6 | D9: Коммерч. помещения надзем. | I9: =COUNTA(E9:G9)&"/3" -> 0/3
A10: =A4 -> 46174 | B10: Черновая | C10: 8.2.7 | D10: Паркинг и рампы надзем. | I10: =COUNTA(E10:G10)&"/3" -> 0/3
A11: =A4 -> 46174 | B11: Чистовая | C11: 8.2.1 | D11: Отделка лобби/гранд-лобби | I11: =COUNTA(E11:H11)&"/4" -> 0/4
A12: =A4 -> 46174 | B12: Чистовая | C12: 8.2.2 | D12: Отделка эвакуац. лестн. клетки надзем. | I12: =COUNTA(E12:G12)&"/3" -> 0/3
A13: =A4 -> 46174 | B13: Чистовая | C13: 8.2.3 | D13: Лифт. холлы, тамбур-шлюзы надзем. | I13: =COUNTA(E13:G13)&"/3" -> 0/3
A14: =A4 -> 46174 | B14: Чистовая | C14: 8.2.4 | D14: Технич. помещения надзем. | I14: =COUNTA(E14:G14)&"/3" -> 0/3
A15: =A4 -> 46174 | B15: Чистовая | C15: 8.2.5 | D15: Прочие помещения надзем. | I15: =COUNTA(E15:G15)&"/3" -> 0/3
A16: =A4 -> 46174 | B16: Чистовая | C16: 8.2.6 | D16: Коммерч. помещения надзем. | I16: =COUNTA(E16:G16)&"/3" -> 0/3
A17: =A4 -> 46174 | B17: Чистовая | C17: 8.2.7 | D17: Паркинг и рампы надзем. | I17: =COUNTA(E17:G17)&"/3" -> 0/3
A18: =A4+7 -> 46181 | B18: Черновая | C18: 8.2.1 | D18: Отделка лобби/гранд-лобби | I18: =COUNTA(E18:G18)&"/3" -> 0/3
A19: =A18 -> 46181 | B19: Черновая | C19: 8.2.2 | D19: Отделка эвакуац. лестн. клетки надзем. | I19: =COUNTA(E19:G19)&"/3" -> 0/3
A20: =A18 -> 46181 | B20: Черновая | C20: 8.2.3 | D20: Лифт. холлы, тамбур-шлюзы надзем. | I20: =COUNTA(E20:G20)&"/3" -> 0/3
A21: =A18 -> 46181 | B21: Черновая | C21: 8.2.4 | D21: Технич. помещения надзем. | I21: =COUNTA(E21:G21)&"/3" -> 0/3
A22: =A18 -> 46181 | B22: Черновая | C22: 8.2.5 | D22: Прочие помещения надзем. | I22: =COUNTA(E22:G22)&"/3" -> 0/3
A23: =A18 -> 46181 | B23: Черновая | C23: 8.2.6 | D23: Коммерч. помещения надзем. | I23: =COUNTA(E23:G23)&"/3" -> 0/3
A24: =A18 -> 46181 | B24: Черновая | C24: 8.2.7 | D24: Паркинг и рампы надзем. | I24: =COUNTA(E24:G24)&"/3" -> 0/3
A25: =A18 -> 46181 | B25: Чистовая | C25: 8.2.1 | D25: Отделка лобби/гранд-лобби | I25: =COUNTA(E25:H25)&"/4" -> 0/4
A26: =A18 -> 46181 | B26: Чистовая | C26: 8.2.2 | D26: Отделка эвакуац. лестн. клетки надзем. | I26: =COUNTA(E26:G26)&"/3" -> 0/3
A27: =A18 -> 46181 | B27: Чистовая | C27: 8.2.3 | D27: Лифт. холлы, тамбур-шлюзы надзем. | I27: =COUNTA(E27:G27)&"/3" -> 0/3
A28: =A18 -> 46181 | B28: Чистовая | C28: 8.2.4 | D28: Технич. помещения надзем. | I28: =COUNTA(E28:G28)&"/3" -> 0/3
A29: =A18 -> 46181 | B29: Чистовая | C29: 8.2.5 | D29: Прочие помещения надзем. | I29: =COUNTA(E29:G29)&"/3" -> 0/3
A30: =A18 -> 46181 | B30: Чистовая | C30: 8.2.6 | D30: Коммерч. помещения надзем. | I30: =COUNTA(E30:G30)&"/3" -> 0/3
A31: =A18 -> 46181 | B31: Чистовая | C31: 8.2.7 | D31: Паркинг и рампы надзем. | I31: =COUNTA(E31:G31)&"/3" -> 0/3
A32: =A18+7 -> 46188 | B32: Черновая | C32: 8.2.1 | D32: Отделка лобби/гранд-лобби | I32: =COUNTA(E32:G32)&"/3" -> 0/3
A33: =A32 -> 46188 | B33: Черновая | C33: 8.2.2 | D33: Отделка эвакуац. лестн. клетки надзем. | I33: =COUNTA(E33:G33)&"/3" -> 0/3
A34: =A32 -> 46188 | B34: Черновая | C34: 8.2.3 | D34: Лифт. холлы, тамбур-шлюзы надзем. | I34: =COUNTA(E34:G34)&"/3" -> 0/3
A35: =A32 -> 46188 | B35: Черновая | C35: 8.2.4 | D35: Технич. помещения надзем. | I35: =COUNTA(E35:G35)&"/3" -> 0/3
A36: =A32 -> 46188 | B36: Черновая | C36: 8.2.5 | D36: Прочие помещения надзем. | I36: =COUNTA(E36:G36)&"/3" -> 0/3
A37: =A32 -> 46188 | B37: Черновая | C37: 8.2.6 | D37: Коммерч. помещения надзем. | I37: =COUNTA(E37:G37)&"/3" -> 0/3
A38: =A32 -> 46188 | B38: Черновая | C38: 8.2.7 | D38: Паркинг и рампы надзем. | I38: =COUNTA(E38:G38)&"/3" -> 0/3
A39: =A32 -> 46188 | B39: Чистовая | C39: 8.2.1 | D39: Отделка лобби/гранд-лобби | I39: =COUNTA(E39:H39)&"/4" -> 0/4
A40: =A32 -> 46188 | B40: Чистовая | C40: 8.2.2 | D40: Отделка эвакуац. лестн. клетки надзем. | I40: =COUNTA(E40:G40)&"/3" -> 0/3
A41: =A32 -> 46188 | B41: Чистовая | C41: 8.2.3 | D41: Лифт. холлы, тамбур-шлюзы надзем. | I41: =COUNTA(E41:G41)&"/3" -> 0/3
A42: =A32 -> 46188 | B42: Чистовая | C42: 8.2.4 | D42: Технич. помещения надзем. | I42: =COUNTA(E42:G42)&"/3" -> 0/3
A43: =A32 -> 46188 | B43: Чистовая | C43: 8.2.5 | D43: Прочие помещения надзем. | I43: =COUNTA(E43:G43)&"/3" -> 0/3
A44: =A32 -> 46188 | B44: Чистовая | C44: 8.2.6 | D44: Коммерч. помещения надзем. | I44: =COUNTA(E44:G44)&"/3" -> 0/3
A45: =A32 -> 46188 | B45: Чистовая | C45: 8.2.7 | D45: Паркинг и рампы надзем. | I45: =COUNTA(E45:G45)&"/3" -> 0/3
A46: =A32+7 -> 46195 | B46: Черновая | C46: 8.2.1 | D46: Отделка лобби/гранд-лобби | I46: =COUNTA(E46:G46)&"/3" -> 0/3
A47: =A46 -> 46195 | B47: Черновая | C47: 8.2.2 | D47: Отделка эвакуац. лестн. клетки надзем. | I47: =COUNTA(E47:G47)&"/3" -> 0/3
A48: =A46 -> 46195 | B48: Черновая | C48: 8.2.3 | D48: Лифт. холлы, тамбур-шлюзы надзем. | I48: =COUNTA(E48:G48)&"/3" -> 0/3
A49: =A46 -> 46195 | B49: Черновая | C49: 8.2.4 | D49: Технич. помещения надзем. | I49: =COUNTA(E49:G49)&"/3" -> 0/3
A50: =A46 -> 46195 | B50: Черновая | C50: 8.2.5 | D50: Прочие помещения надзем. | I50: =COUNTA(E50:G50)&"/3" -> 0/3
A51: =A46 -> 46195 | B51: Черновая | C51: 8.2.6 | D51: Коммерч. помещения надзем. | I51: =COUNTA(E51:G51)&"/3" -> 0/3
A52: =A46 -> 46195 | B52: Черновая | C52: 8.2.7 | D52: Паркинг и рампы надзем. | I52: =COUNTA(E52:G52)&"/3" -> 0/3
A53: =A46 -> 46195 | B53: Чистовая | C53: 8.2.1 | D53: Отделка лобби/гранд-лобби | I53: =COUNTA(E53:H53)&"/4" -> 0/4
A54: =A46 -> 46195 | B54: Чистовая | C54: 8.2.2 | D54: Отделка эвакуац. лестн. клетки надзем. | I54: =COUNTA(E54:G54)&"/3" -> 0/3
A55: =A46 -> 46195 | B55: Чистовая | C55: 8.2.3 | D55: Лифт. холлы, тамбур-шлюзы надзем. | I55: =COUNTA(E55:G55)&"/3" -> 0/3
A56: =A46 -> 46195 | B56: Чистовая | C56: 8.2.4 | D56: Технич. помещения надзем. | I56: =COUNTA(E56:G56)&"/3" -> 0/3
A57: =A46 -> 46195 | B57: Чистовая | C57: 8.2.5 | D57: Прочие помещения надзем. | I57: =COUNTA(E57:G57)&"/3" -> 0/3
A58: =A46 -> 46195 | B58: Чистовая | C58: 8.2.6 | D58: Коммерч. помещения надзем. | I58: =COUNTA(E58:G58)&"/3" -> 0/3
A59: =A46 -> 46195 | B59: Чистовая | C59: 8.2.7 | D59: Паркинг и рампы надзем. | I59: =COUNTA(E59:G59)&"/3" -> 0/3
A60: =A46+7 -> 46202 | B60: Черновая | C60: 8.2.1 | D60: Отделка лобби/гранд-лобби | I60: =COUNTA(E60:G60)&"/3" -> 0/3
A61: =A60 -> 46202 | B61: Черновая | C61: 8.2.2 | D61: Отделка эвакуац. лестн. клетки надзем. | I61: =COUNTA(E61:G61)&"/3" -> 0/3
A62: =A60 -> 46202 | B62: Черновая | C62: 8.2.3 | D62: Лифт. холлы, тамбур-шлюзы надзем. | I62: =COUNTA(E62:G62)&"/3" -> 0/3
A63: =A60 -> 46202 | B63: Черновая | C63: 8.2.4 | D63: Технич. помещения надзем. | I63: =COUNTA(E63:G63)&"/3" -> 0/3
A64: =A60 -> 46202 | B64: Черновая | C64: 8.2.5 | D64: Прочие помещения надзем. | I64: =COUNTA(E64:G64)&"/3" -> 0/3
A65: =A60 -> 46202 | B65: Черновая | C65: 8.2.6 | D65: Коммерч. помещения надзем. | I65: =COUNTA(E65:G65)&"/3" -> 0/3
A66: =A60 -> 46202 | B66: Черновая | C66: 8.2.7 | D66: Паркинг и рампы надзем. | I66: =COUNTA(E66:G66)&"/3" -> 0/3
A67: =A60 -> 46202 | B67: Чистовая | C67: 8.2.1 | D67: Отделка лобби/гранд-лобби | I67: =COUNTA(E67:H67)&"/4" -> 0/4
A68: =A60 -> 46202 | B68: Чистовая | C68: 8.2.2 | D68: Отделка эвакуац. лестн. клетки надзем. | I68: =COUNTA(E68:G68)&"/3" -> 0/3
A69: =A60 -> 46202 | B69: Чистовая | C69: 8.2.3 | D69: Лифт. холлы, тамбур-шлюзы надзем. | I69: =COUNTA(E69:G69)&"/3" -> 0/3
A70: =A60 -> 46202 | B70: Чистовая | C70: 8.2.4 | D70: Технич. помещения надзем. | I70: =COUNTA(E70:G70)&"/3" -> 0/3
A71: =A60 -> 46202 | B71: Чистовая | C71: 8.2.5 | D71: Прочие помещения надзем. | I71: =COUNTA(E71:G71)&"/3" -> 0/3
A72: =A60 -> 46202 | B72: Чистовая | C72: 8.2.6 | D72: Коммерч. помещения надзем. | I72: =COUNTA(E72:G72)&"/3" -> 0/3
A73: =A60 -> 46202 | B73: Чистовая | C73: 8.2.7 | D73: Паркинг и рампы надзем. | I73: =COUNTA(E73:G73)&"/3" -> 0/3
A74: =A60+7 -> 46209 | B74: Черновая | C74: 8.2.1 | D74: Отделка лобби/гранд-лобби | I74: =COUNTA(E74:G74)&"/3" -> 0/3
A75: =A74 -> 46209 | B75: Черновая | C75: 8.2.2 | D75: Отделка эвакуац. лестн. клетки надзем. | I75: =COUNTA(E75:G75)&"/3" -> 0/3
A76: =A74 -> 46209 | B76: Черновая | C76: 8.2.3 | D76: Лифт. холлы, тамбур-шлюзы надзем. | I76: =COUNTA(E76:G76)&"/3" -> 0/3
A77: =A74 -> 46209 | B77: Черновая | C77: 8.2.4 | D77: Технич. помещения надзем. | I77: =COUNTA(E77:G77)&"/3" -> 0/3
A78: =A74 -> 46209 | B78: Черновая | C78: 8.2.5 | D78: Прочие помещения надзем. | I78: =COUNTA(E78:G78)&"/3" -> 0/3
A79: =A74 -> 46209 | B79: Черновая | C79: 8.2.6 | D79: Коммерч. помещения надзем. | I79: =COUNTA(E79:G79)&"/3" -> 0/3
A80: =A74 -> 46209 | B80: Черновая | C80: 8.2.7 | D80: Паркинг и рампы надзем. | I80: =COUNTA(E80:G80)&"/3" -> 0/3
A81: =A74 -> 46209 | B81: Чистовая | C81: 8.2.1 | D81: Отделка лобби/гранд-лобби | I81: =COUNTA(E81:H81)&"/4" -> 0/4
A82: =A74 -> 46209 | B82: Чистовая | C82: 8.2.2 | D82: Отделка эвакуац. лестн. клетки надзем. | I82: =COUNTA(E82:G82)&"/3" -> 0/3
A83: =A74 -> 46209 | B83: Чистовая | C83: 8.2.3 | D83: Лифт. холлы, тамбур-шлюзы надзем. | I83: =COUNTA(E83:G83)&"/3" -> 0/3
A84: =A74 -> 46209 | B84: Чистовая | C84: 8.2.4 | D84: Технич. помещения надзем. | I84: =COUNTA(E84:G84)&"/3" -> 0/3
A85: =A74 -> 46209 | B85: Чистовая | C85: 8.2.5 | D85: Прочие помещения надзем. | I85: =COUNTA(E85:G85)&"/3" -> 0/3
A86: =A74 -> 46209 | B86: Чистовая | C86: 8.2.6 | D86: Коммерч. помещения надзем. | I86: =COUNTA(E86:G86)&"/3" -> 0/3
A87: =A74 -> 46209 | B87: Чистовая | C87: 8.2.7 | D87: Паркинг и рампы надзем. | I87: =COUNTA(E87:G87)&"/3" -> 0/3
A88: =A74+7 -> 46216 | B88: Черновая | C88: 8.2.1 | D88: Отделка лобби/гранд-лобби | I88: =COUNTA(E88:G88)&"/3" -> 0/3
A89: =A88 -> 46216 | B89: Черновая | C89: 8.2.2 | D89: Отделка эвакуац. лестн. клетки надзем. | I89: =COUNTA(E89:G89)&"/3" -> 0/3
A90: =A88 -> 46216 | B90: Черновая | C90: 8.2.3 | D90: Лифт. холлы, тамбур-шлюзы надзем. | I90: =COUNTA(E90:G90)&"/3" -> 0/3
A91: =A88 -> 46216 | B91: Черновая | C91: 8.2.4 | D91: Технич. помещения надзем. | I91: =COUNTA(E91:G91)&"/3" -> 0/3
A92: =A88 -> 46216 | B92: Черновая | C92: 8.2.5 | D92: Прочие помещения надзем. | I92: =COUNTA(E92:G92)&"/3" -> 0/3
A93: =A88 -> 46216 | B93: Черновая | C93: 8.2.6 | D93: Коммерч. помещения надзем. | I93: =COUNTA(E93:G93)&"/3" -> 0/3
A94: =A88 -> 46216 | B94: Черновая | C94: 8.2.7 | D94: Паркинг и рампы надзем. | I94: =COUNTA(E94:G94)&"/3" -> 0/3
A95: =A88 -> 46216 | B95: Чистовая | C95: 8.2.1 | D95: Отделка лобби/гранд-лобби | I95: =COUNTA(E95:H95)&"/4" -> 0/4
A96: =A88 -> 46216 | B96: Чистовая | C96: 8.2.2 | D96: Отделка эвакуац. лестн. клетки надзем. | I96: =COUNTA(E96:G96)&"/3" -> 0/3
A97: =A88 -> 46216 | B97: Чистовая | C97: 8.2.3 | D97: Лифт. холлы, тамбур-шлюзы надзем. | I97: =COUNTA(E97:G97)&"/3" -> 0/3
A98: =A88 -> 46216 | B98: Чистовая | C98: 8.2.4 | D98: Технич. помещения надзем. | I98: =COUNTA(E98:G98)&"/3" -> 0/3
A99: =A88 -> 46216 | B99: Чистовая | C99: 8.2.5 | D99: Прочие помещения надзем. | I99: =COUNTA(E99:G99)&"/3" -> 0/3
A100: =A88 -> 46216 | B100: Чистовая | C100: 8.2.6 | D100: Коммерч. помещения надзем. | I100: =COUNTA(E100:G100)&"/3" -> 0/3
...

Sheet ВВОД К3
A1: ВВОД ДАННЫХ — ВВОД К3
A2: Вводите м². Серые столбцы A-D не редактируйте.
A3: Дата | B3: Тип | C3: Код | D3: Категория | E3: Пол | F3: Стены | G3: Потолок | H3: Мебл. | I3: ✓
A4: =СПРАВОЧНИК!$B$35 -> 46174 | B4: Черновая | C4: 8.2.1 | D4: Отделка лобби/гранд-лобби | I4: =COUNTA(E4:G4)&"/3" -> 0/3
A5: =A4 -> 46174 | B5: Черновая | C5: 8.2.2 | D5: Отделка эвакуац. лестн. клетки надзем. | I5: =COUNTA(E5:G5)&"/3" -> 0/3
A6: =A4 -> 46174 | B6: Черновая | C6: 8.2.3 | D6: Лифт. холлы, тамбур-шлюзы надзем. | I6: =COUNTA(E6:G6)&"/3" -> 0/3
A7: =A4 -> 46174 | B7: Черновая | C7: 8.2.4 | D7: Технич. помещения надзем. | I7: =COUNTA(E7:G7)&"/3" -> 0/3
A8: =A4 -> 46174 | B8: Черновая | C8: 8.2.5 | D8: Прочие помещения надзем. | I8: =COUNTA(E8:G8)&"/3" -> 0/3
A9: =A4 -> 46174 | B9: Черновая | C9: 8.2.6 | D9: Коммерч. помещения надзем. | I9: =COUNTA(E9:G9)&"/3" -> 0/3
A10: =A4 -> 46174 | B10: Черновая | C10: 8.2.7 | D10: Паркинг и рампы надзем. | I10: =COUNTA(E10:G10)&"/3" -> 0/3
A11: =A4 -> 46174 | B11: Чистовая | C11: 8.2.1 | D11: Отделка лобби/гранд-лобби | I11: =COUNTA(E11:H11)&"/4" -> 0/4
A12: =A4 -> 46174 | B12: Чистовая | C12: 8.2.2 | D12: Отделка эвакуац. лестн. клетки надзем. | I12: =COUNTA(E12:G12)&"/3" -> 0/3
A13: =A4 -> 46174 | B13: Чистовая | C13: 8.2.3 | D13: Лифт. холлы, тамбур-шлюзы надзем. | I13: =COUNTA(E13:G13)&"/3" -> 0/3
A14: =A4 -> 46174 | B14: Чистовая | C14: 8.2.4 | D14: Технич. помещения надзем. | I14: =COUNTA(E14:G14)&"/3" -> 0/3
A15: =A4 -> 46174 | B15: Чистовая | C15: 8.2.5 | D15: Прочие помещения надзем. | I15: =COUNTA(E15:G15)&"/3" -> 0/3
A16: =A4 -> 46174 | B16: Чистовая | C16: 8.2.6 | D16: Коммерч. помещения надзем. | I16: =COUNTA(E16:G16)&"/3" -> 0/3
A17: =A4 -> 46174 | B17: Чистовая | C17: 8.2.7 | D17: Паркинг и рампы надзем. | I17: =COUNTA(E17:G17)&"/3" -> 0/3
A18: =A4+7 -> 46181 | B18: Черновая | C18: 8.2.1 | D18: Отделка лобби/гранд-лобби | I18: =COUNTA(E18:G18)&"/3" -> 0/3
A19: =A18 -> 46181 | B19: Черновая | C19: 8.2.2 | D19: Отделка эвакуац. лестн. клетки надзем. | I19: =COUNTA(E19:G19)&"/3" -> 0/3
A20: =A18 -> 46181 | B20: Черновая | C20: 8.2.3 | D20: Лифт. холлы, тамбур-шлюзы надзем. | I20: =COUNTA(E20:G20)&"/3" -> 0/3
A21: =A18 -> 46181 | B21: Черновая | C21: 8.2.4 | D21: Технич. помещения надзем. | I21: =COUNTA(E21:G21)&"/3" -> 0/3
A22: =A18 -> 46181 | B22: Черновая | C22: 8.2.5 | D22: Прочие помещения надзем. | I22: =COUNTA(E22:G22)&"/3" -> 0/3
A23: =A18 -> 46181 | B23: Черновая | C23: 8.2.6 | D23: Коммерч. помещения надзем. | I23: =COUNTA(E23:G23)&"/3" -> 0/3
A24: =A18 -> 46181 | B24: Черновая | C24: 8.2.7 | D24: Паркинг и рампы надзем. | I24: =COUNTA(E24:G24)&"/3" -> 0/3
A25: =A18 -> 46181 | B25: Чистовая | C25: 8.2.1 | D25: Отделка лобби/гранд-лобби | I25: =COUNTA(E25:H25)&"/4" -> 0/4
A26: =A18 -> 46181 | B26: Чистовая | C26: 8.2.2 | D26: Отделка эвакуац. лестн. клетки надзем. | I26: =COUNTA(E26:G26)&"/3" -> 0/3
A27: =A18 -> 46181 | B27: Чистовая | C27: 8.2.3 | D27: Лифт. холлы, тамбур-шлюзы надзем. | I27: =COUNTA(E27:G27)&"/3" -> 0/3
A28: =A18 -> 46181 | B28: Чистовая | C28: 8.2.4 | D28: Технич. помещения надзем. | I28: =COUNTA(E28:G28)&"/3" -> 0/3
A29: =A18 -> 46181 | B29: Чистовая | C29: 8.2.5 | D29: Прочие помещения надзем. | I29: =COUNTA(E29:G29)&"/3" -> 0/3
A30: =A18 -> 46181 | B30: Чистовая | C30: 8.2.6 | D30: Коммерч. помещения надзем. | I30: =COUNTA(E30:G30)&"/3" -> 0/3
A31: =A18 -> 46181 | B31: Чистовая | C31: 8.2.7 | D31: Паркинг и рампы надзем. | I31: =COUNTA(E31:G31)&"/3" -> 0/3
A32: =A18+7 -> 46188 | B32: Черновая | C32: 8.2.1 | D32: Отделка лобби/гранд-лобби | I32: =COUNTA(E32:G32)&"/3" -> 0/3
A33: =A32 -> 46188 | B33: Черновая | C33: 8.2.2 | D33: Отделка эвакуац. лестн. клетки надзем. | I33: =COUNTA(E33:G33)&"/3" -> 0/3
A34: =A32 -> 46188 | B34: Черновая | C34: 8.2.3 | D34: Лифт. холлы, тамбур-шлюзы надзем. | I34: =COUNTA(E34:G34)&"/3" -> 0/3
A35: =A32 -> 46188 | B35: Черновая | C35: 8.2.4 | D35: Технич. помещения надзем. | I35: =COUNTA(E35:G35)&"/3" -> 0/3
A36: =A32 -> 46188 | B36: Черновая | C36: 8.2.5 | D36: Прочие помещения надзем. | I36: =COUNTA(E36:G36)&"/3" -> 0/3
A37: =A32 -> 46188 | B37: Черновая | C37: 8.2.6 | D37: Коммерч. помещения надзем. | I37: =COUNTA(E37:G37)&"/3" -> 0/3
A38: =A32 -> 46188 | B38: Черновая | C38: 8.2.7 | D38: Паркинг и рампы надзем. | I38: =COUNTA(E38:G38)&"/3" -> 0/3
A39: =A32 -> 46188 | B39: Чистовая | C39: 8.2.1 | D39: Отделка лобби/гранд-лобби | I39: =COUNTA(E39:H39)&"/4" -> 0/4
A40: =A32 -> 46188 | B40: Чистовая | C40: 8.2.2 | D40: Отделка эвакуац. лестн. клетки надзем. | I40: =COUNTA(E40:G40)&"/3" -> 0/3
A41: =A32 -> 46188 | B41: Чистовая | C41: 8.2.3 | D41: Лифт. холлы, тамбур-шлюзы надзем. | I41: =COUNTA(E41:G41)&"/3" -> 0/3
A42: =A32 -> 46188 | B42: Чистовая | C42: 8.2.4 | D42: Технич. помещения надзем. | I42: =COUNTA(E42:G42)&"/3" -> 0/3
A43: =A32 -> 46188 | B43: Чистовая | C43: 8.2.5 | D43: Прочие помещения надзем. | I43: =COUNTA(E43:G43)&"/3" -> 0/3
A44: =A32 -> 46188 | B44: Чистовая | C44: 8.2.6 | D44: Коммерч. помещения надзем. | I44: =COUNTA(E44:G44)&"/3" -> 0/3
A45: =A32 -> 46188 | B45: Чистовая | C45: 8.2.7 | D45: Паркинг и рампы надзем. | I45: =COUNTA(E45:G45)&"/3" -> 0/3
A46: =A32+7 -> 46195 | B46: Черновая | C46: 8.2.1 | D46: Отделка лобби/гранд-лобби | I46: =COUNTA(E46:G46)&"/3" -> 0/3
A47: =A46 -> 46195 | B47: Черновая | C47: 8.2.2 | D47: Отделка эвакуац. лестн. клетки надзем. | I47: =COUNTA(E47:G47)&"/3" -> 0/3
A48: =A46 -> 46195 | B48: Черновая | C48: 8.2.3 | D48: Лифт. холлы, тамбур-шлюзы надзем. | I48: =COUNTA(E48:G48)&"/3" -> 0/3
A49: =A46 -> 46195 | B49: Черновая | C49: 8.2.4 | D49: Технич. помещения надзем. | I49: =COUNTA(E49:G49)&"/3" -> 0/3
A50: =A46 -> 46195 | B50: Черновая | C50: 8.2.5 | D50: Прочие помещения надзем. | I50: =COUNTA(E50:G50)&"/3" -> 0/3
A51: =A46 -> 46195 | B51: Черновая | C51: 8.2.6 | D51: Коммерч. помещения надзем. | I51: =COUNTA(E51:G51)&"/3" -> 0/3
A52: =A46 -> 46195 | B52: Черновая | C52: 8.2.7 | D52: Паркинг и рампы надзем. | I52: =COUNTA(E52:G52)&"/3" -> 0/3
A53: =A46 -> 46195 | B53: Чистовая | C53: 8.2.1 | D53: Отделка лобби/гранд-лобби | I53: =COUNTA(E53:H53)&"/4" -> 0/4
A54: =A46 -> 46195 | B54: Чистовая | C54: 8.2.2 | D54: Отделка эвакуац. лестн. клетки надзем. | I54: =COUNTA(E54:G54)&"/3" -> 0/3
A55: =A46 -> 46195 | B55: Чистовая | C55: 8.2.3 | D55: Лифт. холлы, тамбур-шлюзы надзем. | I55: =COUNTA(E55:G55)&"/3" -> 0/3
A56: =A46 -> 46195 | B56: Чистовая | C56: 8.2.4 | D56: Технич. помещения надзем. | I56: =COUNTA(E56:G56)&"/3" -> 0/3
A57: =A46 -> 46195 | B57: Чистовая | C57: 8.2.5 | D57: Прочие помещения надзем. | I57: =COUNTA(E57:G57)&"/3" -> 0/3
A58: =A46 -> 46195 | B58: Чистовая | C58: 8.2.6 | D58: Коммерч. помещения надзем. | I58: =COUNTA(E58:G58)&"/3" -> 0/3
A59: =A46 -> 46195 | B59: Чистовая | C59: 8.2.7 | D59: Паркинг и рампы надзем. | I59: =COUNTA(E59:G59)&"/3" -> 0/3
A60: =A46+7 -> 46202 | B60: Черновая | C60: 8.2.1 | D60: Отделка лобби/гранд-лобби | I60: =COUNTA(E60:G60)&"/3" -> 0/3
A61: =A60 -> 46202 | B61: Черновая | C61: 8.2.2 | D61: Отделка эвакуац. лестн. клетки надзем. | I61: =COUNTA(E61:G61)&"/3" -> 0/3
A62: =A60 -> 46202 | B62: Черновая | C62: 8.2.3 | D62: Лифт. холлы, тамбур-шлюзы надзем. | I62: =COUNTA(E62:G62)&"/3" -> 0/3
A63: =A60 -> 46202 | B63: Черновая | C63: 8.2.4 | D63: Технич. помещения надзем. | I63: =COUNTA(E63:G63)&"/3" -> 0/3
A64: =A60 -> 46202 | B64: Черновая | C64: 8.2.5 | D64: Прочие помещения надзем. | I64: =COUNTA(E64:G64)&"/3" -> 0/3
A65: =A60 -> 46202 | B65: Черновая | C65: 8.2.6 | D65: Коммерч. помещения надзем. | I65: =COUNTA(E65:G65)&"/3" -> 0/3
A66: =A60 -> 46202 | B66: Черновая | C66: 8.2.7 | D66: Паркинг и рампы надзем. | I66: =COUNTA(E66:G66)&"/3" -> 0/3
A67: =A60 -> 46202 | B67: Чистовая | C67: 8.2.1 | D67: Отделка лобби/гранд-лобби | I67: =COUNTA(E67:H67)&"/4" -> 0/4
A68: =A60 -> 46202 | B68: Чистовая | C68: 8.2.2 | D68: Отделка эвакуац. лестн. клетки надзем. | I68: =COUNTA(E68:G68)&"/3" -> 0/3
A69: =A60 -> 46202 | B69: Чистовая | C69: 8.2.3 | D69: Лифт. холлы, тамбур-шлюзы надзем. | I69: =COUNTA(E69:G69)&"/3" -> 0/3
A70: =A60 -> 46202 | B70: Чистовая | C70: 8.2.4 | D70: Технич. помещения надзем. | I70: =COUNTA(E70:G70)&"/3" -> 0/3
A71: =A60 -> 46202 | B71: Чистовая | C71: 8.2.5 | D71: Прочие помещения надзем. | I71: =COUNTA(E71:G71)&"/3" -> 0/3
A72: =A60 -> 46202 | B72: Чистовая | C72: 8.2.6 | D72: Коммерч. помещения надзем. | I72: =COUNTA(E72:G72)&"/3" -> 0/3
A73: =A60 -> 46202 | B73: Чистовая | C73: 8.2.7 | D73: Паркинг и рампы надзем. | I73: =COUNTA(E73:G73)&"/3" -> 0/3
A74: =A60+7 -> 46209 | B74: Черновая | C74: 8.2.1 | D74: Отделка лобби/гранд-лобби | I74: =COUNTA(E74:G74)&"/3" -> 0/3
A75: =A74 -> 46209 | B75: Черновая | C75: 8.2.2 | D75: Отделка эвакуац. лестн. клетки надзем. | I75: =COUNTA(E75:G75)&"/3" -> 0/3
A76: =A74 -> 46209 | B76: Черновая | C76: 8.2.3 | D76: Лифт. холлы, тамбур-шлюзы надзем. | I76: =COUNTA(E76:G76)&"/3" -> 0/3
A77: =A74 -> 46209 | B77: Черновая | C77: 8.2.4 | D77: Технич. помещения надзем. | I77: =COUNTA(E77:G77)&"/3" -> 0/3
A78: =A74 -> 46209 | B78: Черновая | C78: 8.2.5 | D78: Прочие помещения надзем. | I78: =COUNTA(E78:G78)&"/3" -> 0/3
A79: =A74 -> 46209 | B79: Черновая | C79: 8.2.6 | D79: Коммерч. помещения надзем. | I79: =COUNTA(E79:G79)&"/3" -> 0/3
A80: =A74 -> 46209 | B80: Черновая | C80: 8.2.7 | D80: Паркинг и рампы надзем. | I80: =COUNTA(E80:G80)&"/3" -> 0/3
A81: =A74 -> 46209 | B81: Чистовая | C81: 8.2.1 | D81: Отделка лобби/гранд-лобби | I81: =COUNTA(E81:H81)&"/4" -> 0/4
A82: =A74 -> 46209 | B82: Чистовая | C82: 8.2.2 | D82: Отделка эвакуац. лестн. клетки надзем. | I82: =COUNTA(E82:G82)&"/3" -> 0/3
A83: =A74 -> 46209 | B83: Чистовая | C83: 8.2.3 | D83: Лифт. холлы, тамбур-шлюзы надзем. | I83: =COUNTA(E83:G83)&"/3" -> 0/3
A84: =A74 -> 46209 | B84: Чистовая | C84: 8.2.4 | D84: Технич. помещения надзем. | I84: =COUNTA(E84:G84)&"/3" -> 0/3
A85: =A74 -> 46209 | B85: Чистовая | C85: 8.2.5 | D85: Прочие помещения надзем. | I85: =COUNTA(E85:G85)&"/3" -> 0/3
A86: =A74 -> 46209 | B86: Чистовая | C86: 8.2.6 | D86: Коммерч. помещения надзем. | I86: =COUNTA(E86:G86)&"/3" -> 0/3
A87: =A74 -> 46209 | B87: Чистовая | C87: 8.2.7 | D87: Паркинг и рампы надзем. | I87: =COUNTA(E87:G87)&"/3" -> 0/3
A88: =A74+7 -> 46216 | B88: Черновая | C88: 8.2.1 | D88: Отделка лобби/гранд-лобби | I88: =COUNTA(E88:G88)&"/3" -> 0/3
A89: =A88 -> 46216 | B89: Черновая | C89: 8.2.2 | D89: Отделка эвакуац. лестн. клетки надзем. | I89: =COUNTA(E89:G89)&"/3" -> 0/3
A90: =A88 -> 46216 | B90: Черновая | C90: 8.2.3 | D90: Лифт. холлы, тамбур-шлюзы надзем. | I90: =COUNTA(E90:G90)&"/3" -> 0/3
A91: =A88 -> 46216 | B91: Черновая | C91: 8.2.4 | D91: Технич. помещения надзем. | I91: =COUNTA(E91:G91)&"/3" -> 0/3
A92: =A88 -> 46216 | B92: Черновая | C92: 8.2.5 | D92: Прочие помещения надзем. | I92: =COUNTA(E92:G92)&"/3" -> 0/3
A93: =A88 -> 46216 | B93: Черновая | C93: 8.2.6 | D93: Коммерч. помещения надзем. | I93: =COUNTA(E93:G93)&"/3" -> 0/3
A94: =A88 -> 46216 | B94: Черновая | C94: 8.2.7 | D94: Паркинг и рампы надзем. | I94: =COUNTA(E94:G94)&"/3" -> 0/3
A95: =A88 -> 46216 | B95: Чистовая | C95: 8.2.1 | D95: Отделка лобби/гранд-лобби | I95: =COUNTA(E95:H95)&"/4" -> 0/4
A96: =A88 -> 46216 | B96: Чистовая | C96: 8.2.2 | D96: Отделка эвакуац. лестн. клетки надзем. | I96: =COUNTA(E96:G96)&"/3" -> 0/3
A97: =A88 -> 46216 | B97: Чистовая | C97: 8.2.3 | D97: Лифт. холлы, тамбур-шлюзы надзем. | I97: =COUNTA(E97:G97)&"/3" -> 0/3
A98: =A88 -> 46216 | B98: Чистовая | C98: 8.2.4 | D98: Технич. помещения надзем. | I98: =COUNTA(E98:G98)&"/3" -> 0/3
A99: =A88 -> 46216 | B99: Чистовая | C99: 8.2.5 | D99: Прочие помещения надзем. | I99: =COUNTA(E99:G99)&"/3" -> 0/3
A100: =A88 -> 46216 | B100: Чистовая | C100: 8.2.6 | D100: Коммерч. помещения надзем. | I100: =COUNTA(E100:G100)&"/3" -> 0/3
...

Sheet ПЛАН ЧЕРН ПОДЗЕМ
A1: ПЛАН ЧЕРН ПОДЗЕМ | U1: Итого подзем.
A2: Дата | B2: Подземная часть
B3: 8.1.1 Отделка паркинг и рампы | E3: 8.1.2 Отделка эвакуац. лестн. клетки подзем. | H3: 8.1.3 Лифт. холлы, тамбур-шлюзы подзем. | K3: 8.1.4 Технич. помещения подзем. | N3: 8.1.5 Прочие помещения подзем. | Q3: 8.1.6 Коммерч. помещения подзем. | U3: Пол | V3: Стены | W3: Потолок
B4: Пол | C4: Стены | D4: Потолок | E4: Пол | F4: Стены | G4: Потолок | H4: Пол | I4: Стены | J4: Потолок | K4: Пол | L4: Стены | M4: Потолок | N4: Пол | O4: Стены | P4: Потолок | Q4: Пол | R4: Стены | S4: Потолок
A5: =СПРАВОЧНИК!$B$35 -> 46174 | U5: =B5+E5+H5+K5+N5+Q5 -> 0 | V5: =C5+F5+I5+L5+O5+R5 -> 0 | W5: =D5+G5+J5+M5+P5+S5 -> 0
A6: =A5+7 -> 46181 | U6: =B6+E6+H6+K6+N6+Q6 -> 0 | V6: =C6+F6+I6+L6+O6+R6 -> 0 | W6: =D6+G6+J6+M6+P6+S6 -> 0
A7: =A6+7 -> 46188 | U7: =B7+E7+H7+K7+N7+Q7 -> 0 | V7: =C7+F7+I7+L7+O7+R7 -> 0 | W7: =D7+G7+J7+M7+P7+S7 -> 0
A8: =A7+7 -> 46195 | U8: =B8+E8+H8+K8+N8+Q8 -> 0 | V8: =C8+F8+I8+L8+O8+R8 -> 0 | W8: =D8+G8+J8+M8+P8+S8 -> 0
A9: =A8+7 -> 46202 | U9: =B9+E9+H9+K9+N9+Q9 -> 0 | V9: =C9+F9+I9+L9+O9+R9 -> 0 | W9: =D9+G9+J9+M9+P9+S9 -> 0
A10: =A9+7 -> 46209 | U10: =B10+E10+H10+K10+N10+Q10 -> 0 | V10: =C10+F10+I10+L10+O10+R10 -> 0 | W10: =D10+G10+J10+M10+P10+S10 -> 0
A11: =A10+7 -> 46216 | U11: =B11+E11+H11+K11+N11+Q11 -> 0 | V11: =C11+F11+I11+L11+O11+R11 -> 0 | W11: =D11+G11+J11+M11+P11+S11 -> 0
A12: =A11+7 -> 46223 | U12: =B12+E12+H12+K12+N12+Q12 -> 0 | V12: =C12+F12+I12+L12+O12+R12 -> 0 | W12: =D12+G12+J12+M12+P12+S12 -> 0
A13: =A12+7 -> 46230 | U13: =B13+E13+H13+K13+N13+Q13 -> 0 | V13: =C13+F13+I13+L13+O13+R13 -> 0 | W13: =D13+G13+J13+M13+P13+S13 -> 0
A14: =A13+7 -> 46237 | U14: =B14+E14+H14+K14+N14+Q14 -> 0 | V14: =C14+F14+I14+L14+O14+R14 -> 0 | W14: =D14+G14+J14+M14+P14+S14 -> 0
A15: =A14+7 -> 46244 | U15: =B15+E15+H15+K15+N15+Q15 -> 0 | V15: =C15+F15+I15+L15+O15+R15 -> 0 | W15: =D15+G15+J15+M15+P15+S15 -> 0
A16: =A15+7 -> 46251 | U16: =B16+E16+H16+K16+N16+Q16 -> 0 | V16: =C16+F16+I16+L16+O16+R16 -> 0 | W16: =D16+G16+J16+M16+P16+S16 -> 0
A17: =A16+7 -> 46258 | U17: =B17+E17+H17+K17+N17+Q17 -> 0 | V17: =C17+F17+I17+L17+O17+R17 -> 0 | W17: =D17+G17+J17+M17+P17+S17 -> 0
... A52: =A51+7 -> 46503 | U52: =B52+E52+H52+K52+N52+Q52 -> 0 | V52: =C52+F52+I52+L52+O52+R52 -> 0 | W52: =D52+G52+J52+M52+P52+S52 -> 0

Sheet ПЛАН ЧИСТ ПОДЗЕМ
A1: ПЛАН ЧИСТ ПОДЗЕМ | U1: Итого подзем.
A2: Дата | B2: Подземная часть
B3: 8.1.1 Отделка паркинг и рампы | E3: 8.1.2 Отделка эвакуац. лестн. клетки подзем. | H3: 8.1.3 Лифт. холлы, тамбур-шлюзы подзем. | K3: 8.1.4 Технич. помещения подзем. | N3: 8.1.5 Прочие помещения подзем. | Q3: 8.1.6 Коммерч. помещения подзем. | U3: Пол | V3: Стены | W3: Потолок
B4: Пол | C4: Стены | D4: Потолок | E4: Пол | F4: Стены | G4: Потолок | H4: Пол | I4: Стены | J4: Потолок | K4: Пол | L4: Стены | M4: Потолок | N4: Пол | O4: Стены | P4: Потолок | Q4: Пол | R4: Стены | S4: Потолок
A5: =СПРАВОЧНИК!$B$35 -> 46174 | U5: =B5+E5+H5+K5+N5+Q5 -> 0 | V5: =C5+F5+I5+L5+O5+R5 -> 0 | W5: =D5+G5+J5+M5+P5+S5 -> 0
A6: =A5+7 -> 46181 | U6: =B6+E6+H6+K6+N6+Q6 -> 0 | V6: =C6+F6+I6+L6+O6+R6 -> 0 | W6: =D6+G6+J6+M6+P6+S6 -> 0
A7: =A6+7 -> 46188 | U7: =B7+E7+H7+K7+N7+Q7 -> 0 | V7: =C7+F7+I7+L7+O7+R7 -> 0 | W7: =D7+G7+J7+M7+P7+S7 -> 0
A8: =A7+7 -> 46195 | U8: =B8+E8+H8+K8+N8+Q8 -> 0 | V8: =C8+F8+I8+L8+O8+R8 -> 0 | W8: =D8+G8+J8+M8+P8+S8 -> 0
A9: =A8+7 -> 46202 | U9: =B9+E9+H9+K9+N9+Q9 -> 0 | V9: =C9+F9+I9+L9+O9+R9 -> 0 | W9: =D9+G9+J9+M9+P9+S9 -> 0
A10: =A9+7 -> 46209 | U10: =B10+E10+H10+K10+N10+Q10 -> 0 | V10: =C10+F10+I10+L10+O10+R10 -> 0 | W10: =D10+G10+J10+M10+P10+S10 -> 0
A11: =A10+7 -> 46216 | U11: =B11+E11+H11+K11+N11+Q11 -> 0 | V11: =C11+F11+I11+L11+O11+R11 -> 0 | W11: =D11+G11+J11+M11+P11+S11 -> 0
A12: =A11+7 -> 46223 | U12: =B12+E12+H12+K12+N12+Q12 -> 0 | V12: =C12+F12+I12+L12+O12+R12 -> 0 | W12: =D12+G12+J12+M12+P12+S12 -> 0
A13: =A12+7 -> 46230 | U13: =B13+E13+H13+K13+N13+Q13 -> 0 | V13: =C13+F13+I13+L13+O13+R13 -> 0 | W13: =D13+G13+J13+M13+P13+S13 -> 0
A14: =A13+7 -> 46237 | U14: =B14+E14+H14+K14+N14+Q14 -> 0 | V14: =C14+F14+I14+L14+O14+R14 -> 0 | W14: =D14+G14+J14+M14+P14+S14 -> 0
A15: =A14+7 -> 46244 | U15: =B15+E15+H15+K15+N15+Q15 -> 0 | V15: =C15+F15+I15+L15+O15+R15 -> 0 | W15: =D15+G15+J15+M15+P15+S15 -> 0
A16: =A15+7 -> 46251 | U16: =B16+E16+H16+K16+N16+Q16 -> 0 | V16: =C16+F16+I16+L16+O16+R16 -> 0 | W16: =D16+G16+J16+M16+P16+S16 -> 0
A17: =A16+7 -> 46258 | U17: =B17+E17+H17+K17+N17+Q17 -> 0 | V17: =C17+F17+I17+L17+O17+R17 -> 0 | W17: =D17+G17+J17+M17+P17+S17 -> 0
... A52: =A51+7 -> 46503 | U52: =B52+E52+H52+K52+N52+Q52 -> 0 | V52: =C52+F52+I52+L52+O52+R52 -> 0 | W52: =D52+G52+J52+M52+P52+S52 -> 0

Sheet ПЛАН ЧЕРН К1
A1: ПЛАН ЧЕРН К1 | X1: Итого К1
A2: Дата | B2: Надземная часть
B3: 8.2.1 Отделка лобби/гранд-лобби | E3: 8.2.2 Отделка эвакуац. лестн. клетки надзем. | H3: 8.2.3 Лифт. холлы, тамбур-шлюзы надзем. | K3: 8.2.4 Технич. помещения надзем. | N3: 8.2.5 Прочие помещения надзем. | Q3: 8.2.6 Коммерч. помещения надзем. | T3: 8.2.7 Паркинг и рампы надзем. | X3: Пол | Y3: Стены | Z3: Потолок
B4: Пол | C4: Стены | D4: Потолок | E4: Пол | F4: Стены | G4: Потолок | H4: Пол | I4: Стены | J4: Потолок | K4: Пол | L4: Стены | M4: Потолок | N4: Пол | O4: Стены | P4: Потолок | Q4: Пол | R4: Стены | S4: Потолок | T4: Пол | U4: Стены | V4: Потолок
A5: =СПРАВОЧНИК!$B$35 -> 46174 | X5: =B5+E5+H5+K5+N5+Q5+T5 -> 0 | Y5: =C5+F5+I5+L5+O5+R5+U5 -> 0 | Z5: =D5+G5+J5+M5+P5+S5+V5 -> 0
A6: =A5+7 -> 46181 | X6: =B6+E6+H6+K6+N6+Q6+T6 -> 0 | Y6: =C6+F6+I6+L6+O6+R6+U6 -> 0 | Z6: =D6+G6+J6+M6+P6+S6+V6 -> 0
A7: =A6+7 -> 46188 | X7: =B7+E7+H7+K7+N7+Q7+T7 -> 0 | Y7: =C7+F7+I7+L7+O7+R7+U7 -> 0 | Z7: =D7+G7+J7+M7+P7+S7+V7 -> 0
A8: =A7+7 -> 46195 | X8: =B8+E8+H8+K8+N8+Q8+T8 -> 0 | Y8: =C8+F8+I8+L8+O8+R8+U8 -> 0 | Z8: =D8+G8+J8+M8+P8+S8+V8 -> 0
A9: =A8+7 -> 46202 | X9: =B9+E9+H9+K9+N9+Q9+T9 -> 0 | Y9: =C9+F9+I9+L9+O9+R9+U9 -> 0 | Z9: =D9+G9+J9+M9+P9+S9+V9 -> 0
A10: =A9+7 -> 46209 | X10: =B10+E10+H10+K10+N10+Q10+T10 -> 0 | Y10: =C10+F10+I10+L10+O10+R10+U10 -> 0 | Z10: =D10+G10+J10+M10+P10+S10+V10 -> 0
A11: =A10+7 -> 46216 | X11: =B11+E11+H11+K11+N11+Q11+T11 -> 0 | Y11: =C11+F11+I11+L11+O11+R11+U11 -> 0 | Z11: =D11+G11+J11+M11+P11+S11+V11 -> 0
A12: =A11+7 -> 46223 | X12: =B12+E12+H12+K12+N12+Q12+T12 -> 0 | Y12: =C12+F12+I12+L12+O12+R12+U12 -> 0 | Z12: =D12+G12+J12+M12+P12+S12+V12 -> 0
A13: =A12+7 -> 46230 | X13: =B13+E13+H13+K13+N13+Q13+T13 -> 0 | Y13: =C13+F13+I13+L13+O13+R13+U13 -> 0 | Z13: =D13+G13+J13+M13+P13+S13+V13 -> 0
A14: =A13+7 -> 46237 | X14: =B14+E14+H14+K14+N14+Q14+T14 -> 0 | Y14: =C14+F14+I14+L14+O14+R14+U14 -> 0 | Z14: =D14+G14+J14+M14+P14+S14+V14 -> 0
A15: =A14+7 -> 46244 | X15: =B15+E15+H15+K15+N15+Q15+T15 -> 0 | Y15: =C15+F15+I15+L15+O15+R15+U15 -> 0 | Z15: =D15+G15+J15+M15+P15+S15+V15 -> 0
A16: =A15+7 -> 46251 | X16: =B16+E16+H16+K16+N16+Q16+T16 -> 0 | Y16: =C16+F16+I16+L16+O16+R16+U16 -> 0 | Z16: =D16+G16+J16+M16+P16+S16+V16 -> 0
A17: =A16+7 -> 46258 | X17: =B17+E17+H17+K17+N17+Q17+T17 -> 0 | Y17: =C17+F17+I17+L17+O17+R17+U17 -> 0 | Z17: =D17+G17+J17+M17+P17+S17+V17 -> 0
... A52: =A51+7 -> 46503 | X52: =B52+E52+H52+K52+N52+Q52+T52 -> 0 | Y52: =C52+F52+I52+L52+O52+R52+U52 -> 0 | Z52: =D52+G52+J52+M52+P52+S52+V52 -> 0

Sheet ПЛАН ЧИСТ К1
A1: ПЛАН ЧИСТ К1 | Y1: Итого К1
A2: Дата | B2: Надземная часть
B3: 8.2.1 Отделка лобби/гранд-лобби | F3: 8.2.2 Отделка эвакуац. лестн. клетки надзем. | I3: 8.2.3 Лифт. холлы, тамбур-шлюзы надзем. | L3: 8.2.4 Технич. помещения надзем. | O3: 8.2.5 Прочие помещения надзем. | R3: 8.2.6 Коммерч. помещения надзем. | U3: 8.2.7 Паркинг и рампы надзем. | Y3: Пол | Z3: Стены | AA3: Потолок
B4: Пол | C4: Стены | D4: Потолок | E4: Мебл. | F4: Пол | G4: Стены | H4: Потолок | I4: Пол | J4: Стены | K4: Потолок | L4: Пол | M4: Стены | N4: Потолок | O4: Пол | P4: Стены | Q4: Потолок | R4: Пол | S4: Стены | T4: Потолок | U4: Пол | V4: Стены | W4: Потолок
A5: =СПРАВОЧНИК!$B$35 -> 46174 | Y5: =B5+F5+I5+L5+O5+R5+U5 -> 0 | Z5: =C5+G5+J5+M5+P5+S5+V5 -> 0 | AA5: =D5+H5+K5+N5+Q5+T5+W5 -> 0
A6: =A5+7 -> 46181 | Y6: =B6+F6+I6+L6+O6+R6+U6 -> 0 | Z6: =C6+G6+J6+M6+P6+S6+V6 -> 0 | AA6: =D6+H6+K6+N6+Q6+T6+W6 -> 0
A7: =A6+7 -> 46188 | Y7: =B7+F7+I7+L7+O7+R7+U7 -> 0 | Z7: =C7+G7+J7+M7+P7+S7+V7 -> 0 | AA7: =D7+H7+K7+N7+Q7+T7+W7 -> 0
A8: =A7+7 -> 46195 | Y8: =B8+F8+I8+L8+O8+R8+U8 -> 0 | Z8: =C8+G8+J8+M8+P8+S8+V8 -> 0 | AA8: =D8+H8+K8+N8+Q8+T8+W8 -> 0
A9: =A8+7 -> 46202 | Y9: =B9+F9+I9+L9+O9+R9+U9 -> 0 | Z9: =C9+G9+J9+M9+P9+S9+V9 -> 0 | AA9: =D9+H9+K9+N9+Q9+T9+W9 -> 0
A10: =A9+7 -> 46209 | Y10: =B10+F10+I10+L10+O10+R10+U10 -> 0 | Z10: =C10+G10+J10+M10+P10+S10+V10 -> 0 | AA10: =D10+H10+K10+N10+Q10+T10+W10 -> 0
A11: =A10+7 -> 46216 | Y11: =B11+F11+I11+L11+O11+R11+U11 -> 0 | Z11: =C11+G11+J11+M11+P11+S11+V11 -> 0 | AA11: =D11+H11+K11+N11+Q11+T11+W11 -> 0
A12: =A11+7 -> 46223 | Y12: =B12+F12+I12+L12+O12+R12+U12 -> 0 | Z12: =C12+G12+J12+M12+P12+S12+V12 -> 0 | AA12: =D12+H12+K12+N12+Q12+T12+W12 -> 0
A13: =A12+7 -> 46230 | Y13: =B13+F13+I13+L13+O13+R13+U13 -> 0 | Z13: =C13+G13+J13+M13+P13+S13+V13 -> 0 | AA13: =D13+H13+K13+N13+Q13+T13+W13 -> 0
A14: =A13+7 -> 46237 | Y14: =B14+F14+I14+L14+O14+R14+U14 -> 0 | Z14: =C14+G14+J14+M14+P14+S14+V14 -> 0 | AA14: =D14+H14+K14+N14+Q14+T14+W14 -> 0
A15: =A14+7 -> 46244 | Y15: =B15+F15+I15+L15+O15+R15+U15 -> 0 | Z15: =C15+G15+J15+M15+P15+S15+V15 -> 0 | AA15: =D15+H15+K15+N15+Q15+T15+W15 -> 0
A16: =A15+7 -> 46251 | Y16: =B16+F16+I16+L16+O16+R16+U16 -> 0 | Z16: =C16+G16+J16+M16+P16+S16+V16 -> 0 | AA16: =D16+H16+K16+N16+Q16+T16+W16 -> 0
A17: =A16+7 -> 46258 | Y17: =B17+F17+I17+L17+O17+R17+U17 -> 0 | Z17: =C17+G17+J17+M17+P17+S17+V17 -> 0 | AA17: =D17+H17+K17+N17+Q17+T17+W17 -> 0
... A52: =A51+7 -> 46503 | Y52: =B52+F52+I52+L52+O52+R52+U52 -> 0 | Z52: =C52+G52+J52+M52+P52+S52+V52 -> 0 | AA52: =D52+H52+K52+N52+Q52+T52+W52 -> 0

Sheet ПЛАН ЧЕРН К2
A1: ПЛАН ЧЕРН К2 | X1: Итого К2
A2: Дата | B2: Надземная часть
B3: 8.2.1 Отделка лобби/гранд-лобби | E3: 8.2.2 Отделка эвакуац. лестн. клетки надзем. | H3: 8.2.3 Лифт. холлы, тамбур-шлюзы надзем. | K3: 8.2.4 Технич. помещения надзем. | N3: 8.2.5 Прочие помещения надзем. | Q3: 8.2.6 Коммерч. помещения надзем. | T3: 8.2.7 Паркинг и рампы надзем. | X3: Пол | Y3: Стены | Z3: Потолок
B4: Пол | C4: Стены | D4: Потолок | E4: Пол | F4: Стены | G4: Потолок | H4: Пол | I4: Стены | J4: Потолок | K4: Пол | L4: Стены | M4: Потолок | N4: Пол | O4: Стены | P4: Потолок | Q4: Пол | R4: Стены | S4: Потолок | T4: Пол | U4: Стены | V4: Потолок
A5: =СПРАВОЧНИК!$B$35 -> 46174 | X5: =B5+E5+H5+K5+N5+Q5+T5 -> 0 | Y5: =C5+F5+I5+L5+O5+R5+U5 -> 0 | Z5: =D5+G5+J5+M5+P5+S5+V5 -> 0
A6: =A5+7 -> 46181 | X6: =B6+E6+H6+K6+N6+Q6+T6 -> 0 | Y6: =C6+F6+I6+L6+O6+R6+U6 -> 0 | Z6: =D6+G6+J6+M6+P6+S6+V6 -> 0
A7: =A6+7 -> 46188 | X7: =B7+E7+H7+K7+N7+Q7+T7 -> 0 | Y7: =C7+F7+I7+L7+O7+R7+U7 -> 0 | Z7: =D7+G7+J7+M7+P7+S7+V7 -> 0
A8: =A7+7 -> 46195 | X8: =B8+E8+H8+K8+N8+Q8+T8 -> 0 | Y8: =C8+F8+I8+L8+O8+R8+U8 -> 0 | Z8: =D8+G8+J8+M8+P8+S8+V8 -> 0
A9: =A8+7 -> 46202 | X9: =B9+E9+H9+K9+N9+Q9+T9 -> 0 | Y9: =C9+F9+I9+L9+O9+R9+U9 -> 0 | Z9: =D9+G9+J9+M9+P9+S9+V9 -> 0
A10: =A9+7 -> 46209 | X10: =B10+E10+H10+K10+N10+Q10+T10 -> 0 | Y10: =C10+F10+I10+L10+O10+R10+U10 -> 0 | Z10: =D10+G10+J10+M10+P10+S10+V10 -> 0
A11: =A10+7 -> 46216 | X11: =B11+E11+H11+K11+N11+Q11+T11 -> 0 | Y11: =C11+F11+I11+L11+O11+R11+U11 -> 0 | Z11: =D11+G11+J11+M11+P11+S11+V11 -> 0
A12: =A11+7 -> 46223 | X12: =B12+E12+H12+K12+N12+Q12+T12 -> 0 | Y12: =C12+F12+I12+L12+O12+R12+U12 -> 0 | Z12: =D12+G12+J12+M12+P12+S12+V12 -> 0
A13: =A12+7 -> 46230 | X13: =B13+E13+H13+K13+N13+Q13+T13 -> 0 | Y13: =C13+F13+I13+L13+O13+R13+U13 -> 0 | Z13: =D13+G13+J13+M13+P13+S13+V13 -> 0
A14: =A13+7 -> 46237 | X14: =B14+E14+H14+K14+N14+Q14+T14 -> 0 | Y14: =C14+F14+I14+L14+O14+R14+U14 -> 0 | Z14: =D14+G14+J14+M14+P14+S14+V14 -> 0
A15: =A14+7 -> 46244 | X15: =B15+E15+H15+K15+N15+Q15+T15 -> 0 | Y15: =C15+F15+I15+L15+O15+R15+U15 -> 0 | Z15: =D15+G15+J15+M15+P15+S15+V15 -> 0
A16: =A15+7 -> 46251 | X16: =B16+E16+H16+K16+N16+Q16+T16 -> 0 | Y16: =C16+F16+I16+L16+O16+R16+U16 -> 0 | Z16: =D16+G16+J16+M16+P16+S16+V16 -> 0
A17: =A16+7 -> 46258 | X17: =B17+E17+H17+K17+N17+Q17+T17 -> 0 | Y17: =C17+F17+I17+L17+O17+R17+U17 -> 0 | Z17: =D17+G17+J17+M17+P17+S17+V17 -> 0
... A52: =A51+7 -> 46503 | X52: =B52+E52+H52+K52+N52+Q52+T52 -> 0 | Y52: =C52+F52+I52+L52+O52+R52+U52 -> 0 | Z52: =D52+G52+J52+M52+P52+S52+V52 -> 0

Sheet ПЛАН ЧИСТ К2
A1: ПЛАН ЧИСТ К2 | Y1: Итого К2
A2: Дата | B2: Надземная часть
B3: 8.2.1 Отделка лобби/гранд-лобби | F3: 8.2.2 Отделка эвакуац. лестн. клетки надзем. | I3: 8.2.3 Лифт. холлы, тамбур-шлюзы надзем. | L3: 8.2.4 Технич. помещения надзем. | O3: 8.2.5 Прочие помещения надзем. | R3: 8.2.6 Коммерч. помещения надзем. | U3: 8.2.7 Паркинг и рампы надзем. | Y3: Пол | Z3: Стены | AA3: Потолок
B4: Пол | C4: Стены | D4: Потолок | E4: Мебл. | F4: Пол | G4: Стены | H4: Потолок | I4: Пол | J4: Стены | K4: Потолок | L4: Пол | M4: Стены | N4: Потолок | O4: Пол | P4: Стены | Q4: Потолок | R4: Пол | S4: Стены | T4: Потолок | U4: Пол | V4: Стены | W4: Потолок
A5: =СПРАВОЧНИК!$B$35 -> 46174 | Y5: =B5+F5+I5+L5+O5+R5+U5 -> 0 | Z5: =C5+G5+J5+M5+P5+S5+V5 -> 0 | AA5: =D5+H5+K5+N5+Q5+T5+W5 -> 0
A6: =A5+7 -> 46181 | Y6: =B6+F6+I6+L6+O6+R6+U6 -> 0 | Z6: =C6+G6+J6+M6+P6+S6+V6 -> 0 | AA6: =D6+H6+K6+N6+Q6+T6+W6 -> 0
A7: =A6+7 -> 46188 | Y7: =B7+F7+I7+L7+O7+R7+U7 -> 0 | Z7: =C7+G7+J7+M7+P7+S7+V7 -> 0 | AA7: =D7+H7+K7+N7+Q7+T7+W7 -> 0
A8: =A7+7 -> 46195 | Y8: =B8+F8+I8+L8+O8+R8+U8 -> 0 | Z8: =C8+G8+J8+M8+P8+S8+V8 -> 0 | AA8: =D8+H8+K8+N8+Q8+T8+W8 -> 0
A9: =A8+7 -> 46202 | Y9: =B9+F9+I9+L9+O9+R9+U9 -> 0 | Z9: =C9+G9+J9+M9+P9+S9+V9 -> 0 | AA9: =D9+H9+K9+N9+Q9+T9+W9 -> 0
A10: =A9+7 -> 46209 | Y10: =B10+F10+I10+L10+O10+R10+U10 -> 0 | Z10: =C10+G10+J10+M10+P10+S10+V10 -> 0 | AA10: =D10+H10+K10+N10+Q10+T10+W10 -> 0
A11: =A10+7 -> 46216 | Y11: =B11+F11+I11+L11+O11+R11+U11 -> 0 | Z11: =C11+G11+J11+M11+P11+S11+V11 -> 0 | AA11: =D11+H11+K11+N11+Q11+T11+W11 -> 0
A12: =A11+7 -> 46223 | Y12: =B12+F12+I12+L12+O12+R12+U12 -> 0 | Z12: =C12+G12+J12+M12+P12+S12+V12 -> 0 | AA12: =D12+H12+K12+N12+Q12+T12+W12 -> 0
A13: =A12+7 -> 46230 | Y13: =B13+F13+I13+L13+O13+R13+U13 -> 0 | Z13: =C13+G13+J13+M13+P13+S13+V13 -> 0 | AA13: =D13+H13+K13+N13+Q13+T13+W13 -> 0
A14: =A13+7 -> 46237 | Y14: =B14+F14+I14+L14+O14+R14+U14 -> 0 | Z14: =C14+G14+J14+M14+P14+S14+V14 -> 0 | AA14: =D14+H14+K14+N14+Q14+T14+W14 -> 0
A15: =A14+7 -> 46244 | Y15: =B15+F15+I15+L15+O15+R15+U15 -> 0 | Z15: =C15+G15+J15+M15+P15+S15+V15 -> 0 | AA15: =D15+H15+K15+N15+Q15+T15+W15 -> 0
A16: =A15+7 -> 46251 | Y16: =B16+F16+I16+L16+O16+R16+U16 -> 0 | Z16: =C16+G16+J16+M16+P16+S16+V16 -> 0 | AA16: =D16+H16+K16+N16+Q16+T16+W16 -> 0
A17: =A16+7 -> 46258 | Y17: =B17+F17+I17+L17+O17+R17+U17 -> 0 | Z17: =C17+G17+J17+M17+P17+S17+V17 -> 0 | AA17: =D17+H17+K17+N17+Q17+T17+W17 -> 0
... A52: =A51+7 -> 46503 | Y52: =B52+F52+I52+L52+O52+R52+U52 -> 0 | Z52: =C52+G52+J52+M52+P52+S52+V52 -> 0 | AA52: =D52+H52+K52+N52+Q52+T52+W52 -> 0

Sheet ПЛАН ЧЕРН К3
A1: ПЛАН ЧЕРН К3 | X1: Итого К3
A2: Дата | B2: Надземная часть
B3: 8.2.1 Отделка лобби/гранд-лобби | E3: 8.2.2 Отделка эвакуац. лестн. клетки надзем. | H3: 8.2.3 Лифт. холлы, тамбур-шлюзы надзем. | K3: 8.2.4 Технич. помещения надзем. | N3: 8.2.5 Прочие помещения надзем. | Q3: 8.2.6 Коммерч. помещения надзем. | T3: 8.2.7 Паркинг и рампы надзем. | X3: Пол | Y3: Стены | Z3: Потолок
B4: Пол | C4: Стены | D4: Потолок | E4: Пол | F4: Стены | G4: Потолок | H4: Пол | I4: Стены | J4: Потолок | K4: Пол | L4: Стены | M4: Потолок | N4: Пол | O4: Стены | P4: Потолок | Q4: Пол | R4: Стены | S4: Потолок | T4: Пол | U4: Стены | V4: Потолок
A5: =СПРАВОЧНИК!$B$35 -> 46174 | X5: =B5+E5+H5+K5+N5+Q5+T5 -> 0 | Y5: =C5+F5+I5+L5+O5+R5+U5 -> 0 | Z5: =D5+G5+J5+M5+P5+S5+V5 -> 0
A6: =A5+7 -> 46181 | X6: =B6+E6+H6+K6+N6+Q6+T6 -> 0 | Y6: =C6+F6+I6+L6+O6+R6+U6 -> 0 | Z6: =D6+G6+J6+M6+P6+S6+V6 -> 0
A7: =A6+7 -> 46188 | X7: =B7+E7+H7+K7+N7+Q7+T7 -> 0 | Y7: =C7+F7+I7+L7+O7+R7+U7 -> 0 | Z7: =D7+G7+J7+M7+P7+S7+V7 -> 0
A8: =A7+7 -> 46195 | X8: =B8+E8+H8+K8+N8+Q8+T8 -> 0 | Y8: =C8+F8+I8+L8+O8+R8+U8 -> 0 | Z8: =D8+G8+J8+M8+P8+S8+V8 -> 0
A9: =A8+7 -> 46202 | X9: =B9+E9+H9+K9+N9+Q9+T9 -> 0 | Y9: =C9+F9+I9+L9+O9+R9+U9 -> 0 | Z9: =D9+G9+J9+M9+P9+S9+V9 -> 0
A10: =A9+7 -> 46209 | X10: =B10+E10+H10+K10+N10+Q10+T10 -> 0 | Y10: =C10+F10+I10+L10+O10+R10+U10 -> 0 | Z10: =D10+G10+J10+M10+P10+S10+V10 -> 0
A11: =A10+7 -> 46216 | X11: =B11+E11+H11+K11+N11+Q11+T11 -> 0 | Y11: =C11+F11+I11+L11+O11+R11+U11 -> 0 | Z11: =D11+G11+J11+M11+P11+S11+V11 -> 0
A12: =A11+7 -> 46223 | X12: =B12+E12+H12+K12+N12+Q12+T12 -> 0 | Y12: =C12+F12+I12+L12+O12+R12+U12 -> 0 | Z12: =D12+G12+J12+M12+P12+S12+V12 -> 0
A13: =A12+7 -> 46230 | X13: =B13+E13+H13+K13+N13+Q13+T13 -> 0 | Y13: =C13+F13+I13+L13+O13+R13+U13 -> 0 | Z13: =D13+G13+J13+M13+P13+S13+V13 -> 0
A14: =A13+7 -> 46237 | X14: =B14+E14+H14+K14+N14+Q14+T14 -> 0 | Y14: =C14+F14+I14+L14+O14+R14+U14 -> 0 | Z14: =D14+G14+J14+M14+P14+S14+V14 -> 0
A15: =A14+7 -> 46244 | X15: =B15+E15+H15+K15+N15+Q15+T15 -> 0 | Y15: =C15+F15+I15+L15+O15+R15+U15 -> 0 | Z15: =D15+G15+J15+M15+P15+S15+V15 -> 0
A16: =A15+7 -> 46251 | X16: =B16+E16+H16+K16+N16+Q16+T16 -> 0 | Y16: =C16+F16+I16+L16+O16+R16+U16 -> 0 | Z16: =D16+G16+J16+M16+P16+S16+V16 -> 0
A17: =A16+7 -> 46258 | X17: =B17+E17+H17+K17+N17+Q17+T17 -> 0 | Y17: =C17+F17+I17+L17+O17+R17+U17 -> 0 | Z17: =D17+G17+J17+M17+P17+S17+V17 -> 0
... A52: =A51+7 -> 46503 | X52: =B52+E52+H52+K52+N52+Q52+T52 -> 0 | Y52: =C52+F52+I52+L52+O52+R52+U52 -> 0 | Z52: =D52+G52+J52+M52+P52+S52+V52 -> 0

Sheet ПЛАН ЧИСТ К3
A1: ПЛАН ЧИСТ К3 | Y1: Итого К3
A2: Дата | B2: Надземная часть
B3: 8.2.1 Отделка лобби/гранд-лобби | F3: 8.2.2 Отделка эвакуац. лестн. клетки надзем. | I3: 8.2.3 Лифт. холлы, тамбур-шлюзы надзем. | L3: 8.2.4 Технич. помещения надзем. | O3: 8.2.5 Прочие помещения надзем. | R3: 8.2.6 Коммерч. помещения надзем. | U3: 8.2.7 Паркинг и рампы надзем. | Y3: Пол | Z3: Стены | AA3: Потолок
B4: Пол | C4: Стены | D4: Потолок | E4: Мебл. | F4: Пол | G4: Стены | H4: Потолок | I4: Пол | J4: Стены | K4: Потолок | L4: Пол | M4: Стены | N4: Потолок | O4: Пол | P4: Стены | Q4: Потолок | R4: Пол | S4: Стены | T4: Потолок | U4: Пол | V4: Стены | W4: Потолок
A5: =СПРАВОЧНИК!$B$35 -> 46174 | Y5: =B5+F5+I5+L5+O5+R5+U5 -> 0 | Z5: =C5+G5+J5+M5+P5+S5+V5 -> 0 | AA5: =D5+H5+K5+N5+Q5+T5+W5 -> 0
A6: =A5+7 -> 46181 | Y6: =B6+F6+I6+L6+O6+R6+U6 -> 0 | Z6: =C6+G6+J6+M6+P6+S6+V6 -> 0 | AA6: =D6+H6+K6+N6+Q6+T6+W6 -> 0
A7: =A6+7 -> 46188 | Y7: =B7+F7+I7+L7+O7+R7+U7 -> 0 | Z7: =C7+G7+J7+M7+P7+S7+V7 -> 0 | AA7: =D7+H7+K7+N7+Q7+T7+W7 -> 0
A8: =A7+7 -> 46195 | Y8: =B8+F8+I8+L8+O8+R8+U8 -> 0 | Z8: =C8+G8+J8+M8+P8+S8+V8 -> 0 | AA8: =D8+H8+K8+N8+Q8+T8+W8 -> 0
A9: =A8+7 -> 46202 | Y9: =B9+F9+I9+L9+O9+R9+U9 -> 0 | Z9: =C9+G9+J9+M9+P9+S9+V9 -> 0 | AA9: =D9+H9+K9+N9+Q9+T9+W9 -> 0
A10: =A9+7 -> 46209 | Y10: =B10+F10+I10+L10+O10+R10+U10 -> 0 | Z10: =C10+G10+J10+M10+P10+S10+V10 -> 0 | AA10: =D10+H10+K10+N10+Q10+T10+W10 -> 0
A11: =A10+7 -> 46216 | Y11: =B11+F11+I11+L11+O11+R11+U11 -> 0 | Z11: =C11+G11+J11+M11+P11+S11+V11 -> 0 | AA11: =D11+H11+K11+N11+Q11+T11+W11 -> 0
A12: =A11+7 -> 46223 | Y12: =B12+F12+I12+L12+O12+R12+U12 -> 0 | Z12: =C12+G12+J12+M12+P12+S12+V12 -> 0 | AA12: =D12+H12+K12+N12+Q12+T12+W12 -> 0
A13: =A12+7 -> 46230 | Y13: =B13+F13+I13+L13+O13+R13+U13 -> 0 | Z13: =C13+G13+J13+M13+P13+S13+V13 -> 0 | AA13: =D13+H13+K13+N13+Q13+T13+W13 -> 0
A14: =A13+7 -> 46237 | Y14: =B14+F14+I14+L14+O14+R14+U14 -> 0 | Z14: =C14+G14+J14+M14+P14+S14+V14 -> 0 | AA14: =D14+H14+K14+N14+Q14+T14+W14 -> 0
A15: =A14+7 -> 46244 | Y15: =B15+F15+I15+L15+O15+R15+U15 -> 0 | Z15: =C15+G15+J15+M15+P15+S15+V15 -> 0 | AA15: =D15+H15+K15+N15+Q15+T15+W15 -> 0
A16: =A15+7 -> 46251 | Y16: =B16+F16+I16+L16+O16+R16+U16 -> 0 | Z16: =C16+G16+J16+M16+P16+S16+V16 -> 0 | AA16: =D16+H16+K16+N16+Q16+T16+W16 -> 0
A17: =A16+7 -> 46258 | Y17: =B17+F17+I17+L17+O17+R17+U17 -> 0 | Z17: =C17+G17+J17+M17+P17+S17+V17 -> 0 | AA17: =D17+H17+K17+N17+Q17+T17+W17 -> 0
... A52: =A51+7 -> 46503 | Y52: =B52+F52+I52+L52+O52+R52+U52 -> 0 | Z52: =C52+G52+J52+M52+P52+S52+V52 -> 0 | AA52: =D52+H52+K52+N52+Q52+T52+W52 -> 0

Sheet ФАКТ ЧЕРН ПОДЗЕМ
A1: ФАКТ ЧЕРН ПОДЗЕМ | U1: Итого подзем.
A2: Дата | B2: Подземная часть
B3: 8.1.1 Отделка паркинг и рампы | E3: 8.1.2 Отделка эвакуац. лестн. клетки подзем. | H3: 8.1.3 Лифт. холлы, тамбур-шлюзы подзем. | K3: 8.1.4 Технич. помещения подзем. | N3: 8.1.5 Прочие помещения подзем. | Q3: 8.1.6 Коммерч. помещения подзем. | U3: Пол | V3: Стены | W3: Потолок
B4: Пол | C4: Стены | D4: Потолок | E4: Пол | F4: Стены | G4: Потолок | H4: Пол | I4: Стены | J4: Потолок | K4: Пол | L4: Стены | M4: Потолок | N4: Пол | O4: Стены | P4: Потолок | Q4: Пол | R4: Стены | S4: Потолок
A5: =СПРАВОЧНИК!$B$35 -> 46174 | U5: =B5+E5+H5+K5+N5+Q5 -> 0 | V5: =C5+F5+I5+L5+O5+R5 -> 0 | W5: =D5+G5+J5+M5+P5+S5 -> 0
A6: =A5+7 -> 46181 | U6: =B6+E6+H6+K6+N6+Q6 -> 0 | V6: =C6+F6+I6+L6+O6+R6 -> 0 | W6: =D6+G6+J6+M6+P6+S6 -> 0
A7: =A6+7 -> 46188 | U7: =B7+E7+H7+K7+N7+Q7 -> 0 | V7: =C7+F7+I7+L7+O7+R7 -> 0 | W7: =D7+G7+J7+M7+P7+S7 -> 0
A8: =A7+7 -> 46195 | U8: =B8+E8+H8+K8+N8+Q8 -> 0 | V8: =C8+F8+I8+L8+O8+R8 -> 0 | W8: =D8+G8+J8+M8+P8+S8 -> 0
A9: =A8+7 -> 46202 | U9: =B9+E9+H9+K9+N9+Q9 -> 0 | V9: =C9+F9+I9+L9+O9+R9 -> 0 | W9: =D9+G9+J9+M9+P9+S9 -> 0
A10: =A9+7 -> 46209 | U10: =B10+E10+H10+K10+N10+Q10 -> 0 | V10: =C10+F10+I10+L10+O10+R10 -> 0 | W10: =D10+G10+J10+M10+P10+S10 -> 0
A11: =A10+7 -> 46216 | U11: =B11+E11+H11+K11+N11+Q11 -> 0 | V11: =C11+F11+I11+L11+O11+R11 -> 0 | W11: =D11+G11+J11+M11+P11+S11 -> 0
A12: =A11+7 -> 46223 | U12: =B12+E12+H12+K12+N12+Q12 -> 0 | V12: =C12+F12+I12+L12+O12+R12 -> 0 | W12: =D12+G12+J12+M12+P12+S12 -> 0
A13: =A12+7 -> 46230 | U13: =B13+E13+H13+K13+N13+Q13 -> 0 | V13: =C13+F13+I13+L13+O13+R13 -> 0 | W13: =D13+G13+J13+M13+P13+S13 -> 0
A14: =A13+7 -> 46237 | U14: =B14+E14+H14+K14+N14+Q14 -> 0 | V14: =C14+F14+I14+L14+O14+R14 -> 0 | W14: =D14+G14+J14+M14+P14+S14 -> 0
A15: =A14+7 -> 46244 | U15: =B15+E15+H15+K15+N15+Q15 -> 0 | V15: =C15+F15+I15+L15+O15+R15 -> 0 | W15: =D15+G15+J15+M15+P15+S15 -> 0
A16: =A15+7 -> 46251 | U16: =B16+E16+H16+K16+N16+Q16 -> 0 | V16: =C16+F16+I16+L16+O16+R16 -> 0 | W16: =D16+G16+J16+M16+P16+S16 -> 0
A17: =A16+7 -> 46258 | U17: =B17+E17+H17+K17+N17+Q17 -> 0 | V17: =C17+F17+I17+L17+O17+R17 -> 0 | W17: =D17+G17+J17+M17+P17+S17 -> 0
... A52: =A51+7 -> 46503 | U52: =B52+E52+H52+K52+N52+Q52 -> 0 | V52: =C52+F52+I52+L52+O52+R52 -> 0 | W52: =D52+G52+J52+M52+P52+S52 -> 0

Sheet ФАКТ ЧИСТ ПОДЗЕМ
A1: ФАКТ ЧИСТ ПОДЗЕМ | U1: Итого подзем.
A2: Дата | B2: Подземная часть
B3: 8.1.1 Отделка паркинг и рампы | E3: 8.1.2 Отделка эвакуац. лестн. клетки подзем. | H3: 8.1.3 Лифт. холлы, тамбур-шлюзы подзем. | K3: 8.1.4 Технич. помещения подзем. | N3: 8.1.5 Прочие помещения подзем. | Q3: 8.1.6 Коммерч. помещения подзем. | U3: Пол | V3: Стены | W3: Потолок
B4: Пол | C4: Стены | D4: Потолок | E4: Пол | F4: Стены | G4: Потолок | H4: Пол | I4: Стены | J4: Потолок | K4: Пол | L4: Стены | M4: Потолок | N4: Пол | O4: Стены | P4: Потолок | Q4: Пол | R4: Стены | S4: Потолок
A5: =СПРАВОЧНИК!$B$35 -> 46174 | U5: =B5+E5+H5+K5+N5+Q5 -> 0 | V5: =C5+F5+I5+L5+O5+R5 -> 0 | W5: =D5+G5+J5+M5+P5+S5 -> 0
A6: =A5+7 -> 46181 | U6: =B6+E6+H6+K6+N6+Q6 -> 0 | V6: =C6+F6+I6+L6+O6+R6 -> 0 | W6: =D6+G6+J6+M6+P6+S6 -> 0
A7: =A6+7 -> 46188 | U7: =B7+E7+H7+K7+N7+Q7 -> 0 | V7: =C7+F7+I7+L7+O7+R7 -> 0 | W7: =D7+G7+J7+M7+P7+S7 -> 0
A8: =A7+7 -> 46195 | U8: =B8+E8+H8+K8+N8+Q8 -> 0 | V8: =C8+F8+I8+L8+O8+R8 -> 0 | W8: =D8+G8+J8+M8+P8+S8 -> 0
A9: =A8+7 -> 46202 | U9: =B9+E9+H9+K9+N9+Q9 -> 0 | V9: =C9+F9+I9+L9+O9+R9 -> 0 | W9: =D9+G9+J9+M9+P9+S9 -> 0
A10: =A9+7 -> 46209 | U10: =B10+E10+H10+K10+N10+Q10 -> 0 | V10: =C10+F10+I10+L10+O10+R10 -> 0 | W10: =D10+G10+J10+M10+P10+S10 -> 0
A11: =A10+7 -> 46216 | U11: =B11+E11+H11+K11+N11+Q11 -> 0 | V11: =C11+F11+I11+L11+O11+R11 -> 0 | W11: =D11+G11+J11+M11+P11+S11 -> 0
A12: =A11+7 -> 46223 | U12: =B12+E12+H12+K12+N12+Q12 -> 0 | V12: =C12+F12+I12+L12+O12+R12 -> 0 | W12: =D12+G12+J12+M12+P12+S12 -> 0
A13: =A12+7 -> 46230 | U13: =B13+E13+H13+K13+N13+Q13 -> 0 | V13: =C13+F13+I13+L13+O13+R13 -> 0 | W13: =D13+G13+J13+M13+P13+S13 -> 0
A14: =A13+7 -> 46237 | U14: =B14+E14+H14+K14+N14+Q14 -> 0 | V14: =C14+F14+I14+L14+O14+R14 -> 0 | W14: =D14+G14+J14+M14+P14+S14 -> 0
A15: =A14+7 -> 46244 | U15: =B15+E15+H15+K15+N15+Q15 -> 0 | V15: =C15+F15+I15+L15+O15+R15 -> 0 | W15: =D15+G15+J15+M15+P15+S15 -> 0
A16: =A15+7 -> 46251 | U16: =B16+E16+H16+K16+N16+Q16 -> 0 | V16: =C16+F16+I16+L16+O16+R16 -> 0 | W16: =D16+G16+J16+M16+P16+S16 -> 0
A17: =A16+7 -> 46258 | U17: =B17+E17+H17+K17+N17+Q17 -> 0 | V17: =C17+F17+I17+L17+O17+R17 -> 0 | W17: =D17+G17+J17+M17+P17+S17 -> 0
... A52: =A51+7 -> 46503 | U52: =B52+E52+H52+K52+N52+Q52 -> 0 | V52: =C52+F52+I52+L52+O52+R52 -> 0 | W52: =D52+G52+J52+M52+P52+S52 -> 0

Sheet ФАКТ ЧЕРН К1
A1: ФАКТ ЧЕРН К1 | X1: Итого К1
A2: Дата | B2: Надземная часть
B3: 8.2.1 Отделка лобби/гранд-лобби | E3: 8.2.2 Отделка эвакуац. лестн. клетки надзем. | H3: 8.2.3 Лифт. холлы, тамбур-шлюзы надзем. | K3: 8.2.4 Технич. помещения надзем. | N3: 8.2.5 Прочие помещения надзем. | Q3: 8.2.6 Коммерч. помещения надзем. | T3: 8.2.7 Паркинг и рампы надзем. | X3: Пол | Y3: Стены | Z3: Потолок
B4: Пол | C4: Стены | D4: Потолок | E4: Пол | F4: Стены | G4: Потолок | H4: Пол | I4: Стены | J4: Потолок | K4: Пол | L4: Стены | M4: Потолок | N4: Пол | O4: Стены | P4: Потолок | Q4: Пол | R4: Стены | S4: Потолок | T4: Пол | U4: Стены | V4: Потолок
A5: =СПРАВОЧНИК!$B$35 -> 46174 | X5: =B5+E5+H5+K5+N5+Q5+T5 -> 0 | Y5: =C5+F5+I5+L5+O5+R5+U5 -> 0 | Z5: =D5+G5+J5+M5+P5+S5+V5 -> 0
A6: =A5+7 -> 46181 | X6: =B6+E6+H6+K6+N6+Q6+T6 -> 0 | Y6: =C6+F6+I6+L6+O6+R6+U6 -> 0 | Z6: =D6+G6+J6+M6+P6+S6+V6 -> 0
A7: =A6+7 -> 46188 | X7: =B7+E7+H7+K7+N7+Q7+T7 -> 0 | Y7: =C7+F7+I7+L7+O7+R7+U7 -> 0 | Z7: =D7+G7+J7+M7+P7+S7+V7 -> 0
A8: =A7+7 -> 46195 | X8: =B8+E8+H8+K8+N8+Q8+T8 -> 0 | Y8: =C8+F8+I8+L8+O8+R8+U8 -> 0 | Z8: =D8+G8+J8+M8+P8+S8+V8 -> 0
A9: =A8+7 -> 46202 | X9: =B9+E9+H9+K9+N9+Q9+T9 -> 0 | Y9: =C9+F9+I9+L9+O9+R9+U9 -> 0 | Z9: =D9+G9+J9+M9+P9+S9+V9 -> 0
A10: =A9+7 -> 46209 | X10: =B10+E10+H10+K10+N10+Q10+T10 -> 0 | Y10: =C10+F10+I10+L10+O10+R10+U10 -> 0 | Z10: =D10+G10+J10+M10+P10+S10+V10 -> 0
A11: =A10+7 -> 46216 | X11: =B11+E11+H11+K11+N11+Q11+T11 -> 0 | Y11: =C11+F11+I11+L11+O11+R11+U11 -> 0 | Z11: =D11+G11+J11+M11+P11+S11+V11 -> 0
A12: =A11+7 -> 46223 | X12: =B12+E12+H12+K12+N12+Q12+T12 -> 0 | Y12: =C12+F12+I12+L12+O12+R12+U12 -> 0 | Z12: =D12+G12+J12+M12+P12+S12+V12 -> 0
A13: =A12+7 -> 46230 | X13: =B13+E13+H13+K13+N13+Q13+T13 -> 0 | Y13: =C13+F13+I13+L13+O13+R13+U13 -> 0 | Z13: =D13+G13+J13+M13+P13+S13+V13 -> 0
A14: =A13+7 -> 46237 | X14: =B14+E14+H14+K14+N14+Q14+T14 -> 0 | Y14: =C14+F14+I14+L14+O14+R14+U14 -> 0 | Z14: =D14+G14+J14+M14+P14+S14+V14 -> 0
A15: =A14+7 -> 46244 | X15: =B15+E15+H15+K15+N15+Q15+T15 -> 0 | Y15: =C15+F15+I15+L15+O15+R15+U15 -> 0 | Z15: =D15+G15+J15+M15+P15+S15+V15 -> 0
A16: =A15+7 -> 46251 | X16: =B16+E16+H16+K16+N16+Q16+T16 -> 0 | Y16: =C16+F16+I16+L16+O16+R16+U16 -> 0 | Z16: =D16+G16+J16+M16+P16+S16+V16 -> 0
A17: =A16+7 -> 46258 | X17: =B17+E17+H17+K17+N17+Q17+T17 -> 0 | Y17: =C17+F17+I17+L17+O17+R17+U17 -> 0 | Z17: =D17+G17+J17+M17+P17+S17+V17 -> 0
... A52: =A51+7 -> 46503 | X52: =B52+E52+H52+K52+N52+Q52+T52 -> 0 | Y52: =C52+F52+I52+L52+O52+R52+U52 -> 0 | Z52: =D52+G52+J52+M52+P52+S52+V52 -> 0

Sheet ФАКТ ЧИСТ К1
A1: ФАКТ ЧИСТ К1 | Y1: Итого К1
A2: Дата | B2: Надземная часть
B3: 8.2.1 Отделка лобби/гранд-лобби | F3: 8.2.2 Отделка эвакуац. лестн. клетки надзем. | I3: 8.2.3 Лифт. холлы, тамбур-шлюзы надзем. | L3: 8.2.4 Технич. помещения надзем. | O3: 8.2.5 Прочие помещения надзем. | R3: 8.2.6 Коммерч. помещения надзем. | U3: 8.2.7 Паркинг и рампы надзем. | Y3: Пол | Z3: Стены | AA3: Потолок
B4: Пол | C4: Стены | D4: Потолок | E4: Мебл. | F4: Пол | G4: Стены | H4: Потолок | I4: Пол | J4: Стены | K4: Потолок | L4: Пол | M4: Стены | N4: Потолок | O4: Пол | P4: Стены | Q4: Потолок | R4: Пол | S4: Стены | T4: Потолок | U4: Пол | V4: Стены | W4: Потолок
A5: =СПРАВОЧНИК!$B$35 -> 46174 | Y5: =B5+F5+I5+L5+O5+R5+U5 -> 0 | Z5: =C5+G5+J5+M5+P5+S5+V5 -> 0 | AA5: =D5+H5+K5+N5+Q5+T5+W5 -> 0
A6: =A5+7 -> 46181 | Y6: =B6+F6+I6+L6+O6+R6+U6 -> 0 | Z6: =C6+G6+J6+M6+P6+S6+V6 -> 0 | AA6: =D6+H6+K6+N6+Q6+T6+W6 -> 0
A7: =A6+7 -> 46188 | Y7: =B7+F7+I7+L7+O7+R7+U7 -> 0 | Z7: =C7+G7+J7+M7+P7+S7+V7 -> 0 | AA7: =D7+H7+K7+N7+Q7+T7+W7 -> 0
A8: =A7+7 -> 46195 | Y8: =B8+F8+I8+L8+O8+R8+U8 -> 0 | Z8: =C8+G8+J8+M8+P8+S8+V8 -> 0 | AA8: =D8+H8+K8+N8+Q8+T8+W8 -> 0
A9: =A8+7 -> 46202 | Y9: =B9+F9+I9+L9+O9+R9+U9 -> 0 | Z9: =C9+G9+J9+M9+P9+S9+V9 -> 0 | AA9: =D9+H9+K9+N9+Q9+T9+W9 -> 0
A10: =A9+7 -> 46209 | Y10: =B10+F10+I10+L10+O10+R10+U10 -> 0 | Z10: =C10+G10+J10+M10+P10+S10+V10 -> 0 | AA10: =D10+H10+K10+N10+Q10+T10+W10 -> 0
A11: =A10+7 -> 46216 | Y11: =B11+F11+I11+L11+O11+R11+U11 -> 0 | Z11: =C11+G11+J11+M11+P11+S11+V11 -> 0 | AA11: =D11+H11+K11+N11+Q11+T11+W11 -> 0
A12: =A11+7 -> 46223 | Y12: =B12+F12+I12+L12+O12+R12+U12 -> 0 | Z12: =C12+G12+J12+M12+P12+S12+V12 -> 0 | AA12: =D12+H12+K12+N12+Q12+T12+W12 -> 0
A13: =A12+7 -> 46230 | Y13: =B13+F13+I13+L13+O13+R13+U13 -> 0 | Z13: =C13+G13+J13+M13+P13+S13+V13 -> 0 | AA13: =D13+H13+K13+N13+Q13+T13+W13 -> 0
A14: =A13+7 -> 46237 | Y14: =B14+F14+I14+L14+O14+R14+U14 -> 0 | Z14: =C14+G14+J14+M14+P14+S14+V14 -> 0 | AA14: =D14+H14+K14+N14+Q14+T14+W14 -> 0
A15: =A14+7 -> 46244 | Y15: =B15+F15+I15+L15+O15+R15+U15 -> 0 | Z15: =C15+G15+J15+M15+P15+S15+V15 -> 0 | AA15: =D15+H15+K15+N15+Q15+T15+W15 -> 0
A16: =A15+7 -> 46251 | Y16: =B16+F16+I16+L16+O16+R16+U16 -> 0 | Z16: =C16+G16+J16+M16+P16+S16+V16 -> 0 | AA16: =D16+H16+K16+N16+Q16+T16+W16 -> 0
A17: =A16+7 -> 46258 | Y17: =B17+F17+I17+L17+O17+R17+U17 -> 0 | Z17: =C17+G17+J17+M17+P17+S17+V17 -> 0 | AA17: =D17+H17+K17+N17+Q17+T17+W17 -> 0
... A52: =A51+7 -> 46503 | Y52: =B52+F52+I52+L52+O52+R52+U52 -> 0 | Z52: =C52+G52+J52+M52+P52+S52+V52 -> 0 | AA52: =D52+H52+K52+N52+Q52+T52+W52 -> 0

Sheet ФАКТ ЧЕРН К2
A1: ФАКТ ЧЕРН К2 | X1: Итого К2
A2: Дата | B2: Надземная часть
B3: 8.2.1 Отделка лобби/гранд-лобби | E3: 8.2.2 Отделка эвакуац. лестн. клетки надзем. | H3: 8.2.3 Лифт. холлы, тамбур-шлюзы надзем. | K3: 8.2.4 Технич. помещения надзем. | N3: 8.2.5 Прочие помещения надзем. | Q3: 8.2.6 Коммерч. помещения надзем. | T3: 8.2.7 Паркинг и рампы надзем. | X3: Пол | Y3: Стены | Z3: Потолок
B4: Пол | C4: Стены | D4: Потолок | E4: Пол | F4: Стены | G4: Потолок | H4: Пол | I4: Стены | J4: Потолок | K4: Пол | L4: Стены | M4: Потолок | N4: Пол | O4: Стены | P4: Потолок | Q4: Пол | R4: Стены | S4: Потолок | T4: Пол | U4: Стены | V4: Потолок
A5: =СПРАВОЧНИК!$B$35 -> 46174 | X5: =B5+E5+H5+K5+N5+Q5+T5 -> 0 | Y5: =C5+F5+I5+L5+O5+R5+U5 -> 0 | Z5: =D5+G5+J5+M5+P5+S5+V5 -> 0
A6: =A5+7 -> 46181 | X6: =B6+E6+H6+K6+N6+Q6+T6 -> 0 | Y6: =C6+F6+I6+L6+O6+R6+U6 -> 0 | Z6: =D6+G6+J6+M6+P6+S6+V6 -> 0
A7: =A6+7 -> 46188 | X7: =B7+E7+H7+K7+N7+Q7+T7 -> 0 | Y7: =C7+F7+I7+L7+O7+R7+U7 -> 0 | Z7: =D7+G7+J7+M7+P7+S7+V7 -> 0
A8: =A7+7 -> 46195 | X8: =B8+E8+H8+K8+N8+Q8+T8 -> 0 | Y8: =C8+F8+I8+L8+O8+R8+U8 -> 0 | Z8: =D8+G8+J8+M8+P8+S8+V8 -> 0
A9: =A8+7 -> 46202 | X9: =B9+E9+H9+K9+N9+Q9+T9 -> 0 | Y9: =C9+F9+I9+L9+O9+R9+U9 -> 0 | Z9: =D9+G9+J9+M9+P9+S9+V9 -> 0
A10: =A9+7 -> 46209 | X10: =B10+E10+H10+K10+N10+Q10+T10 -> 0 | Y10: =C10+F10+I10+L10+O10+R10+U10 -> 0 | Z10: =D10+G10+J10+M10+P10+S10+V10 -> 0
A11: =A10+7 -> 46216 | X11: =B11+E11+H11+K11+N11+Q11+T11 -> 0 | Y11: =C11+F11+I11+L11+O11+R11+U11 -> 0 | Z11: =D11+G11+J11+M11+P11+S11+V11 -> 0
A12: =A11+7 -> 46223 | X12: =B12+E12+H12+K12+N12+Q12+T12 -> 0 | Y12: =C12+F12+I12+L12+O12+R12+U12 -> 0 | Z12: =D12+G12+J12+M12+P12+S12+V12 -> 0
A13: =A12+7 -> 46230 | X13: =B13+E13+H13+K13+N13+Q13+T13 -> 0 | Y13: =C13+F13+I13+L13+O13+R13+U13 -> 0 | Z13: =D13+G13+J13+M13+P13+S13+V13 -> 0
A14: =A13+7 -> 46237 | X14: =B14+E14+H14+K14+N14+Q14+T14 -> 0 | Y14: =C14+F14+I14+L14+O14+R14+U14 -> 0 | Z14: =D14+G14+J14+M14+P14+S14+V14 -> 0
A15: =A14+7 -> 46244 | X15: =B15+E15+H15+K15+N15+Q15+T15 -> 0 | Y15: =C15+F15+I15+L15+O15+R15+U15 -> 0 | Z15: =D15+G15+J15+M15+P15+S15+V15 -> 0
A16: =A15+7 -> 46251 | X16: =B16+E16+H16+K16+N16+Q16+T16 -> 0 | Y16: =C16+F16+I16+L16+O16+R16+U16 -> 0 | Z16: =D16+G16+J16+M16+P16+S16+V16 -> 0
A17: =A16+7 -> 46258 | X17: =B17+E17+H17+K17+N17+Q17+T17 -> 0 | Y17: =C17+F17+I17+L17+O17+R17+U17 -> 0 | Z17: =D17+G17+J17+M17+P17+S17+V17 -> 0
... A52: =A51+7 -> 46503 | X52: =B52+E52+H52+K52+N52+Q52+T52 -> 0 | Y52: =C52+F52+I52+L52+O52+R52+U52 -> 0 | Z52: =D52+G52+J52+M52+P52+S52+V52 -> 0

Sheet ФАКТ ЧИСТ К2
A1: ФАКТ ЧИСТ К2 | Y1: Итого К2
A2: Дата | B2: Надземная часть
B3: 8.2.1 Отделка лобби/гранд-лобби | F3: 8.2.2 Отделка эвакуац. лестн. клетки надзем. | I3: 8.2.3 Лифт. холлы, тамбур-шлюзы надзем. | L3: 8.2.4 Технич. помещения надзем. | O3: 8.2.5 Прочие помещения надзем. | R3: 8.2.6 Коммерч. помещения надзем. | U3: 8.2.7 Паркинг и рампы надзем. | Y3: Пол | Z3: Стены | AA3: Потолок
B4: Пол | C4: Стены | D4: Потолок | E4: Мебл. | F4: Пол | G4: Стены | H4: Потолок | I4: Пол | J4: Стены | K4: Потолок | L4: Пол | M4: Стены | N4: Потолок | O4: Пол | P4: Стены | Q4: Потолок | R4: Пол | S4: Стены | T4: Потолок | U4: Пол | V4: Стены | W4: Потолок
A5: =СПРАВОЧНИК!$B$35 -> 46174 | Y5: =B5+F5+I5+L5+O5+R5+U5 -> 0 | Z5: =C5+G5+J5+M5+P5+S5+V5 -> 0 | AA5: =D5+H5+K5+N5+Q5+T5+W5 -> 0
A6: =A5+7 -> 46181 | Y6: =B6+F6+I6+L6+O6+R6+U6 -> 0 | Z6: =C6+G6+J6+M6+P6+S6+V6 -> 0 | AA6: =D6+H6+K6+N6+Q6+T6+W6 -> 0
A7: =A6+7 -> 46188 | Y7: =B7+F7+I7+L7+O7+R7+U7 -> 0 | Z7: =C7+G7+J7+M7+P7+S7+V7 -> 0 | AA7: =D7+H7+K7+N7+Q7+T7+W7 -> 0
A8: =A7+7 -> 46195 | Y8: =B8+F8+I8+L8+O8+R8+U8 -> 0 | Z8: =C8+G8+J8+M8+P8+S8+V8 -> 0 | AA8: =D8+H8+K8+N8+Q8+T8+W8 -> 0
A9: =A8+7 -> 46202 | Y9: =B9+F9+I9+L9+O9+R9+U9 -> 0 | Z9: =C9+G9+J9+M9+P9+S9+V9 -> 0 | AA9: =D9+H9+K9+N9+Q9+T9+W9 -> 0
A10: =A9+7 -> 46209 | Y10: =B10+F10+I10+L10+O10+R10+U10 -> 0 | Z10: =C10+G10+J10+M10+P10+S10+V10 -> 0 | AA10: =D10+H10+K10+N10+Q10+T10+W10 -> 0
A11: =A10+7 -> 46216 | Y11: =B11+F11+I11+L11+O11+R11+U11 -> 0 | Z11: =C11+G11+J11+M11+P11+S11+V11 -> 0 | AA11: =D11+H11+K11+N11+Q11+T11+W11 -> 0
A12: =A11+7 -> 46223 | Y12: =B12+F12+I12+L12+O12+R12+U12 -> 0 | Z12: =C12+G12+J12+M12+P12+S12+V12 -> 0 | AA12: =D12+H12+K12+N12+Q12+T12+W12 -> 0
A13: =A12+7 -> 46230 | Y13: =B13+F13+I13+L13+O13+R13+U13 -> 0 | Z13: =C13+G13+J13+M13+P13+S13+V13 -> 0 | AA13: =D13+H13+K13+N13+Q13+T13+W13 -> 0
A14: =A13+7 -> 46237 | Y14: =B14+F14+I14+L14+O14+R14+U14 -> 0 | Z14: =C14+G14+J14+M14+P14+S14+V14 -> 0 | AA14: =D14+H14+K14+N14+Q14+T14+W14 -> 0
A15: =A14+7 -> 46244 | Y15: =B15+F15+I15+L15+O15+R15+U15 -> 0 | Z15: =C15+G15+J15+M15+P15+S15+V15 -> 0 | AA15: =D15+H15+K15+N15+Q15+T15+W15 -> 0
A16: =A15+7 -> 46251 | Y16: =B16+F16+I16+L16+O16+R16+U16 -> 0 | Z16: =C16+G16+J16+M16+P16+S16+V16 -> 0 | AA16: =D16+H16+K16+N16+Q16+T16+W16 -> 0
A17: =A16+7 -> 46258 | Y17: =B17+F17+I17+L17+O17+R17+U17 -> 0 | Z17: =C17+G17+J17+M17+P17+S17+V17 -> 0 | AA17: =D17+H17+K17+N17+Q17+T17+W17 -> 0
... A52: =A51+7 -> 46503 | Y52: =B52+F52+I52+L52+O52+R52+U52 -> 0 | Z52: =C52+G52+J52+M52+P52+S52+V52 -> 0 | AA52: =D52+H52+K52+N52+Q52+T52+W52 -> 0

Sheet ФАКТ ЧЕРН К3
A1: ФАКТ ЧЕРН К3 | X1: Итого К3
A2: Дата | B2: Надземная часть
B3: 8.2.1 Отделка лобби/гранд-лобби | E3: 8.2.2 Отделка эвакуац. лестн. клетки надзем. | H3: 8.2.3 Лифт. холлы, тамбур-шлюзы надзем. | K3: 8.2.4 Технич. помещения надзем. | N3: 8.2.5 Прочие помещения надзем. | Q3: 8.2.6 Коммерч. помещения надзем. | T3: 8.2.7 Паркинг и рампы надзем. | X3: Пол | Y3: Стены | Z3: Потолок
B4: Пол | C4: Стены | D4: Потолок | E4: Пол | F4: Стены | G4: Потолок | H4: Пол | I4: Стены | J4: Потолок | K4: Пол | L4: Стены | M4: Потолок | N4: Пол | O4: Стены | P4: Потолок | Q4: Пол | R4: Стены | S4: Потолок | T4: Пол | U4: Стены | V4: Потолок
A5: =СПРАВОЧНИК!$B$35 -> 46174 | X5: =B5+E5+H5+K5+N5+Q5+T5 -> 0 | Y5: =C5+F5+I5+L5+O5+R5+U5 -> 0 | Z5: =D5+G5+J5+M5+P5+S5+V5 -> 0
A6: =A5+7 -> 46181 | X6: =B6+E6+H6+K6+N6+Q6+T6 -> 0 | Y6: =C6+F6+I6+L6+O6+R6+U6 -> 0 | Z6: =D6+G6+J6+M6+P6+S6+V6 -> 0
A7: =A6+7 -> 46188 | X7: =B7+E7+H7+K7+N7+Q7+T7 -> 0 | Y7: =C7+F7+I7+L7+O7+R7+U7 -> 0 | Z7: =D7+G7+J7+M7+P7+S7+V7 -> 0
A8: =A7+7 -> 46195 | X8: =B8+E8+H8+K8+N8+Q8+T8 -> 0 | Y8: =C8+F8+I8+L8+O8+R8+U8 -> 0 | Z8: =D8+G8+J8+M8+P8+S8+V8 -> 0
A9: =A8+7 -> 46202 | X9: =B9+E9+H9+K9+N9+Q9+T9 -> 0 | Y9: =C9+F9+I9+L9+O9+R9+U9 -> 0 | Z9: =D9+G9+J9+M9+P9+S9+V9 -> 0
A10: =A9+7 -> 46209 | X10: =B10+E10+H10+K10+N10+Q10+T10 -> 0 | Y10: =C10+F10+I10+L10+O10+R10+U10 -> 0 | Z10: =D10+G10+J10+M10+P10+S10+V10 -> 0
A11: =A10+7 -> 46216 | X11: =B11+E11+H11+K11+N11+Q11+T11 -> 0 | Y11: =C11+F11+I11+L11+O11+R11+U11 -> 0 | Z11: =D11+G11+J11+M11+P11+S11+V11 -> 0
A12: =A11+7 -> 46223 | X12: =B12+E12+H12+K12+N12+Q12+T12 -> 0 | Y12: =C12+F12+I12+L12+O12+R12+U12 -> 0 | Z12: =D12+G12+J12+M12+P12+S12+V12 -> 0
A13: =A12+7 -> 46230 | X13: =B13+E13+H13+K13+N13+Q13+T13 -> 0 | Y13: =C13+F13+I13+L13+O13+R13+U13 -> 0 | Z13: =D13+G13+J13+M13+P13+S13+V13 -> 0
A14: =A13+7 -> 46237 | X14: =B14+E14+H14+K14+N14+Q14+T14 -> 0 | Y14: =C14+F14+I14+L14+O14+R14+U14 -> 0 | Z14: =D14+G14+J14+M14+P14+S14+V14 -> 0
A15: =A14+7 -> 46244 | X15: =B15+E15+H15+K15+N15+Q15+T15 -> 0 | Y15: =C15+F15+I15+L15+O15+R15+U15 -> 0 | Z15: =D15+G15+J15+M15+P15+S15+V15 -> 0
A16: =A15+7 -> 46251 | X16: =B16+E16+H16+K16+N16+Q16+T16 -> 0 | Y16: =C16+F16+I16+L16+O16+R16+U16 -> 0 | Z16: =D16+G16+J16+M16+P16+S16+V16 -> 0
A17: =A16+7 -> 46258 | X17: =B17+E17+H17+K17+N17+Q17+T17 -> 0 | Y17: =C17+F17+I17+L17+O17+R17+U17 -> 0 | Z17: =D17+G17+J17+M17+P17+S17+V17 -> 0
... A52: =A51+7 -> 46503 | X52: =B52+E52+H52+K52+N52+Q52+T52 -> 0 | Y52: =C52+F52+I52+L52+O52+R52+U52 -> 0 | Z52: =D52+G52+J52+M52+P52+S52+V52 -> 0

Sheet ФАКТ ЧИСТ К3
A1: ФАКТ ЧИСТ К3 | Y1: Итого К3
A2: Дата | B2: Надземная часть
B3: 8.2.1 Отделка лобби/гранд-лобби | F3: 8.2.2 Отделка эвакуац. лестн. клетки надзем. | I3: 8.2.3 Лифт. холлы, тамбур-шлюзы надзем. | L3: 8.2.4 Технич. помещения надзем. | O3: 8.2.5 Прочие помещения надзем. | R3: 8.2.6 Коммерч. помещения надзем. | U3: 8.2.7 Паркинг и рампы надзем. | Y3: Пол | Z3: Стены | AA3: Потолок
B4: Пол | C4: Стены | D4: Потолок | E4: Мебл. | F4: Пол | G4: Стены | H4: Потолок | I4: Пол | J4: Стены | K4: Потолок | L4: Пол | M4: Стены | N4: Потолок | O4: Пол | P4: Стены | Q4: Потолок | R4: Пол | S4: Стены | T4: Потолок | U4: Пол | V4: Стены | W4: Потолок
A5: =СПРАВОЧНИК!$B$35 -> 46174 | Y5: =B5+F5+I5+L5+O5+R5+U5 -> 0 | Z5: =C5+G5+J5+M5+P5+S5+V5 -> 0 | AA5: =D5+H5+K5+N5+Q5+T5+W5 -> 0
A6: =A5+7 -> 46181 | Y6: =B6+F6+I6+L6+O6+R6+U6 -> 0 | Z6: =C6+G6+J6+M6+P6+S6+V6 -> 0 | AA6: =D6+H6+K6+N6+Q6+T6+W6 -> 0
A7: =A6+7 -> 46188 | Y7: =B7+F7+I7+L7+O7+R7+U7 -> 0 | Z7: =C7+G7+J7+M7+P7+S7+V7 -> 0 | AA7: =D7+H7+K7+N7+Q7+T7+W7 -> 0
A8: =A7+7 -> 46195 | Y8: =B8+F8+I8+L8+O8+R8+U8 -> 0 | Z8: =C8+G8+J8+M8+P8+S8+V8 -> 0 | AA8: =D8+H8+K8+N8+Q8+T8+W8 -> 0
A9: =A8+7 -> 46202 | Y9: =B9+F9+I9+L9+O9+R9+U9 -> 0 | Z9: =C9+G9+J9+M9+P9+S9+V9 -> 0 | AA9: =D9+H9+K9+N9+Q9+T9+W9 -> 0
A10: =A9+7 -> 46209 | Y10: =B10+F10+I10+L10+O10+R10+U10 -> 0 | Z10: =C10+G10+J10+M10+P10+S10+V10 -> 0 | AA10: =D10+H10+K10+N10+Q10+T10+W10 -> 0
A11: =A10+7 -> 46216 | Y11: =B11+F11+I11+L11+O11+R11+U11 -> 0 | Z11: =C11+G11+J11+M11+P11+S11+V11 -> 0 | AA11: =D11+H11+K11+N11+Q11+T11+W11 -> 0
A12: =A11+7 -> 46223 | Y12: =B12+F12+I12+L12+O12+R12+U12 -> 0 | Z12: =C12+G12+J12+M12+P12+S12+V12 -> 0 | AA12: =D12+H12+K12+N12+Q12+T12+W12 -> 0
A13: =A12+7 -> 46230 | Y13: =B13+F13+I13+L13+O13+R13+U13 -> 0 | Z13: =C13+G13+J13+M13+P13+S13+V13 -> 0 | AA13: =D13+H13+K13+N13+Q13+T13+W13 -> 0
A14: =A13+7 -> 46237 | Y14: =B14+F14+I14+L14+O14+R14+U14 -> 0 | Z14: =C14+G14+J14+M14+P14+S14+V14 -> 0 | AA14: =D14+H14+K14+N14+Q14+T14+W14 -> 0
A15: =A14+7 -> 46244 | Y15: =B15+F15+I15+L15+O15+R15+U15 -> 0 | Z15: =C15+G15+J15+M15+P15+S15+V15 -> 0 | AA15: =D15+H15+K15+N15+Q15+T15+W15 -> 0
A16: =A15+7 -> 46251 | Y16: =B16+F16+I16+L16+O16+R16+U16 -> 0 | Z16: =C16+G16+J16+M16+P16+S16+V16 -> 0 | AA16: =D16+H16+K16+N16+Q16+T16+W16 -> 0
A17: =A16+7 -> 46258 | Y17: =B17+F17+I17+L17+O17+R17+U17 -> 0 | Z17: =C17+G17+J17+M17+P17+S17+V17 -> 0 | AA17: =D17+H17+K17+N17+Q17+T17+W17 -> 0
... A52: =A51+7 -> 46503 | Y52: =B52+F52+I52+L52+O52+R52+U52 -> 0 | Z52: =C52+G52+J52+M52+P52+S52+V52 -> 0 | AA52: =D52+H52+K52+N52+Q52+T52+W52 -> 0

Sheet ОТЧЕТ
A1: ОТЧЁТ ПО ОТДЕЛОЧНЫМ РАБОТАМ
A2: ⚠ Автоматический. Не вносите данные напрямую.
A4: ПОДЗЕМНАЯ ЧАСТЬ
A5: Код | B5: Название | C5: Тип | D5: Вес ур.4 | E5: Вес ур.5 | F5: План м² | G5: Факт м² | H5: Факт % | I5: Взвеш. %
A6: 8.1.1 | B6: =СПРАВОЧНИК!C3 -> Отделка паркинг и рампы | C6: Главная | F6: =СПРАВОЧНИК!D3 -> 0 | G6: =G7*D7+G11*D11 -> 0 | H6: =IF(F6=0,0,G6/F6) -> 0 | I6: =I7+I11 -> 0
B7: Черновая | D7: =СПРАВОЧНИК!E3 -> 0.45 | F7: =F6 -> 0 | G7: =G8*E8+G9*E9+G10*E10 -> 0 | H7: =IF(F7=0,0,G7/F7) -> 0 | I7: =H7*D7 -> 0
B8: Пол | C8: Вид | E8: =СПРАВОЧНИК!H3 -> 0.38 | F8: =F6 -> 0 | G8: =SUM('ФАКТ ЧЕРН ПОДЗЕМ'!B5:B52) -> 0 | H8: =IF(F8=0,0,G8/F8) -> 0 | I8: =H8*E8 -> 0
B9: Стены | C9: Вид | E9: =СПРАВОЧНИК!I3 -> 0.41 | F9: =F6 -> 0 | G9: =SUM('ФАКТ ЧЕРН ПОДЗЕМ'!C5:C52) -> 0 | H9: =IF(F9=0,0,G9/F9) -> 0 | I9: =H9*E9 -> 0
B10: Потолок | C10: Вид | E10: =СПРАВОЧНИК!J3 -> 0.21 | F10: =F6 -> 0 | G10: =SUM('ФАКТ ЧЕРН ПОДЗЕМ'!D5:D52) -> 0 | H10: =IF(F10=0,0,G10/F10) -> 0 | I10: =H10*E10 -> 0
B11: Чистовая | D11: =СПРАВОЧНИК!F3 -> 0.55 | F11: =F6 -> 0 | G11: =G12*E12+G13*E13+G14*E14 -> 0 | H11: =IF(F11=0,0,G11/F11) -> 0 | I11: =H11*D11 -> 0
B12: Пол | C12: Вид | E12: =СПРАВОЧНИК!L3 -> 0.52 | F12: =F6 -> 0 | G12: =SUM('ФАКТ ЧИСТ ПОДЗЕМ'!B5:B52) -> 0 | H12: =IF(F12=0,0,G12/F12) -> 0 | I12: =H12*E12 -> 0
B13: Стены | C13: Вид | E13: =СПРАВОЧНИК!M3 -> 0.34 | F13: =F6 -> 0 | G13: =SUM('ФАКТ ЧИСТ ПОДЗЕМ'!C5:C52) -> 0 | H13: =IF(F13=0,0,G13/F13) -> 0 | I13: =H13*E13 -> 0
B14: Потолок | C14: Вид | E14: =СПРАВОЧНИК!N3 -> 0.14 | F14: =F6 -> 0 | G14: =SUM('ФАКТ ЧИСТ ПОДЗЕМ'!D5:D52) -> 0 | H14: =IF(F14=0,0,G14/F14) -> 0 | I14: =H14*E14 -> 0
B15: ✓ Сумма весов ур.4 | D15: =D7+D11 -> 1
A17: 8.1.2 | B17: =СПРАВОЧНИК!C4 -> Отделка эвакуац. лестн. клетки подзем. | C17: Главная | F17: =СПРАВОЧНИК!D4 -> 0 | G17: =G18*D18+G22*D22 -> 0 | H17: =IF(F17=0,0,G17/F17) -> 0 | I17: =I18+I22 -> 0
B18: Черновая | D18: =СПРАВОЧНИК!E4 -> 0.33 | F18: =F17 -> 0 | G18: =G19*E19+G20*E20+G21*E21 -> 0 | H18: =IF(F18=0,0,G18/F18) -> 0 | I18: =H18*D18 -> 0
B19: Пол | C19: Вид | E19: =СПРАВОЧНИК!H4 -> 0.2 | F19: =F17 -> 0 | G19: =SUM('ФАКТ ЧЕРН ПОДЗЕМ'!E5:E52) -> 0 | H19: =IF(F19=0,0,G19/F19) -> 0 | I19: =H19*E19 -> 0
B20: Стены | C20: Вид | E20: =СПРАВОЧНИК!I4 -> 0.61 | F20: =F17 -> 0 | G20: =SUM('ФАКТ ЧЕРН ПОДЗЕМ'!F5:F52) -> 0 | H20: =IF(F20=0,0,G20/F20) -> 0 | I20: =H20*E20 -> 0
B21: Потолок | C21: Вид | E21: =СПРАВОЧНИК!J4 -> 0.19 | F21: =F17 -> 0 | G21: =SUM('ФАКТ ЧЕРН ПОДЗЕМ'!G5:G52) -> 0 | H21: =IF(F21=0,0,G21/F21) -> 0 | I21: =H21*E21 -> 0
B22: Чистовая | D22: =СПРАВОЧНИК!F4 -> 0.67 | F22: =F17 -> 0 | G22: =G23*E23+G24*E24+G25*E25 -> 0 | H22: =IF(F22=0,0,G22/F22) -> 0 | I22: =H22*D22 -> 0
B23: Пол | C23: Вид | E23: =СПРАВОЧНИК!L4 -> 0.38 | F23: =F17 -> 0 | G23: =SUM('ФАКТ ЧИСТ ПОДЗЕМ'!E5:E52) -> 0 | H23: =IF(F23=0,0,G23/F23) -> 0 | I23: =H23*E23 -> 0
B24: Стены | C24: Вид | E24: =СПРАВОЧНИК!M4 -> 0.35 | F24: =F17 -> 0 | G24: =SUM('ФАКТ ЧИСТ ПОДЗЕМ'!F5:F52) -> 0 | H24: =IF(F24=0,0,G24/F24) -> 0 | I24: =H24*E24 -> 0
B25: Потолок | C25: Вид | E25: =СПРАВОЧНИК!N4 -> 0.27 | F25: =F17 -> 0 | G25: =SUM('ФАКТ ЧИСТ ПОДЗЕМ'!G5:G52) -> 0 | H25: =IF(F25=0,0,G25/F25) -> 0 | I25: =H25*E25 -> 0
B26: ✓ Сумма весов ур.4 | D26: =D18+D22 -> 1
A28: 8.1.3 | B28: =СПРАВОЧНИК!C5 -> Лифт. холлы, тамбур-шлюзы подзем. | C28: Главная | F28: =СПРАВОЧНИК!D5 -> 0 | G28: =G29*D29+G33*D33 -> 0 | H28: =IF(F28=0,0,G28/F28) -> 0 | I28: =I29+I33 -> 0
B29: Черновая | D29: =СПРАВОЧНИК!E5 -> 0.4 | F29: =F28 -> 0 | G29: =G30*E30+G31*E31+G32*E32 -> 0 | H29: =IF(F29=0,0,G29/F29) -> 0 | I29: =H29*D29 -> 0
B30: Пол | C30: Вид | E30: =СПРАВОЧНИК!H5 -> 0.4 | F30: =F28 -> 0 | G30: =SUM('ФАКТ ЧЕРН ПОДЗЕМ'!H5:H52) -> 0 | H30: =IF(F30=0,0,G30/F30) -> 0 | I30: =H30*E30 -> 0
B31: Стены | C31: Вид | E31: =СПРАВОЧНИК!I5 -> 0.3 | F31: =F28 -> 0 | G31: =SUM('ФАКТ ЧЕРН ПОДЗЕМ'!I5:I52) -> 0 | H31: =IF(F31=0,0,G31/F31) -> 0 | I31: =H31*E31 -> 0
B32: Потолок | C32: Вид | E32: =СПРАВОЧНИК!J5 -> 0.3 | F32: =F28 -> 0 | G32: =SUM('ФАКТ ЧЕРН ПОДЗЕМ'!J5:J52) -> 0 | H32: =IF(F32=0,0,G32/F32) -> 0 | I32: =H32*E32 -> 0
B33: Чистовая | D33: =СПРАВОЧНИК!F5 -> 0.6 | F33: =F28 -> 0 | G33: =G34*E34+G35*E35+G36*E36 -> 0 | H33: =IF(F33=0,0,G33/F33) -> 0 | I33: =H33*D33 -> 0
B34: Пол | C34: Вид | E34: =СПРАВОЧНИК!L5 -> 0.2 | F34: =F28 -> 0 | G34: =SUM('ФАКТ ЧИСТ ПОДЗЕМ'!H5:H52) -> 0 | H34: =IF(F34=0,0,G34/F34) -> 0 | I34: =H34*E34 -> 0
B35: Стены | C35: Вид | E35: =СПРАВОЧНИК!M5 -> 0.6 | F35: =F28 -> 0 | G35: =SUM('ФАКТ ЧИСТ ПОДЗЕМ'!I5:I52) -> 0 | H35: =IF(F35=0,0,G35/F35) -> 0 | I35: =H35*E35 -> 0
B36: Потолок | C36: Вид | E36: =СПРАВОЧНИК!N5 -> 0.2 | F36: =F28 -> 0 | G36: =SUM('ФАКТ ЧИСТ ПОДЗЕМ'!J5:J52) -> 0 | H36: =IF(F36=0,0,G36/F36) -> 0 | I36: =H36*E36 -> 0
B37: ✓ Сумма весов ур.4 | D37: =D29+D33 -> 1
A39: 8.1.4 | B39: =СПРАВОЧНИК!C6 -> Технич. помещения подзем. | C39: Главная | F39: =СПРАВОЧНИК!D6 -> 0 | G39: =G40*D40+G44*D44 -> 0 | H39: =IF(F39=0,0,G39/F39) -> 0 | I39: =I40+I44 -> 0
B40: Черновая | D40: =СПРАВОЧНИК!E6 -> 0.32 | F40: =F39 -> 0 | G40: =G41*E41+G42*E42+G43*E43 -> 0 | H40: =IF(F40=0,0,G40/F40) -> 0 | I40: =H40*D40 -> 0
B41: Пол | C41: Вид | E41: =СПРАВОЧНИК!H6 -> 0.3 | F41: =F39 -> 0 | G41: =SUM('ФАКТ ЧЕРН ПОДЗЕМ'!K5:K52) -> 0 | H41: =IF(F41=0,0,G41/F41) -> 0 | I41: =H41*E41 -> 0
B42: Стены | C42: Вид | E42: =СПРАВОЧНИК!I6 -> 0.52 | F42: =F39 -> 0 | G42: =SUM('ФАКТ ЧЕРН ПОДЗЕМ'!L5:L52) -> 0 | H42: =IF(F42=0,0,G42/F42) -> 0 | I42: =H42*E42 -> 0
B43: Потолок | C43: Вид | E43: =СПРАВОЧНИК!J6 -> 0.18 | F43: =F39 -> 0 | G43: =SUM('ФАКТ ЧЕРН ПОДЗЕМ'!M5:M52) -> 0 | H43: =IF(F43=0,0,G43/F43) -> 0 | I43: =H43*E43 -> 0
B44: Чистовая | D44: =СПРАВОЧНИК!F6 -> 0.68 | F44: =F39 -> 0 | G44: =G45*E45+G46*E46+G47*E47 -> 0 | H44: =IF(F44=0,0,G44/F44) -> 0 | I44: =H44*D44 -> 0
B45: Пол | C45: Вид | E45: =СПРАВОЧНИК!L6 -> 0.39 | F45: =F39 -> 0 | G45: =SUM('ФАКТ ЧИСТ ПОДЗЕМ'!K5:K52) -> 0 | H45: =IF(F45=0,0,G45/F45) -> 0 | I45: =H45*E45 -> 0
B46: Стены | C46: Вид | E46: =СПРАВОЧНИК!M6 -> 0.45 | F46: =F39 -> 0 | G46: =SUM('ФАКТ ЧИСТ ПОДЗЕМ'!L5:L52) -> 0 | H46: =IF(F46=0,0,G46/F46) -> 0 | I46: =H46*E46 -> 0
B47: Потолок | C47: Вид | E47: =СПРАВОЧНИК!N6 -> 0.16 | F47: =F39 -> 0 | G47: =SUM('ФАКТ ЧИСТ ПОДЗЕМ'!M5:M52) -> 0 | H47: =IF(F47=0,0,G47/F47) -> 0 | I47: =H47*E47 -> 0
B48: ✓ Сумма весов ур.4 | D48: =D40+D44 -> 1
A50: 8.1.5 | B50: =СПРАВОЧНИК!C7 -> Прочие помещения подзем. | C50: Главная | F50: =СПРАВОЧНИК!D7 -> 0 | G50: =G51*D51+G55*D55 -> 0 | H50: =IF(F50=0,0,G50/F50) -> 0 | I50: =I51+I55 -> 0
B51: Черновая | D51: =СПРАВОЧНИК!E7 -> 0.4 | F51: =F50 -> 0 | G51: =G52*E52+G53*E53+G54*E54 -> 0 | H51: =IF(F51=0,0,G51/F51) -> 0 | I51: =H51*D51 -> 0
B52: Пол | C52: Вид | E52: =СПРАВОЧНИК!H7 -> 0.31 | F52: =F50 -> 0 | G52: =SUM('ФАКТ ЧЕРН ПОДЗЕМ'!N5:N52) -> 0 | H52: =IF(F52=0,0,G52/F52) -> 0 | I52: =H52*E52 -> 0
B53: Стены | C53: Вид | E53: =СПРАВОЧНИК!I7 -> 0.49 | F53: =F50 -> 0 | G53: =SUM('ФАКТ ЧЕРН ПОДЗЕМ'!O5:O52) -> 0 | H53: =IF(F53=0,0,G53/F53) -> 0 | I53: =H53*E53 -> 0
B54: Потолок | C54: Вид | E54: =СПРАВОЧНИК!J7 -> 0.2 | F54: =F50 -> 0 | G54: =SUM('ФАКТ ЧЕРН ПОДЗЕМ'!P5:P52) -> 0 | H54: =IF(F54=0,0,G54/F54) -> 0 | I54: =H54*E54 -> 0
B55: Чистовая | D55: =СПРАВОЧНИК!F7 -> 0.6 | F55: =F50 -> 0 | G55: =G56*E56+G57*E57+G58*E58 -> 0 | H55: =IF(F55=0,0,G55/F55) -> 0 | I55: =H55*D55 -> 0
B56: Пол | C56: Вид | E56: =СПРАВОЧНИК!L7 -> 0.4 | F56: =F50 -> 0 | G56: =SUM('ФАКТ ЧИСТ ПОДЗЕМ'!N5:N52) -> 0 | H56: =IF(F56=0,0,G56/F56) -> 0 | I56: =H56*E56 -> 0
B57: Стены | C57: Вид | E57: =СПРАВОЧНИК!M7 -> 0.48 | F57: =F50 -> 0 | G57: =SUM('ФАКТ ЧИСТ ПОДЗЕМ'!O5:O52) -> 0 | H57: =IF(F57=0,0,G57/F57) -> 0 | I57: =H57*E57 -> 0
B58: Потолок | C58: Вид | E58: =СПРАВОЧНИК!N7 -> 0.12 | F58: =F50 -> 0 | G58: =SUM('ФАКТ ЧИСТ ПОДЗЕМ'!P5:P52) -> 0 | H58: =IF(F58=0,0,G58/F58) -> 0 | I58: =H58*E58 -> 0
B59: ✓ Сумма весов ур.4 | D59: =D51+D55 -> 1
A61: 8.1.6 | B61: =СПРАВОЧНИК!C8 -> Коммерч. помещения подзем. | C61: Главная | F61: =СПРАВОЧНИК!D8 -> 0 | G61: =G62*D62+G66*D66 -> 0 | H61: =IF(F61=0,0,G61/F61) -> 0 | I61: =I62+I66 -> 0
B62: Черновая | D62: =СПРАВОЧНИК!E8 -> 0.5 | F62: =F61 -> 0 | G62: =G63*E63+G64*E64+G65*E65 -> 0 | H62: =IF(F62=0,0,G62/F62) -> 0 | I62: =H62*D62 -> 0
B63: Пол | C63: Вид | E63: =СПРАВОЧНИК!H8 -> 0.3 | F63: =F61 -> 0 | G63: =SUM('ФАКТ ЧЕРН ПОДЗЕМ'!Q5:Q52) -> 0 | H63: =IF(F63=0,0,G63/F63) -> 0 | I63: =H63*E63 -> 0
B64: Стены | C64: Вид | E64: =СПРАВОЧНИК!I8 -> 0.69 | F64: =F61 -> 0 | G64: =SUM('ФАКТ ЧЕРН ПОДЗЕМ'!R5:R52) -> 0 | H64: =IF(F64=0,0,G64/F64) -> 0 | I64: =H64*E64 -> 0
B65: Потолок | C65: Вид | E65: =СПРАВОЧНИК!J8 -> 0.01 | F65: =F61 -> 0 | G65: =SUM('ФАКТ ЧЕРН ПОДЗЕМ'!S5:S52) -> 0 | H65: =IF(F65=0,0,G65/F65) -> 0 | I65: =H65*E65 -> 0
B66: Чистовая | D66: =СПРАВОЧНИК!F8 -> 0.5 | F66: =F61 -> 0 | G66: =G67*E67+G68*E68+G69*E69 -> 0 | H66: =IF(F66=0,0,G66/F66) -> 0 | I66: =H66*D66 -> 0
B67: Пол | C67: Вид | E67: =СПРАВОЧНИК!L8 -> 0.2 | F67: =F61 -> 0 | G67: =SUM('ФАКТ ЧИСТ ПОДЗЕМ'!Q5:Q52) -> 0 | H67: =IF(F67=0,0,G67/F67) -> 0 | I67: =H67*E67 -> 0
B68: Стены | C68: Вид | E68: =СПРАВОЧНИК!M8 -> 0.6 | F68: =F61 -> 0 | G68: =SUM('ФАКТ ЧИСТ ПОДЗЕМ'!R5:R52) -> 0 | H68: =IF(F68=0,0,G68/F68) -> 0 | I68: =H68*E68 -> 0
B69: Потолок | C69: Вид | E69: =СПРАВОЧНИК!N8 -> 0.2 | F69: =F61 -> 0 | G69: =SUM('ФАКТ ЧИСТ ПОДЗЕМ'!S5:S52) -> 0 | H69: =IF(F69=0,0,G69/F69) -> 0 | I69: =H69*E69 -> 0
B70: ✓ Сумма весов ур.4 | D70: =D62+D66 -> 1
A72: НАДЗЕМНАЯ ЧАСТЬ — К1
A73: Код | B73: Название | C73: Тип | D73: Вес ур.4 | E73: Вес ур.5 | F73: План м² | G73: Факт м² | H73: Факт % | I73: Взвеш. %
A74: 8.2.1 | B74: =СПРАВОЧНИК!C9 -> Отделка лобби/гранд-лобби | C74: Главная | F74: =СПРАВОЧНИК!B28 -> 0 | G74: =G75*D75+G79*D79 -> 0 | H74: =IF(F74=0,0,G74/F74) -> 0 | I74: =I75+I79 -> 0
B75: Черновая | D75: =СПРАВОЧНИК!E9 -> 0.4 | F75: =F74 -> 0 | G75: =G76*E76+G77*E77+G78*E78 -> 0 | H75: =IF(F75=0,0,G75/F75) -> 0 | I75: =H75*D75 -> 0
B76: Пол | C76: Вид | E76: =СПРАВОЧНИК!H9 -> 0.2 | F76: =F74 -> 0 | G76: =SUM('ФАКТ ЧЕРН К1'!B5:B52) -> 0 | H76: =IF(F76=0,0,G76/F76) -> 0 | I76: =H76*E76 -> 0
B77: Стены | C77: Вид | E77: =СПРАВОЧНИК!I9 -> 0.63 | F77: =F74 -> 0 | G77: =SUM('ФАКТ ЧЕРН К1'!C5:C52) -> 0 | H77: =IF(F77=0,0,G77/F77) -> 0 | I77: =H77*E77 -> 0
B78: Потолок | C78: Вид | E78: =СПРАВОЧНИК!J9 -> 0.17 | F78: =F74 -> 0 | G78: =SUM('ФАКТ ЧЕРН К1'!D5:D52) -> 0 | H78: =IF(F78=0,0,G78/F78) -> 0 | I78: =H78*E78 -> 0
B79: Чистовая | D79: =СПРАВОЧНИК!F9 -> 0.6 | F79: =F74 -> 0 | G79: =G80*E80+G81*E81+G82*E82+G83*E83 -> 0 | H79: =IF(F79=0,0,G79/F79) -> 0 | I79: =H79*D79 -> 0
B80: Пол | C80: Вид | E80: =СПРАВОЧНИК!L9 -> 0.14 | F80: =F74 -> 0 | G80: =SUM('ФАКТ ЧИСТ К1'!B5:B52) -> 0 | H80: =IF(F80=0,0,G80/F80) -> 0 | I80: =H80*E80 -> 0
B81: Стены | C81: Вид | E81: =СПРАВОЧНИК!M9 -> 0.41 | F81: =F74 -> 0 | G81: =SUM('ФАКТ ЧИСТ К1'!C5:C52) -> 0 | H81: =IF(F81=0,0,G81/F81) -> 0 | I81: =H81*E81 -> 0
B82: Потолок | C82: Вид | E82: =СПРАВОЧНИК!N9 -> 0.36 | F82: =F74 -> 0 | G82: =SUM('ФАКТ ЧИСТ К1'!D5:D52) -> 0 | H82: =IF(F82=0,0,G82/F82) -> 0 | I82: =H82*E82 -> 0
B83: Мебл. | C83: Вид | E83: =СПРАВОЧНИК!O9 -> 0.09 | F83: =F74 -> 0 | G83: =SUM('ФАКТ ЧИСТ К1'!E5:E52) -> 0 | H83: =IF(F83=0,0,G83/F83) -> 0 | I83: =H83*E83 -> 0
B84: ✓ Сумма весов ур.4 | D84: =D75+D79 -> 1
A86: 8.2.2 | B86: =СПРАВОЧНИК!C10 -> Отделка эвакуац. лестн. клетки надзем. | C86: Главная | F86: =СПРАВОЧНИК!C28 -> 0 | G86: =G87*D87+G91*D91 -> 0 | H86: =IF(F86=0,0,G86/F86) -> 0 | I86: =I87+I91 -> 0
B87: Черновая | D87: =СПРАВОЧНИК!E10 -> 0.33 | F87: =F86 -> 0 | G87: =G88*E88+G89*E89+G90*E90 -> 0 | H87: =IF(F87=0,0,G87/F87) -> 0 | I87: =H87*D87 -> 0
B88: Пол | C88: Вид | E88: =СПРАВОЧНИК!H10 -> 0.2 | F88: =F86 -> 0 | G88: =SUM('ФАКТ ЧЕРН К1'!E5:E52) -> 0 | H88: =IF(F88=0,0,G88/F88) -> 0 | I88: =H88*E88 -> 0
B89: Стены | C89: Вид | E89: =СПРАВОЧНИК!I10 -> 0.61 | F89: =F86 -> 0 | G89: =SUM('ФАКТ ЧЕРН К1'!F5:F52) -> 0 | H89: =IF(F89=0,0,G89/F89) -> 0 | I89: =H89*E89 -> 0
B90: Потолок | C90: Вид | E90: =СПРАВОЧНИК!J10 -> 0.19 | F90: =F86 -> 0 | G90: =SUM('ФАКТ ЧЕРН К1'!G5:G52) -> 0 | H90: =IF(F90=0,0,G90/F90) -> 0 | I90: =H90*E90 -> 0
B91: Чистовая | D91: =СПРАВОЧНИК!F10 -> 0.67 | F91: =F86 -> 0 | G91: =G92*E92+G93*E93+G94*E94 -> 0 | H91: =IF(F91=0,0,G91/F91) -> 0 | I91: =H91*D91 -> 0
B92: Пол | C92: Вид | E92: =СПРАВОЧНИК!L10 -> 0.38 | F92: =F86 -> 0 | G92: =SUM('ФАКТ ЧИСТ К1'!F5:F52) -> 0 | H92: =IF(F92=0,0,G92/F92) -> 0 | I92: =H92*E92 -> 0
B93: Стены | C93: Вид | E93: =СПРАВОЧНИК!M10 -> 0.35 | F93: =F86 -> 0 | G93: =SUM('ФАКТ ЧИСТ К1'!G5:G52) -> 0 | H93: =IF(F93=0,0,G93/F93) -> 0 | I93: =H93*E93 -> 0
B94: Потолок | C94: Вид | E94: =СПРАВОЧНИК!N10 -> 0.27 | F94: =F86 -> 0 | G94: =SUM('ФАКТ ЧИСТ К1'!H5:H52) -> 0 | H94: =IF(F94=0,0,G94/F94) -> 0 | I94: =H94*E94 -> 0
B95: ✓ Сумма весов ур.4 | D95: =D87+D91 -> 1
A97: 8.2.3 | B97: =СПРАВОЧНИК!C11 -> Лифт. холлы, тамбур-шлюзы надзем. | C97: Главная | F97: =СПРАВОЧНИК!D28 -> 0 | G97: =G98*D98+G102*D102 -> 0 | H97: =IF(F97=0,0,G97/F97) -> 0 | I97: =I98+I102 -> 0
B98: Черновая | D98: =СПРАВОЧНИК!E11 -> 0.4 | F98: =F97 -> 0 | G98: =G99*E99+G100*E100+G101*E101 -> 0 | H98: =IF(F98=0,0,G98/F98) -> 0 | I98: =H98*D98 -> 0
B99: Пол | C99: Вид | E99: =СПРАВОЧНИК!H11 -> 0.4 | F99: =F97 -> 0 | G99: =SUM('ФАКТ ЧЕРН К1'!H5:H52) -> 0 | H99: =IF(F99=0,0,G99/F99) -> 0 | I99: =H99*E99 -> 0
B100: Стены | C100: Вид | E100: =СПРАВОЧНИК!I11 -> 0.3 | F100: =F97 -> 0 | G100: =SUM('ФАКТ ЧЕРН К1'!I5:I52) -> 0 | H100: =IF(F100=0,0,G100/F100) -> 0 | I100: =H100*E100 -> 0
B101: Потолок | C101: Вид | E101: =СПРАВОЧНИК!J11 -> 0.3 | F101: =F97 -> 0 | G101: =SUM('ФАКТ ЧЕРН К1'!J5:J52) -> 0 | H101: =IF(F101=0,0,G101/F101) -> 0 | I101: =H101*E101 -> 0
B102: Чистовая | D102: =СПРАВОЧНИК!F11 -> 0.6 | F102: =F97 -> 0 | G102: =G103*E103+G104*E104+G105*E105 -> 0 | H102: =IF(F102=0,0,G102/F102) -> 0 | I102: =H102*D102 -> 0
B103: Пол | C103: Вид | E103: =СПРАВОЧНИК!L11 -> 0.2 | F103: =F97 -> 0 | G103: =SUM('ФАКТ ЧИСТ К1'!I5:I52) -> 0 | H103: =IF(F103=0,0,G103/F103) -> 0 | I103: =H103*E103 -> 0
B104: Стены | C104: Вид | E104: =СПРАВОЧНИК!M11 -> 0.6 | F104: =F97 -> 0 | G104: =SUM('ФАКТ ЧИСТ К1'!J5:J52) -> 0 | H104: =IF(F104=0,0,G104/F104) -> 0 | I104: =H104*E104 -> 0
B105: Потолок | C105: Вид | E105: =СПРАВОЧНИК!N11 -> 0.2 | F105: =F97 -> 0 | G105: =SUM('ФАКТ ЧИСТ К1'!K5:K52) -> 0 | H105: =IF(F105=0,0,G105/F105) -> 0 | I105: =H105*E105 -> 0
B106: ✓ Сумма весов ур.4 | D106: =D98+D102 -> 1
A108: 8.2.4 | B108: =СПРАВОЧНИК!C12 -> Технич. помещения надзем. | C108: Главная | F108: =СПРАВОЧНИК!E28 -> 0 | G108: =G109*D109+G113*D113 -> 0 | H108: =IF(F108=0,0,G108/F108) -> 0 | I108: =I109+I113 -> 0
B109: Черновая | D109: =СПРАВОЧНИК!E12 -> 0.32 | F109: =F108 -> 0 | G109: =G110*E110+G111*E111+G112*E112 -> 0 | H109: =IF(F109=0,0,G109/F109) -> 0 | I109: =H109*D109 -> 0
B110: Пол | C110: Вид | E110: =СПРАВОЧНИК!H12 -> 0.3 | F110: =F108 -> 0 | G110: =SUM('ФАКТ ЧЕРН К1'!K5:K52) -> 0 | H110: =IF(F110=0,0,G110/F110) -> 0 | I110: =H110*E110 -> 0
...

Sheet Лист2

Sheet SIGNAL
A1: Дата отчета | B1: Заголовок | C1: План-факт по объемам | H1: Заголовок | I1: План-факт по объемам | N1: Заголовок | O1: План-факт по объемам | T1: Заголовок | U1: План-факт по объемам | Z1: Заголовок | AA1: План-факт по объемам | AF1: Заголовок | AG1: План-факт по объемам | AL1: Заголовок | AM1: План-факт по объемам | AR1: Заголовок | AS1: План-факт по объемам | AX1: Заголовок | AY1: План-факт по объемам | BD1: Заголовок | BE1: План-факт по объемам | BJ1: Заголовок | BK1: План-факт по объемам | BP1: Заголовок | BQ1: План-факт по объемам | BV1: Заголовок | BW1: План-факт по объемам | CB1: Заголовок | CC1: План-факт по объемам | CH1: Заголовок | CI1: План-факт по объемам | CN1: Заголовок | CO1: План-факт по объемам | CT1: Заголовок | CU1: План-факт по объемам | CZ1: Заголовок | DA1: План-факт по объемам
A2: 46202 | B2: Статус | C2: true | H2: Статус | I2: true | N2: Статус | O2: true | T2: Статус | U2: true | Z2: Статус | AA2: true | AF2: Статус | AG2: true | AL2: Статус | AM2: true | AR2: Статус | AS2: true | AX2: Статус | AY2: true | BD2: Статус | BE2: true | BJ2: Статус | BK2: true | BP2: Статус | BQ2: true | BV2: Статус | BW2: true | CB2: Статус | CC2: true | CH2: Статус | CI2: true | CN2: Статус | CO2: true | CT2: Статус | CU2: true | CZ2: Статус | DA2: true
B3: Url изображения | H3: Url изображения | N3: Url изображения | T3: Url изображения | Z3: Url изображения | AF3: Url изображения | AL3: Url изображения | AR3: Url изображения | AX3: Url изображения | BD3: Url изображения | BJ3: Url изображения | BP3: Url изображения | BV3: Url изображения | CB3: Url изображения | CH3: Url изображения | CN3: Url изображения | CT3: Url изображения | CZ3: Url изображения
B4: Тип | C4: planFact2 | H4: Тип | I4: planFact2 | N4: Тип | O4: planFact2 | T4: Тип | U4: planFact2 | Z4: Тип | AA4: planFact2 | AF4: Тип | AG4: planFact2 | AL4: Тип | AM4: planFact2 | AR4: Тип | AS4: planFact2 | AX4: Тип | AY4: planFact2 | BD4: Тип | BE4: planFact2 | BJ4: Тип | BK4: planFact2 | BP4: Тип | BQ4: planFact2 | BV4: Тип | BW4: planFact2 | CB4: Тип | CC4: planFact2 | CH4: Тип | CI4: planFact2 | CN4: Тип | CO4: planFact2 | CT4: Тип | CU4: planFact2 | CZ4: Тип | DA4: planFact2
B6: Дата | C6: =$A$2 -> 46202 | H6: Дата | I6: =$A$2 -> 46202 | N6: Дата | O6: =$A$2 -> 46202 | T6: Дата | U6: =$A$2 -> 46202 | Z6: Дата | AA6: =$A$2 -> 46202 | AF6: Дата | AG6: =$A$2 -> 46202 | AL6: Дата | AM6: =$A$2 -> 46202 | AR6: Дата | AS6: =$A$2 -> 46202 | AX6: Дата | AY6: =$A$2 -> 46202 | BD6: Дата | BE6: =$A$2 -> 46202 | BJ6: Дата | BK6: =$A$2 -> 46202 | BP6: Дата | BQ6: =$A$2 -> 46202 | BV6: Дата | BW6: =$A$2 -> 46202 | CB6: Дата | CC6: =$A$2 -> 46202 | CH6: Дата | CI6: =$A$2 -> 46202 | CN6: Дата | CO6: =$A$2 -> 46202 | CT6: Дата | CU6: =$A$2 -> 46202 | CZ6: Дата | DA6: =$A$2 -> 46202
B7: Гистограмма | C7: false | H7: Гистограмма | I7: false | N7: Гистограмма | O7: false | T7: Гистограмма | U7: false | Z7: Гистограмма | AA7: false | AF7: Гистограмма | AG7: false | AL7: Гистограмма | AM7: false | AR7: Гистограмма | AS7: false | AX7: Гистограмма | AY7: false | BD7: Гистограмма | BE7: false | BJ7: Гистограмма | BK7: false | BP7: Гистограмма | BQ7: false | BV7: Гистограмма | BW7: false | CB7: Гистограмма | CC7: false | CH7: Гистограмма | CI7: false | CN7: Гистограмма | CO7: false | CT7: Гистограмма | CU7: false | CZ7: Гистограмма | DA7: false
B8: По месяцам | C8: false | H8: По месяцам | I8: false | N8: По месяцам | O8: false | T8: По месяцам | U8: false | Z8: По месяцам | AA8: false | AF8: По месяцам | AG8: false | AL8: По месяцам | AM8: false | AR8: По месяцам | AS8: false | AX8: По месяцам | AY8: false | BD8: По месяцам | BE8: false | BJ8: По месяцам | BK8: false | BP8: По месяцам | BQ8: false | BV8: По месяцам | BW8: false | CB8: По месяцам | CC8: false | CH8: По месяцам | CI8: false | CN8: По месяцам | CO8: false | CT8: По месяцам | CU8: false | CZ8: По месяцам | DA8: false
B9: Всего | C9: =СПРАВОЧНИК!D18 -> 0 | H9: Всего | I9: =СПРАВОЧНИК!D18 -> 0 | N9: Всего | O9: =СПРАВОЧНИК!D18 -> 0 | T9: Всего | U9: =СПРАВОЧНИК!B28+СПРАВОЧНИК!C28+СПРАВОЧНИК!D28+СПРАВОЧНИК!E28+СПРАВОЧНИК!F28+СПРАВОЧНИК!G28+СПРАВОЧНИК!H28 -> 0 | Z9: Всего | AA9: =СПРАВОЧНИК!B28+СПРАВОЧНИК!C28+СПРАВОЧНИК!D28+СПРАВОЧНИК!E28+СПРАВОЧНИК!F28+СПРАВОЧНИК!G28+СПРАВОЧНИК!H28 -> 0 | AF9: Всего | AG9: =СПРАВОЧНИК!B28+СПРАВОЧНИК!C28+СПРАВОЧНИК!D28+СПРАВОЧНИК!E28+СПРАВОЧНИК!F28+СПРАВОЧНИК!G28+СПРАВОЧНИК!H28 -> 0 | AL9: Всего | AM9: =СПРАВОЧНИК!B29+СПРАВОЧНИК!C29+СПРАВОЧНИК!D29+СПРАВОЧНИК!E29+СПРАВОЧНИК!F29+СПРАВОЧНИК!G29+СПРАВОЧНИК!H29 -> 0 | AR9: Всего | AS9: =СПРАВОЧНИК!B29+СПРАВОЧНИК!C29+СПРАВОЧНИК!D29+СПРАВОЧНИК!E29+СПРАВОЧНИК!F29+СПРАВОЧНИК!G29+СПРАВОЧНИК!H29 -> 0 | AX9: Всего | AY9: =СПРАВОЧНИК!B29+СПРАВОЧНИК!C29+СПРАВОЧНИК!D29+СПРАВОЧНИК!E29+СПРАВОЧНИК!F29+СПРАВОЧНИК!G29+СПРАВОЧНИК!H29 -> 0 | BD9: Всего | BE9: =СПРАВОЧНИК!B30+СПРАВОЧНИК!C30+СПРАВОЧНИК!D30+СПРАВОЧНИК!E30+СПРАВОЧНИК!F30+СПРАВОЧНИК!G30+СПРАВОЧНИК!H30 -> 0 | BJ9: Всего | BK9: =СПРАВОЧНИК!B30+СПРАВОЧНИК!C30+СПРАВОЧНИК!D30+СПРАВОЧНИК!E30+СПРАВОЧНИК!F30+СПРАВОЧНИК!G30+СПРАВОЧНИК!H30 -> 0 | BP9: Всего | BQ9: =СПРАВОЧНИК!B30+СПРАВОЧНИК!C30+СПРАВОЧНИК!D30+СПРАВОЧНИК!E30+СПРАВОЧНИК!F30+СПРАВОЧНИК!G30+СПРАВОЧНИК!H30 -> 0 | BV9: Всего | BW9: =СПРАВОЧНИК!D19 -> 0 | CB9: Всего | CC9: =СПРАВОЧНИК!D19 -> 0 | CH9: Всего | CI9: =СПРАВОЧНИК!D19 -> 0 | CN9: Всего | CO9: =СПРАВОЧНИК!D18+СПРАВОЧНИК!D19 -> 0 | CT9: Всего | CU9: =СПРАВОЧНИК!D18+СПРАВОЧНИК!D19 -> 0 | CZ9: Всего | DA9: =СПРАВОЧНИК!D18+СПРАВОЧНИК!D19 -> 0
B10: Тип | C10: 8.1 Подземная часть: Общий | H10: Тип | I10: 8.1 Подземная часть: Черновая | N10: Тип | O10: 8.1 Подземная часть: Чистовая | T10: Тип | U10: 8.2 Надземная К1: Общий | Z10: Тип | AA10: 8.2 Надземная К1: Черновая | AF10: Тип | AG10: 8.2 Надземная К1: Чистовая | AL10: Тип | AM10: 8.2 Надземная К2: Общий | AR10: Тип | AS10: 8.2 Надземная К2: Черновая | AX10: Тип | AY10: 8.2 Надземная К2: Чистовая | BD10: Тип | BE10: 8.2 Надземная К3: Общий | BJ10: Тип | BK10: 8.2 Надземная К3: Черновая | BP10: Тип | BQ10: 8.2 Надземная К3: Чистовая | BV10: Тип | BW10: 8.2 Надзем. (все): Общий | CB10: Тип | CC10: 8.2 Надзем. (все): Черновая | CH10: Тип | CI10: 8.2 Надзем. (все): Чистовая | CN10: Тип | CO10: 8. Отделка общий: Общий | CT10: Тип | CU10: 8. Отделка общий: Черновая | CZ10: Тип | DA10: 8. Отделка общий: Чистовая
B11: Ед. изм. | C11: м2 | H11: Ед. изм. | I11: м2 | N11: Ед. изм. | O11: м2 | T11: Ед. изм. | U11: м2 | Z11: Ед. изм. | AA11: м2 | AF11: Ед. изм. | AG11: м2 | AL11: Ед. изм. | AM11: м2 | AR11: Ед. изм. | AS11: м2 | AX11: Ед. изм. | AY11: м2 | BD11: Ед. изм. | BE11: м2 | BJ11: Ед. изм. | BK11: м2 | BP11: Ед. изм. | BQ11: м2 | BV11: Ед. изм. | BW11: м2 | CB11: Ед. изм. | CC11: м2 | CH11: Ед. изм. | CI11: м2 | CN11: Ед. изм. | CO11: м2 | CT11: Ед. изм. | CU11: м2 | CZ11: Ед. изм. | DA11: м2
B12: Учитывать дату карточки | C12: true | H12: Учитывать дату карточки | I12: true | N12: Учитывать дату карточки | O12: true | T12: Учитывать дату карточки | U12: true | Z12: Учитывать дату карточки | AA12: true | AF12: Учитывать дату карточки | AG12: true | AL12: Учитывать дату карточки | AM12: true | AR12: Учитывать дату карточки | AS12: true | AX12: Учитывать дату карточки | AY12: true | BD12: Учитывать дату карточки | BE12: true | BJ12: Учитывать дату карточки | BK12: true | BP12: Учитывать дату карточки | BQ12: true | BV12: Учитывать дату карточки | BW12: true | CB12: Учитывать дату карточки | CC12: true | CH12: Учитывать дату карточки | CI12: true | CN12: Учитывать дату карточки | CO12: true | CT12: Учитывать дату карточки | CU12: true | CZ12: Учитывать дату карточки | DA12: true
B13: Данные | H13: Данные | N13: Данные | T13: Данные | Z13: Данные | AF13: Данные | AL13: Данные | AR13: Данные | AX13: Данные | BD13: Данные | BJ13: Данные | BP13: Данные | BV13: Данные | CB13: Данные | CH13: Данные | CN13: Данные | CT13: Данные | CZ13: Данные
C14: =СПРАВОЧНИК!$B$35 -> 46174 | D14: =СПРАВОЧНИК!$E$3*('ПЛАН ЧЕРН ПОДЗЕМ'!B5*СПРАВОЧНИК!$H$3+'ПЛАН ЧЕРН ПОДЗЕМ'!C5*СПРАВОЧНИК!$I$3+'ПЛАН ЧЕРН ПОДЗЕМ'!D5*СПРАВОЧНИК!$J$3)+СПРАВОЧНИК!$E$4*('ПЛАН ЧЕРН ПОДЗЕМ'!E5*СПРАВОЧНИК!$H$4+'ПЛАН ЧЕРН ПОДЗЕМ'!F5*СПРАВОЧНИК!$I$4+'ПЛАН ЧЕРН ПОДЗЕМ'!G5*СПРАВОЧНИК!$J$4)+СПРАВОЧНИК!$E$5*('ПЛАН ЧЕРН ПОДЗЕМ'!H5*СПРАВОЧНИК!$H$5+'ПЛАН ЧЕРН ПОДЗЕМ'!I5*СПРАВОЧНИК!$I$5+'ПЛАН ЧЕРН ПОДЗЕМ'!J5*СПРАВОЧНИК!$J$5)+СПРАВОЧНИК!$E$6*('ПЛАН ЧЕРН ПОДЗЕМ'!K5*СПРАВОЧНИК!$H$6+'ПЛАН ЧЕРН ПОДЗЕМ'!L5*СПРАВОЧНИК!$I$6+'ПЛАН ЧЕРН ПОДЗЕМ'!M5*СПРАВОЧНИК!$J$6)+СПРАВОЧНИК!$E$7*('ПЛАН ЧЕРН ПОДЗЕМ'!N5*СПРАВОЧНИК!$H$7+'ПЛАН ЧЕРН ПОДЗЕМ'!O5*СПРАВОЧНИК!$I$7+'ПЛАН ЧЕРН ПОДЗЕМ'!P5*СПРАВОЧНИК!$J$7)+СПРАВОЧНИК!$E$8*('ПЛАН ЧЕРН ПОДЗЕМ'!Q5*СПРАВОЧНИК!$H$8+'ПЛАН ЧЕРН ПОДЗЕМ'!R5*СПРАВОЧНИК!$I$8+'ПЛАН ЧЕРН ПОДЗЕМ'!S5*СПРАВОЧНИК!$J$8)+СПРАВОЧНИК!$F$3*('ПЛАН ЧИСТ ПОДЗЕМ'!B5*СПРАВОЧНИК!$L$3+'ПЛАН ЧИСТ ПОДЗЕМ'!C5*СПРАВОЧНИК!$M$3+'ПЛАН ЧИСТ ПОДЗЕМ'!D5*СПРАВОЧНИК!$N$3)+СПРАВОЧНИК!$F$4*('ПЛАН ЧИСТ ПОДЗЕМ'!E5*СПРАВОЧНИК!$L$4+'ПЛАН ЧИСТ ПОДЗЕМ'!F5*СПРАВОЧНИК!$M$4+'ПЛАН ЧИСТ ПОДЗЕМ'!G5*СПРАВОЧНИК!$N$4)+СПРАВОЧНИК!$F$5*('ПЛАН ЧИСТ ПОДЗЕМ'!H5*СПРАВОЧНИК!$L$5+'ПЛАН ЧИСТ ПОДЗЕМ'!I5*СПРАВОЧНИК!$M$5+'ПЛАН ЧИСТ ПОДЗЕМ'!J5*СПРАВОЧНИК!$N$5)+СПРАВОЧНИК!$F$6*('ПЛАН ЧИСТ ПОДЗЕМ'!K5*СПРАВОЧНИК!$L$6+'ПЛАН ЧИСТ ПОДЗЕМ'!L5*СПРАВОЧНИК!$M$6+'ПЛАН ЧИСТ ПОДЗЕМ'!M5*СПРАВОЧНИК!$N$6)+СПРАВОЧНИК!$F$7*('ПЛАН ЧИСТ ПОДЗЕМ'!N5*СПРАВОЧНИК!$L$7+'ПЛАН ЧИСТ ПОДЗЕМ'!O5*СПРАВОЧНИК!$M$7+'ПЛАН ЧИСТ ПОДЗЕМ'!P5*СПРАВОЧНИК!$N$7)+СПРАВОЧНИК!$F$8*('ПЛАН ЧИСТ ПОДЗЕМ'!Q5*СПРАВОЧНИК!$L$8+'ПЛАН ЧИСТ ПОДЗЕМ'!R5*СПРАВОЧНИК!$M$8+'ПЛАН ЧИСТ ПОДЗЕМ'!S5*СПРАВОЧНИК!$N$8) -> 0 | E14: =СПРАВОЧНИК!$E$3*(('ФАКТ ЧЕРН ПОДЗЕМ'!B5)*СПРАВОЧНИК!$H$3+('ФАКТ ЧЕРН ПОДЗЕМ'!C5)*СПРАВОЧНИК!$I$3+('ФАКТ ЧЕРН ПОДЗЕМ'!D5)*СПРАВОЧНИК!$J$3)+СПРАВОЧНИК!$E$4*(('ФАКТ ЧЕРН ПОДЗЕМ'!E5)*СПРАВОЧНИК!$H$4+('ФАКТ ЧЕРН ПОДЗЕМ'!F5)*СПРАВОЧНИК!$I$4+('ФАКТ ЧЕРН ПОДЗЕМ'!G5)*СПРАВОЧНИК!$J$4)+СПРАВОЧНИК!$E$5*(('ФАКТ ЧЕРН ПОДЗЕМ'!H5)*СПРАВОЧНИК!$H$5+('ФАКТ ЧЕРН ПОДЗЕМ'!I5)*СПРАВОЧНИК!$I$5+('ФАКТ ЧЕРН ПОДЗЕМ'!J5)*СПРАВОЧНИК!$J$5)+СПРАВОЧНИК!$E$6*(('ФАКТ ЧЕРН ПОДЗЕМ'!K5)*СПРАВОЧНИК!$H$6+('ФАКТ ЧЕРН ПОДЗЕМ'!L5)*СПРАВОЧНИК!$I$6+('ФАКТ ЧЕРН ПОДЗЕМ'!M5)*СПРАВОЧНИК!$J$6)+СПРАВОЧНИК!$E$7*(('ФАКТ ЧЕРН ПОДЗЕМ'!N5)*СПРАВОЧНИК!$H$7+('ФАКТ ЧЕРН ПОДЗЕМ'!O5)*СПРАВОЧНИК!$I$7+('ФАКТ ЧЕРН ПОДЗЕМ'!P5)*СПРАВОЧНИК!$J$7)+СПРАВОЧНИК!$E$8*(('ФАКТ ЧЕРН ПОДЗЕМ'!Q5)*СПРАВОЧНИК!$H$8+('ФАКТ ЧЕРН ПОДЗЕМ'!R5)*СПРАВОЧНИК!$I$8+('ФАКТ ЧЕРН ПОДЗЕМ'!S5)*СПРАВОЧНИК!$J$8)+СПРАВОЧНИК!$F$3*(('ФАКТ ЧИСТ ПОДЗЕМ'!B5)*СПРАВОЧНИК!$L$3+('ФАКТ ЧИСТ ПОДЗЕМ'!C5)*СПРАВОЧНИК!$M$3+('ФАКТ ЧИСТ ПОДЗЕМ'!D5)*СПРАВОЧНИК!$N$3)+СПРАВОЧНИК!$F$4*(('ФАКТ ЧИСТ ПОДЗЕМ'!E5)*СПРАВОЧНИК!$L$4+('ФАКТ ЧИСТ ПОДЗЕМ'!F5)*СПРАВОЧНИК!$M$4+('ФАКТ ЧИСТ ПОДЗЕМ'!G5)*СПРАВОЧНИК!$N$4)+СПРАВОЧНИК!$F$5*(('ФАКТ ЧИСТ ПОДЗЕМ'!H5)*СПРАВОЧНИК!$L$5+('ФАКТ ЧИСТ ПОДЗЕМ'!I5)*СПРАВОЧНИК!$M$5+('ФАКТ ЧИСТ ПОДЗЕМ'!J5)*СПРАВОЧНИК!$N$5)+СПРАВОЧНИК!$F$6*(('ФАКТ ЧИСТ ПОДЗЕМ'!K5)*СПРАВОЧНИК!$L$6+('ФАКТ ЧИСТ ПОДЗЕМ'!L5)*СПРАВОЧНИК!$M$6+('ФАКТ ЧИСТ ПОДЗЕМ'!M5)*СПРАВОЧНИК!$N$6)+СПРАВОЧНИК!$F$7*(('ФАКТ ЧИСТ ПОДЗЕМ'!N5)*СПРАВОЧНИК!$L$7+('ФАКТ ЧИСТ ПОДЗЕМ'!O5)*СПРАВОЧНИК!$M$7+('ФАКТ ЧИСТ ПОДЗЕМ'!P5)*СПРАВОЧНИК!$N$7)+СПРАВОЧНИК!$F$8*(('ФАКТ ЧИСТ ПОДЗЕМ'!Q5)*СПРАВОЧНИК!$L$8+('ФАКТ ЧИСТ ПОДЗЕМ'!R5)*СПРАВОЧНИК!$M$8+('ФАКТ ЧИСТ ПОДЗЕМ'!S5)*СПРАВОЧНИК!$N$8) -> 0 | I14: =СПРАВОЧНИК!$B$35 -> 46174 | J14: ='ПЛАН ЧЕРН ПОДЗЕМ'!B5*СПРАВОЧНИК!$H$3+'ПЛАН ЧЕРН ПОДЗЕМ'!C5*СПРАВОЧНИК!$I$3+'ПЛАН ЧЕРН ПОДЗЕМ'!D5*СПРАВОЧНИК!$J$3+'ПЛАН ЧЕРН ПОДЗЕМ'!E5*СПРАВОЧНИК!$H$4+'ПЛАН ЧЕРН ПОДЗЕМ'!F5*СПРАВОЧНИК!$I$4+'ПЛАН ЧЕРН ПОДЗЕМ'!G5*СПРАВОЧНИК!$J$4+'ПЛАН ЧЕРН ПОДЗЕМ'!H5*СПРАВОЧНИК!$H$5+'ПЛАН ЧЕРН ПОДЗЕМ'!I5*СПРАВОЧНИК!$I$5+'ПЛАН ЧЕРН ПОДЗЕМ'!J5*СПРАВОЧНИК!$J$5+'ПЛАН ЧЕРН ПОДЗЕМ'!K5*СПРАВОЧНИК!$H$6+'ПЛАН ЧЕРН ПОДЗЕМ'!L5*СПРАВОЧНИК!$I$6+'ПЛАН ЧЕРН ПОДЗЕМ'!M5*СПРАВОЧНИК!$J$6+'ПЛАН ЧЕРН ПОДЗЕМ'!N5*СПРАВОЧНИК!$H$7+'ПЛАН ЧЕРН ПОДЗЕМ'!O5*СПРАВОЧНИК!$I$7+'ПЛАН ЧЕРН ПОДЗЕМ'!P5*СПРАВОЧНИК!$J$7+'ПЛАН ЧЕРН ПОДЗЕМ'!Q5*СПРАВОЧНИК!$H$8+'ПЛАН ЧЕРН ПОДЗЕМ'!R5*СПРАВОЧНИК!$I$8+'ПЛАН ЧЕРН ПОДЗЕМ'!S5*СПРАВОЧНИК!$J$8 -> 0 | K14: =('ФАКТ ЧЕРН ПОДЗЕМ'!B5)*СПРАВОЧНИК!$H$3+('ФАКТ ЧЕРН ПОДЗЕМ'!C5)*СПРАВОЧНИК!$I$3+('ФАКТ ЧЕРН ПОДЗЕМ'!D5)*СПРАВОЧНИК!$J$3+('ФАКТ ЧЕРН ПОДЗЕМ'!E5)*СПРАВОЧНИК!$H$4+('ФАКТ ЧЕРН ПОДЗЕМ'!F5)*СПРАВОЧНИК!$I$4+('ФАКТ ЧЕРН ПОДЗЕМ'!G5)*СПРАВОЧНИК!$J$4+('ФАКТ ЧЕРН ПОДЗЕМ'!H5)*СПРАВОЧНИК!$H$5+('ФАКТ ЧЕРН ПОДЗЕМ'!I5)*СПРАВОЧНИК!$I$5+('ФАКТ ЧЕРН ПОДЗЕМ'!J5)*СПРАВОЧНИК!$J$5+('ФАКТ ЧЕРН ПОДЗЕМ'!K5)*СПРАВОЧНИК!$H$6+('ФАКТ ЧЕРН ПОДЗЕМ'!L5)*СПРАВОЧНИК!$I$6+('ФАКТ ЧЕРН ПОДЗЕМ'!M5)*СПРАВОЧНИК!$J$6+('ФАКТ ЧЕРН ПОДЗЕМ'!N5)*СПРАВОЧНИК!$H$7+('ФАКТ ЧЕРН ПОДЗЕМ'!O5)*СПРАВОЧНИК!$I$7+('ФАКТ ЧЕРН ПОДЗЕМ'!P5)*СПРАВОЧНИК!$J$7+('ФАКТ ЧЕРН ПОДЗЕМ'!Q5)*СПРАВОЧНИК!$H$8+('ФАКТ ЧЕРН ПОДЗЕМ'!R5)*СПРАВОЧНИК!$I$8+('ФАКТ ЧЕРН ПОДЗЕМ'!S5)*СПРАВОЧНИК!$J$8 -> 0 | O14: =СПРАВОЧНИК!$B$35 -> 46174 | P14: ='ПЛАН ЧИСТ ПОДЗЕМ'!B5*СПРАВОЧНИК!$L$3+'ПЛАН ЧИСТ ПОДЗЕМ'!C5*СПРАВОЧНИК!$M$3+'ПЛАН ЧИСТ ПОДЗЕМ'!D5*СПРАВОЧНИК!$N$3+'ПЛАН ЧИСТ ПОДЗЕМ'!E5*СПРАВОЧНИК!$L$4+'ПЛАН ЧИСТ ПОДЗЕМ'!F5*СПРАВОЧНИК!$M$4+'ПЛАН ЧИСТ ПОДЗЕМ'!G5*СПРАВОЧНИК!$N$4+'ПЛАН ЧИСТ ПОДЗЕМ'!H5*СПРАВОЧНИК!$L$5+'ПЛАН ЧИСТ ПОДЗЕМ'!I5*СПРАВОЧНИК!$M$5+'ПЛАН ЧИСТ ПОДЗЕМ'!J5*СПРАВОЧНИК!$N$5+'ПЛАН ЧИСТ ПОДЗЕМ'!K5*СПРАВОЧНИК!$L$6+'ПЛАН ЧИСТ ПОДЗЕМ'!L5*СПРАВОЧНИК!$M$6+'ПЛАН ЧИСТ ПОДЗЕМ'!M5*СПРАВОЧНИК!$N$6+'ПЛАН ЧИСТ ПОДЗЕМ'!N5*СПРАВОЧНИК!$L$7+'ПЛАН ЧИСТ ПОДЗЕМ'!O5*СПРАВОЧНИК!$M$7+'ПЛАН ЧИСТ ПОДЗЕМ'!P5*СПРАВОЧНИК!$N$7+'ПЛАН ЧИСТ ПОДЗЕМ'!Q5*СПРАВОЧНИК!$L$8+'ПЛАН ЧИСТ ПОДЗЕМ'!R5*СПРАВОЧНИК!$M$8+'ПЛАН ЧИСТ ПОДЗЕМ'!S5*СПРАВОЧНИК!$N$8 -> 0 | Q14: =('ФАКТ ЧИСТ ПОДЗЕМ'!B5)*СПРАВОЧНИК!$L$3+('ФАКТ ЧИСТ ПОДЗЕМ'!C5)*СПРАВОЧНИК!$M$3+('ФАКТ ЧИСТ ПОДЗЕМ'!D5)*СПРАВОЧНИК!$N$3+('ФАКТ ЧИСТ ПОДЗЕМ'!E5)*СПРАВОЧНИК!$L$4+('ФАКТ ЧИСТ ПОДЗЕМ'!F5)*СПРАВОЧНИК!$M$4+('ФАКТ ЧИСТ ПОДЗЕМ'!G5)*СПРАВОЧНИК!$N$4+('ФАКТ ЧИСТ ПОДЗЕМ'!H5)*СПРАВОЧНИК!$L$5+('ФАКТ ЧИСТ ПОДЗЕМ'!I5)*СПРАВОЧНИК!$M$5+('ФАКТ ЧИСТ ПОДЗЕМ'!J5)*СПРАВОЧНИК!$N$5+('ФАКТ ЧИСТ ПОДЗЕМ'!K5)*СПРАВОЧНИК!$L$6+('ФАКТ ЧИСТ ПОДЗЕМ'!L5)*СПРАВОЧНИК!$M$6+('ФАКТ ЧИСТ ПОДЗЕМ'!M5)*СПРАВОЧНИК!$N$6+('ФАКТ ЧИСТ ПОДЗЕМ'!N5)*СПРАВОЧНИК!$L$7+('ФАКТ ЧИСТ ПОДЗЕМ'!O5)*СПРАВОЧНИК!$M$7+('ФАКТ ЧИСТ ПОДЗЕМ'!P5)*СПРАВОЧНИК!$N$7+('ФАКТ ЧИСТ ПОДЗЕМ'!Q5)*СПРАВОЧНИК!$L$8+('ФАКТ ЧИСТ ПОДЗЕМ'!R5)*СПРАВОЧНИК!$M$8+('ФАКТ ЧИСТ ПОДЗЕМ'!S5)*СПРАВОЧНИК!$N$8 -> 0 | U14: =СПРАВОЧНИК!$B$35 -> 46174 | V14: =СПРАВОЧНИК!$E$9*('ПЛАН ЧЕРН К1'!B5*СПРАВОЧНИК!$H$9+'ПЛАН ЧЕРН К1'!C5*СПРАВОЧНИК!$I$9+'ПЛАН ЧЕРН К1'!D5*СПРАВОЧНИК!$J$9)+СПРАВОЧНИК!$E$10*('ПЛАН ЧЕРН К1'!E5*СПРАВОЧНИК!$H$10+'ПЛАН ЧЕРН К1'!F5*СПРАВОЧНИК!$I$10+'ПЛАН ЧЕРН К1'!G5*СПРАВОЧНИК!$J$10)+СПРАВОЧНИК!$E$11*('ПЛАН ЧЕРН К1'!H5*СПРАВОЧНИК!$H$11+'ПЛАН ЧЕРН К1'!I5*СПРАВОЧНИК!$I$11+'ПЛАН ЧЕРН К1'!J5*СПРАВОЧНИК!$J$11)+СПРАВОЧНИК!$E$12*('ПЛАН ЧЕРН К1'!K5*СПРАВОЧНИК!$H$12+'ПЛАН ЧЕРН К1'!L5*СПРАВОЧНИК!$I$12+'ПЛАН ЧЕРН К1'!M5*СПРАВОЧНИК!$J$12)+СПРАВОЧНИК!$E$13*('ПЛАН ЧЕРН К1'!N5*СПРАВОЧНИК!$H$13+'ПЛАН ЧЕРН К1'!O5*СПРАВОЧНИК!$I$13+'ПЛАН ЧЕРН К1'!P5*СПРАВОЧНИК!$J$13)+СПРАВОЧНИК!$E$14*('ПЛАН ЧЕРН К1'!Q5*СПРАВОЧНИК!$H$14+'ПЛАН ЧЕРН К1'!R5*СПРАВОЧНИК!$I$14+'ПЛАН ЧЕРН К1'!S5*СПРАВОЧНИК!$J$14)+СПРАВОЧНИК!$E$15*('ПЛАН ЧЕРН К1'!T5*СПРАВОЧНИК!$H$15+'ПЛАН ЧЕРН К1'!U5*СПРАВОЧНИК!$I$15+'ПЛАН ЧЕРН К1'!V5*СПРАВОЧНИК!$J$15)+СПРАВОЧНИК!$F$9*('ПЛАН ЧИСТ К1'!B5*СПРАВОЧНИК!$L$9+'ПЛАН ЧИСТ К1'!C5*СПРАВОЧНИК!$M$9+'ПЛАН ЧИСТ К1'!D5*СПРАВОЧНИК!$N$9+'ПЛАН ЧИСТ К1'!E5*СПРАВОЧНИК!$O$9)+СПРАВОЧНИК!$F$10*('ПЛАН ЧИСТ К1'!F5*СПРАВОЧНИК!$L$10+'ПЛАН ЧИСТ К1'!G5*СПРАВОЧНИК!$M$10+'ПЛАН ЧИСТ К1'!H5*СПРАВОЧНИК!$N$10)+СПРАВОЧНИК!$F$11*('ПЛАН ЧИСТ К1'!I5*СПРАВОЧНИК!$L$11+'ПЛАН ЧИСТ К1'!J5*СПРАВОЧНИК!$M$11+'ПЛАН ЧИСТ К1'!K5*СПРАВОЧНИК!$N$11)+СПРАВОЧНИК!$F$12*('ПЛАН ЧИСТ К1'!L5*СПРАВОЧНИК!$L$12+'ПЛАН ЧИСТ К1'!M5*СПРАВОЧНИК!$M$12+'ПЛАН ЧИСТ К1'!N5*СПРАВОЧНИК!$N$12)+СПРАВОЧНИК!$F$13*('ПЛАН ЧИСТ К1'!O5*СПРАВОЧНИК!$L$13+'ПЛАН ЧИСТ К1'!P5*СПРАВОЧНИК!$M$13+'ПЛАН ЧИСТ К1'!Q5*СПРАВОЧНИК!$N$13)+СПРАВОЧНИК!$F$14*('ПЛАН ЧИСТ К1'!R5*СПРАВОЧНИК!$L$14+'ПЛАН ЧИСТ К1'!S5*СПРАВОЧНИК!$M$14+'ПЛАН ЧИСТ К1'!T5*СПРАВОЧНИК!$N$14)+СПРАВОЧНИК!$F$15*('ПЛАН ЧИСТ К1'!U5*СПРАВОЧНИК!$L$15+'ПЛАН ЧИСТ К1'!V5*СПРАВОЧНИК!$M$15+'ПЛАН ЧИСТ К1'!W5*СПРАВОЧНИК!$N$15) -> 0 | W14: =СПРАВОЧНИК!$E$9*(('ФАКТ ЧЕРН К1'!B5)*СПРАВОЧНИК!$H$9+('ФАКТ ЧЕРН К1'!C5)*СПРАВОЧНИК!$I$9+('ФАКТ ЧЕРН К1'!D5)*СПРАВОЧНИК!$J$9)+СПРАВОЧНИК!$E$10*(('ФАКТ ЧЕРН К1'!E5)*СПРАВОЧНИК!$H$10+('ФАКТ ЧЕРН К1'!F5)*СПРАВОЧНИК!$I$10+('ФАКТ ЧЕРН К1'!G5)*СПРАВОЧНИК!$J$10)+СПРАВОЧНИК!$E$11*(('ФАКТ ЧЕРН К1'!H5)*СПРАВОЧНИК!$H$11+('ФАКТ ЧЕРН К1'!I5)*СПРАВОЧНИК!$I$11+('ФАКТ ЧЕРН К1'!J5)*СПРАВОЧНИК!$J$11)+СПРАВОЧНИК!$E$12*(('ФАКТ ЧЕРН К1'!K5)*СПРАВОЧНИК!$H$12+('ФАКТ ЧЕРН К1'!L5)*СПРАВОЧНИК!$I$12+('ФАКТ ЧЕРН К1'!M5)*СПРАВОЧНИК!$J$12)+СПРАВОЧНИК!$E$13*(('ФАКТ ЧЕРН К1'!N5)*СПРАВОЧНИК!$H$13+('ФАКТ ЧЕРН К1'!O5)*СПРАВОЧНИК!$I$13+('ФАКТ ЧЕРН К1'!P5)*СПРАВОЧНИК!$J$13)+СПРАВОЧНИК!$E$14*(('ФАКТ ЧЕРН К1'!Q5)*СПРАВОЧНИК!$H$14+('ФАКТ ЧЕРН К1'!R5)*СПРАВОЧНИК!$I$14+('ФАКТ ЧЕРН К1'!S5)*СПРАВОЧНИК!$J$14)+СПРАВОЧНИК!$E$15*(('ФАКТ ЧЕРН К1'!T5)*СПРАВОЧНИК!$H$15+('ФАКТ ЧЕРН К1'!U5)*СПРАВОЧНИК!$I$15+('ФАКТ ЧЕРН К1'!V5)*СПРАВОЧНИК!$J$15)+СПРАВОЧНИК!$F$9*(('ФАКТ ЧИСТ К1'!B5)*СПРАВОЧНИК!$L$9+('ФАКТ ЧИСТ К1'!C5)*СПРАВОЧНИК!$M$9+('ФАКТ ЧИСТ К1'!D5)*СПРАВОЧНИК!$N$9+('ФАКТ ЧИСТ К1'!E5)*СПРАВОЧНИК!$O$9)+СПРАВОЧНИК!$F$10*(('ФАКТ ЧИСТ К1'!F5)*СПРАВОЧНИК!$L$10+('ФАКТ ЧИСТ К1'!G5)*СПРАВОЧНИК!$M$10+('ФАКТ ЧИСТ К1'!H5)*СПРАВОЧНИК!$N$10)+СПРАВОЧНИК!$F$11*(('ФАКТ ЧИСТ К1'!I5)*СПРАВОЧНИК!$L$11+('ФАКТ ЧИСТ К1'!J5)*СПРАВОЧНИК!$M$11+('ФАКТ ЧИСТ К1'!K5)*СПРАВОЧНИК!$N$11)+СПРАВОЧНИК!$F$12*(('ФАКТ ЧИСТ К1'!L5)*СПРАВОЧНИК!$L$12+('ФАКТ ЧИСТ К1'!M5)*СПРАВОЧНИК!$M$12+('ФАКТ ЧИСТ К1'!N5)*СПРАВОЧНИК!$N$12)+СПРАВОЧНИК!$F$13*(('ФАКТ ЧИСТ К1'!O5)*СПРАВОЧНИК!$L$13+('ФАКТ ЧИСТ К1'!P5)*СПРАВОЧНИК!$M$13+('ФАКТ ЧИСТ К1'!Q5)*СПРАВОЧНИК!$N$13)+СПРАВОЧНИК!$F$14*(('ФАКТ ЧИСТ К1'!R5)*СПРАВОЧНИК!$L$14+('ФАКТ ЧИСТ К1'!S5)*СПРАВОЧНИК!$M$14+('ФАКТ ЧИСТ К1'!T5)*СПРАВОЧНИК!$N$14)+СПРАВОЧНИК!$F$15*(('ФАКТ ЧИСТ К1'!U5)*СПРАВОЧНИК!$L$15+('ФАКТ ЧИСТ К1'!V5)*СПРАВОЧНИК!$M$15+('ФАКТ ЧИСТ К1'!W5)*СПРАВОЧНИК!$N$15) -> 0 | AA14: =СПРАВОЧНИК!$B$35 -> 46174 | AB14: ='ПЛАН ЧЕРН К1'!B5*СПРАВОЧНИК!$H$9+'ПЛАН ЧЕРН К1'!C5*СПРАВОЧНИК!$I$9+'ПЛАН ЧЕРН К1'!D5*СПРАВОЧНИК!$J$9+'ПЛАН ЧЕРН К1'!E5*СПРАВОЧНИК!$H$10+'ПЛАН ЧЕРН К1'!F5*СПРАВОЧНИК!$I$10+'ПЛАН ЧЕРН К1'!G5*СПРАВОЧНИК!$J$10+'ПЛАН ЧЕРН К1'!H5*СПРАВОЧНИК!$H$11+'ПЛАН ЧЕРН К1'!I5*СПРАВОЧНИК!$I$11+'ПЛАН ЧЕРН К1'!J5*СПРАВОЧНИК!$J$11+'ПЛАН ЧЕРН К1'!K5*СПРАВОЧНИК!$H$12+'ПЛАН ЧЕРН К1'!L5*СПРАВОЧНИК!$I$12+'ПЛАН ЧЕРН К1'!M5*СПРАВОЧНИК!$J$12+'ПЛАН ЧЕРН К1'!N5*СПРАВОЧНИК!$H$13+'ПЛАН ЧЕРН К1'!O5*СПРАВОЧНИК!$I$13+'ПЛАН ЧЕРН К1'!P5*СПРАВОЧНИК!$J$13+'ПЛАН ЧЕРН К1'!Q5*СПРАВОЧНИК!$H$14+'ПЛАН ЧЕРН К1'!R5*СПРАВОЧНИК!$I$14+'ПЛАН ЧЕРН К1'!S5*СПРАВОЧНИК!$J$14+'ПЛАН ЧЕРН К1'!T5*СПРАВОЧНИК!$H$15+'ПЛАН ЧЕРН К1'!U5*СПРАВОЧНИК!$I$15+'ПЛАН ЧЕРН К1'!V5*СПРАВОЧНИК!$J$15 -> 0 | AC14: =('ФАКТ ЧЕРН К1'!B5)*СПРАВОЧНИК!$H$9+('ФАКТ ЧЕРН К1'!C5)*СПРАВОЧНИК!$I$9+('ФАКТ ЧЕРН К1'!D5)*СПРАВОЧНИК!$J$9+('ФАКТ ЧЕРН К1'!E5)*СПРАВОЧНИК!$H$10+('ФАКТ ЧЕРН К1'!F5)*СПРАВОЧНИК!$I$10+('ФАКТ ЧЕРН К1'!G5)*СПРАВОЧНИК!$J$10+('ФАКТ ЧЕРН К1'!H5)*СПРАВОЧНИК!$H$11+('ФАКТ ЧЕРН К1'!I5)*СПРАВОЧНИК!$I$11+('ФАКТ ЧЕРН К1'!J5)*СПРАВОЧНИК!$J$11+('ФАКТ ЧЕРН К1'!K5)*СПРАВОЧНИК!$H$12+('ФАКТ ЧЕРН К1'!L5)*СПРАВОЧНИК!$I$12+('ФАКТ ЧЕРН К1'!M5)*СПРАВОЧНИК!$J$12+('ФАКТ ЧЕРН К1'!N5)*СПРАВОЧНИК!$H$13+('ФАКТ ЧЕРН К1'!O5)*СПРАВОЧНИК!$I$13+('ФАКТ ЧЕРН К1'!P5)*СПРАВОЧНИК!$J$13+('ФАКТ ЧЕРН К1'!Q5)*СПРАВОЧНИК!$H$14+('ФАКТ ЧЕРН К1'!R5)*СПРАВОЧНИК!$I$14+('ФАКТ ЧЕРН К1'!S5)*СПРАВОЧНИК!$J$14+('ФАКТ ЧЕРН К1'!T5)*СПРАВОЧНИК!$H$15+('ФАКТ ЧЕРН К1'!U5)*СПРАВОЧНИК!$I$15+('ФАКТ ЧЕРН К1'!V5)*СПРАВОЧНИК!$J$15 -> 0 | AG14: =СПРАВОЧНИК!$B$35 -> 46174 | AH14: ='ПЛАН ЧИСТ К1'!B5*СПРАВОЧНИК!$L$9+'ПЛАН ЧИСТ К1'!C5*СПРАВОЧНИК!$M$9+'ПЛАН ЧИСТ К1'!D5*СПРАВОЧНИК!$N$9+'ПЛАН ЧИСТ К1'!E5*СПРАВОЧНИК!$O$9+'ПЛАН ЧИСТ К1'!F5*СПРАВОЧНИК!$L$10+'ПЛАН ЧИСТ К1'!G5*СПРАВОЧНИК!$M$10+'ПЛАН ЧИСТ К1'!H5*СПРАВОЧНИК!$N$10+'ПЛАН ЧИСТ К1'!I5*СПРАВОЧНИК!$L$11+'ПЛАН ЧИСТ К1'!J5*СПРАВОЧНИК!$M$11+'ПЛАН ЧИСТ К1'!K5*СПРАВОЧНИК!$N$11+'ПЛАН ЧИСТ К1'!L5*СПРАВОЧНИК!$L$12+'ПЛАН ЧИСТ К1'!M5*СПРАВОЧНИК!$M$12+'ПЛАН ЧИСТ К1'!N5*СПРАВОЧНИК!$N$12+'ПЛАН ЧИСТ К1'!O5*СПРАВОЧНИК!$L$13+'ПЛАН ЧИСТ К1'!P5*СПРАВОЧНИК!$M$13+'ПЛАН ЧИСТ К1'!Q5*СПРАВОЧНИК!$N$13+'ПЛАН ЧИСТ К1'!R5*СПРАВОЧНИК!$L$14+'ПЛАН ЧИСТ К1'!S5*СПРАВОЧНИК!$M$14+'ПЛАН ЧИСТ К1'!T5*СПРАВОЧНИК!$N$14+'ПЛАН ЧИСТ К1'!U5*СПРАВОЧНИК!$L$15+'ПЛАН ЧИСТ К1'!V5*СПРАВОЧНИК!$M$15+'ПЛАН ЧИСТ К1'!W5*СПРАВОЧНИК!$N$15 -> 0 | AI14: =('ФАКТ ЧИСТ К1'!B5)*СПРАВОЧНИК!$L$9+('ФАКТ ЧИСТ К1'!C5)*СПРАВОЧНИК!$M$9+('ФАКТ ЧИСТ К1'!D5)*СПРАВОЧНИК!$N$9+('ФАКТ ЧИСТ К1'!E5)*СПРАВОЧНИК!$O$9+('ФАКТ ЧИСТ К1'!F5)*СПРАВОЧНИК!$L$10+('ФАКТ ЧИСТ К1'!G5)*СПРАВОЧНИК!$M$10+('ФАКТ ЧИСТ К1'!H5)*СПРАВОЧНИК!$N$10+('ФАКТ ЧИСТ К1'!I5)*СПРАВОЧНИК!$L$11+('ФАКТ ЧИСТ К1'!J5)*СПРАВОЧНИК!$M$11+('ФАКТ ЧИСТ К1'!K5)*СПРАВОЧНИК!$N$11+('ФАКТ ЧИСТ К1'!L5)*СПРАВОЧНИК!$L$12+('ФАКТ ЧИСТ К1'!M5)*СПРАВОЧНИК!$M$12+('ФАКТ ЧИСТ К1'!N5)*СПРАВОЧНИК!$N$12+('ФАКТ ЧИСТ К1'!O5)*СПРАВОЧНИК!$L$13+('ФАКТ ЧИСТ К1'!P5)*СПРАВОЧНИК!$M$13+('ФАКТ ЧИСТ К1'!Q5)*СПРАВОЧНИК!$N$13+('ФАКТ ЧИСТ К1'!R5)*СПРАВОЧНИК!$L$14+('ФАКТ ЧИСТ К1'!S5)*СПРАВОЧНИК!$M$14+('ФАКТ ЧИСТ К1'!T5)*СПРАВОЧНИК!$N$14+('ФАКТ ЧИСТ К1'!U5)*СПРАВОЧНИК!$L$15+('ФАКТ ЧИСТ К1'!V5)*СПРАВОЧНИК!$M$15+('ФАКТ ЧИСТ К1'!W5)*СПРАВОЧНИК!$N$15 -> 0 | AM14: =СПРАВОЧНИК!$B$35 -> 46174 | AN14: =СПРАВОЧНИК!$E$9*('ПЛАН ЧЕРН К2'!B5*СПРАВОЧНИК!$H$9+'ПЛАН ЧЕРН К2'!C5*СПРАВОЧНИК!$I$9+'ПЛАН ЧЕРН К2'!D5*СПРАВОЧНИК!$J$9)+СПРАВОЧНИК!$E$10*('ПЛАН ЧЕРН К2'!E5*СПРАВОЧНИК!$H$10+'ПЛАН ЧЕРН К2'!F5*СПРАВОЧНИК!$I$10+'ПЛАН ЧЕРН К2'!G5*СПРАВОЧНИК!$J$10)+СПРАВОЧНИК!$E$11*('ПЛАН ЧЕРН К2'!H5*СПРАВОЧНИК!$H$11+'ПЛАН ЧЕРН К2'!I5*СПРАВОЧНИК!$I$11+'ПЛАН ЧЕРН К2'!J5*СПРАВОЧНИК!$J$11)+СПРАВОЧНИК!$E$12*('ПЛАН ЧЕРН К2'!K5*СПРАВОЧНИК!$H$12+'ПЛАН ЧЕРН К2'!L5*СПРАВОЧНИК!$I$12+'ПЛАН ЧЕРН К2'!M5*СПРАВОЧНИК!$J$12)+СПРАВОЧНИК!$E$13*('ПЛАН ЧЕРН К2'!N5*СПРАВОЧНИК!$H$13+'ПЛАН ЧЕРН К2'!O5*СПРАВОЧНИК!$I$13+'ПЛАН ЧЕРН К2'!P5*СПРАВОЧНИК!$J$13)+СПРАВОЧНИК!$E$14*('ПЛАН ЧЕРН К2'!Q5*СПРАВОЧНИК!$H$14+'ПЛАН ЧЕРН К2'!R5*СПРАВОЧНИК!$I$14+'ПЛАН ЧЕРН К2'!S5*СПРАВОЧНИК!$J$14)+СПРАВОЧНИК!$E$15*('ПЛАН ЧЕРН К2'!T5*СПРАВОЧНИК!$H$15+'ПЛАН ЧЕРН К2'!U5*СПРАВОЧНИК!$I$15+'ПЛАН ЧЕРН К2'!V5*СПРАВОЧНИК!$J$15)+СПРАВОЧНИК!$F$9*('ПЛАН ЧИСТ К2'!B5*СПРАВОЧНИК!$L$9+'ПЛАН ЧИСТ К2'!C5*СПРАВОЧНИК!$M$9+'ПЛАН ЧИСТ К2'!D5*СПРАВОЧНИК!$N$9+'ПЛАН ЧИСТ К2'!E5*СПРАВОЧНИК!$O$9)+СПРАВОЧНИК!$F$10*('ПЛАН ЧИСТ К2'!F5*СПРАВОЧНИК!$L$10+'ПЛАН ЧИСТ К2'!G5*СПРАВОЧНИК!$M$10+'ПЛАН ЧИСТ К2'!H5*СПРАВОЧНИК!$N$10)+СПРАВОЧНИК!$F$11*('ПЛАН ЧИСТ К2'!I5*СПРАВОЧНИК!$L$11+'ПЛАН ЧИСТ К2'!J5*СПРАВОЧНИК!$M$11+'ПЛАН ЧИСТ К2'!K5*СПРАВОЧНИК!$N$11)+СПРАВОЧНИК!$F$12*('ПЛАН ЧИСТ К2'!L5*СПРАВОЧНИК!$L$12+'ПЛАН ЧИСТ К2'!M5*СПРАВОЧНИК!$M$12+'ПЛАН ЧИСТ К2'!N5*СПРАВОЧНИК!$N$12)+СПРАВОЧНИК!$F$13*('ПЛАН ЧИСТ К2'!O5*СПРАВОЧНИК!$L$13+'ПЛАН ЧИСТ К2'!P5*СПРАВОЧНИК!$M$13+'ПЛАН ЧИСТ К2'!Q5*СПРАВОЧНИК!$N$13)+СПРАВОЧНИК!$F$14*('ПЛАН ЧИСТ К2'!R5*СПРАВОЧНИК!$L$14+'ПЛАН ЧИСТ К2'!S5*СПРАВОЧНИК!$M$14+'ПЛАН ЧИСТ К2'!T5*СПРАВОЧНИК!$N$14)+СПРАВОЧНИК!$F$15*('ПЛАН ЧИСТ К2'!U5*СПРАВОЧНИК!$L$15+'ПЛАН ЧИСТ К2'!V5*СПРАВОЧНИК!$M$15+'ПЛАН ЧИСТ К2'!W5*СПРАВОЧНИК!$N$15) -> 0 | AO14: =СПРАВОЧНИК!$E$9*(('ФАКТ ЧЕРН К2'!B5)*СПРАВОЧНИК!$H$9+('ФАКТ ЧЕРН К2'!C5)*СПРАВОЧНИК!$I$9+('ФАКТ ЧЕРН К2'!D5)*СПРАВОЧНИК!$J$9)+СПРАВОЧНИК!$E$10*(('ФАКТ ЧЕРН К2'!E5)*СПРАВОЧНИК!$H$10+('ФАКТ ЧЕРН К2'!F5)*СПРАВОЧНИК!$I$10+('ФАКТ ЧЕРН К2'!G5)*СПРАВОЧНИК!$J$10)+СПРАВОЧНИК!$E$11*(('ФАКТ ЧЕРН К2'!H5)*СПРАВОЧНИК!$H$11+('ФАКТ ЧЕРН К2'!I5)*СПРАВОЧНИК!$I$11+('ФАКТ ЧЕРН К2'!J5)*СПРАВОЧНИК!$J$11)+СПРАВОЧНИК!$E$12*(('ФАКТ ЧЕРН К2'!K5)*СПРАВОЧНИК!$H$12+('ФАКТ ЧЕРН К2'!L5)*СПРАВОЧНИК!$I$12+('ФАКТ ЧЕРН К2'!M5)*СПРАВОЧНИК!$J$12)+СПРАВОЧНИК!$E$13*(('ФАКТ ЧЕРН К2'!N5)*СПРАВОЧНИК!$H$13+('ФАКТ ЧЕРН К2'!O5)*СПРАВОЧНИК!$I$13+('ФАКТ ЧЕРН К2'!P5)*СПРАВОЧНИК!$J$13)+СПРАВОЧНИК!$E$14*(('ФАКТ ЧЕРН К2'!Q5)*СПРАВОЧНИК!$H$14+('ФАКТ ЧЕРН К2'!R5)*СПРАВОЧНИК!$I$14+('ФАКТ ЧЕРН К2'!S5)*СПРАВОЧНИК!$J$14)+СПРАВОЧНИК!$E$15*(('ФАКТ ЧЕРН К2'!T5)*СПРАВОЧНИК!$H$15+('ФАКТ ЧЕРН К2'!U5)*СПРАВОЧНИК!$I$15+('ФАКТ ЧЕРН К2'!V5)*СПРАВОЧНИК!$J$15)+СПРАВОЧНИК!$F$9*(('ФАКТ ЧИСТ К2'!B5)*СПРАВОЧНИК!$L$9+('ФАКТ ЧИСТ К2'!C5)*СПРАВОЧНИК!$M$9+('ФАКТ ЧИСТ К2'!D5)*СПРАВОЧНИК!$N$9+('ФАКТ ЧИСТ К2'!E5)*СПРАВОЧНИК!$O$9)+СПРАВОЧНИК!$F$10*(('ФАКТ ЧИСТ К2'!F5)*СПРАВОЧНИК!$L$10+('ФАКТ ЧИСТ К2'!G5)*СПРАВОЧНИК!$M$10+('ФАКТ ЧИСТ К2'!H5)*СПРАВОЧНИК!$N$10)+СПРАВОЧНИК!$F$11*(('ФАКТ ЧИСТ К2'!I5)*СПРАВОЧНИК!$L$11+('ФАКТ ЧИСТ К2'!J5)*СПРАВОЧНИК!$M$11+('ФАКТ ЧИСТ К2'!K5)*СПРАВОЧНИК!$N$11)+СПРАВОЧНИК!$F$12*(('ФАКТ ЧИСТ К2'!L5)*СПРАВОЧНИК!$L$12+('ФАКТ ЧИСТ К2'!M5)*СПРАВОЧНИК!$M$12+('ФАКТ ЧИСТ К2'!N5)*СПРАВОЧНИК!$N$12)+СПРАВОЧНИК!$F$13*(('ФАКТ ЧИСТ К2'!O5)*СПРАВОЧНИК!$L$13+('ФАКТ ЧИСТ К2'!P5)*СПРАВОЧНИК!$M$13+('ФАКТ ЧИСТ К2'!Q5)*СПРАВОЧНИК!$N$13)+СПРАВОЧНИК!$F$14*(('ФАКТ ЧИСТ К2'!R5)*СПРАВОЧНИК!$L$14+('ФАКТ ЧИСТ К2'!S5)*СПРАВОЧНИК!$M$14+('ФАКТ ЧИСТ К2'!T5)*СПРАВОЧНИК!$N$14)+СПРАВОЧНИК!$F$15*(('ФАКТ ЧИСТ К2'!U5)*СПРАВОЧНИК!$L$15+('ФАКТ ЧИСТ К2'!V5)*СПРАВОЧНИК!$M$15+('ФАКТ ЧИСТ К2'!W5)*СПРАВОЧНИК!$N$15) -> 0 | AS14: =СПРАВОЧНИК!$B$35 -> 46174 | AT14: ='ПЛАН ЧЕРН К2'!B5*СПРАВОЧНИК!$H$9+'ПЛАН ЧЕРН К2'!C5*СПРАВОЧНИК!$I$9+'ПЛАН ЧЕРН К2'!D5*СПРАВОЧНИК!$J$9+'ПЛАН ЧЕРН К2'!E5*СПРАВОЧНИК!$H$10+'ПЛАН ЧЕРН К2'!F5*СПРАВОЧНИК!$I$10+'ПЛАН ЧЕРН К2'!G5*СПРАВОЧНИК!$J$10+'ПЛАН ЧЕРН К2'!H5*СПРАВОЧНИК!$H$11+'ПЛАН ЧЕРН К2'!I5*СПРАВОЧНИК!$I$11+'ПЛАН ЧЕРН К2'!J5*СПРАВОЧНИК!$J$11+'ПЛАН ЧЕРН К2'!K5*СПРАВОЧНИК!$H$12+'ПЛАН ЧЕРН К2'!L5*СПРАВОЧНИК!$I$12+'ПЛАН ЧЕРН К2'!M5*СПРАВОЧНИК!$J$12+'ПЛАН ЧЕРН К2'!N5*СПРАВОЧНИК!$H$13+'ПЛАН ЧЕРН К2'!O5*СПРАВОЧНИК!$I$13+'ПЛАН ЧЕРН К2'!P5*СПРАВОЧНИК!$J$13+'ПЛАН ЧЕРН К2'!Q5*СПРАВОЧНИК!$H$14+'ПЛАН ЧЕРН К2'!R5*СПРАВОЧНИК!$I$14+'ПЛАН ЧЕРН К2'!S5*СПРАВОЧНИК!$J$14+'ПЛАН ЧЕРН К2'!T5*СПРАВОЧНИК!$H$15+'ПЛАН ЧЕРН К2'!U5*СПРАВОЧНИК!$I$15+'ПЛАН ЧЕРН К2'!V5*СПРАВОЧНИК!$J$15 -> 0 | AU14: =('ФАКТ ЧЕРН К2'!B5)*СПРАВОЧНИК!$H$9+('ФАКТ ЧЕРН К2'!C5)*СПРАВОЧНИК!$I$9+('ФАКТ ЧЕРН К2'!D5)*СПРАВОЧНИК!$J$9+('ФАКТ ЧЕРН К2'!E5)*СПРАВОЧНИК!$H$10+('ФАКТ ЧЕРН К2'!F5)*СПРАВОЧНИК!$I$10+('ФАКТ ЧЕРН К2'!G5)*СПРАВОЧНИК!$J$10+('ФАКТ ЧЕРН К2'!H5)*СПРАВОЧНИК!$H$11+('ФАКТ ЧЕРН К2'!I5)*СПРАВОЧНИК!$I$11+('ФАКТ ЧЕРН К2'!J5)*СПРАВОЧНИК!$J$11+('ФАКТ ЧЕРН К2'!K5)*СПРАВОЧНИК!$H$12+('ФАКТ ЧЕРН К2'!L5)*СПРАВОЧНИК!$I$12+('ФАКТ ЧЕРН К2'!M5)*СПРАВОЧНИК!$J$12+('ФАКТ ЧЕРН К2'!N5)*СПРАВОЧНИК!$H$13+('ФАКТ ЧЕРН К2'!O5)*СПРАВОЧНИК!$I$13+('ФАКТ ЧЕРН К2'!P5)*СПРАВОЧНИК!$J$13+('ФАКТ ЧЕРН К2'!Q5)*СПРАВОЧНИК!$H$14+('ФАКТ ЧЕРН К2'!R5)*СПРАВОЧНИК!$I$14+('ФАКТ ЧЕРН К2'!S5)*СПРАВОЧНИК!$J$14+('ФАКТ ЧЕРН К2'!T5)*СПРАВОЧНИК!$H$15+('ФАКТ ЧЕРН К2'!U5)*СПРАВОЧНИК!$I$15+('ФАКТ ЧЕРН К2'!V5)*СПРАВОЧНИК!$J$15 -> 0 | AY14: =СПРАВОЧНИК!$B$35 -> 46174 | AZ14: ='ПЛАН ЧИСТ К2'!B5*СПРАВОЧНИК!$L$9+'ПЛАН ЧИСТ К2'!C5*СПРАВОЧНИК!$M$9+'ПЛАН ЧИСТ К2'!D5*СПРАВОЧНИК!$N$9+'ПЛАН ЧИСТ К2'!E5*СПРАВОЧНИК!$O$9+'ПЛАН ЧИСТ К2'!F5*СПРАВОЧНИК!$L$10+'ПЛАН ЧИСТ К2'!G5*СПРАВОЧНИК!$M$10+'ПЛАН ЧИСТ К2'!H5*СПРАВОЧНИК!$N$10+'ПЛАН ЧИСТ К2'!I5*СПРАВОЧНИК!$L$11+'ПЛАН ЧИСТ К2'!J5*СПРАВОЧНИК!$M$11+'ПЛАН ЧИСТ К2'!K5*СПРАВОЧНИК!$N$11+'ПЛАН ЧИСТ К2'!L5*СПРАВОЧНИК!$L$12+'ПЛАН ЧИСТ К2'!M5*СПРАВОЧНИК!$M$12+'ПЛАН ЧИСТ К2'!N5*СПРАВОЧНИК!$N$12+'ПЛАН ЧИСТ К2'!O5*СПРАВОЧНИК!$L$13+'ПЛАН ЧИСТ К2'!P5*СПРАВОЧНИК!$M$13+'ПЛАН ЧИСТ К2'!Q5*СПРАВОЧНИК!$N$13+'ПЛАН ЧИСТ К2'!R5*СПРАВОЧНИК!$L$14+'ПЛАН ЧИСТ К2'!S5*СПРАВОЧНИК!$M$14+'ПЛАН ЧИСТ К2'!T5*СПРАВОЧНИК!$N$14+'ПЛАН ЧИСТ К2'!U5*СПРАВОЧНИК!$L$15+'ПЛАН ЧИСТ К2'!V5*СПРАВОЧНИК!$M$15+'ПЛАН ЧИСТ К2'!W5*СПРАВОЧНИК!$N$15 -> 0 | BA14: =('ФАКТ ЧИСТ К2'!B5)*СПРАВОЧНИК!$L$9+('ФАКТ ЧИСТ К2'!C5)*СПРАВОЧНИК!$M$9+('ФАКТ ЧИСТ К2'!D5)*СПРАВОЧНИК!$N$9+('ФАКТ ЧИСТ К2'!E5)*СПРАВОЧНИК!$O$9+('ФАКТ ЧИСТ К2'!F5)*СПРАВОЧНИК!$L$10+('ФАКТ ЧИСТ К2'!G5)*СПРАВОЧНИК!$M$10+('ФАКТ ЧИСТ К2'!H5)*СПРАВОЧНИК!$N$10+('ФАКТ ЧИСТ К2'!I5)*СПРАВОЧНИК!$L$11+('ФАКТ ЧИСТ К2'!J5)*СПРАВОЧНИК!$M$11+('ФАКТ ЧИСТ К2'!K5)*СПРАВОЧНИК!$N$11+('ФАКТ ЧИСТ К2'!L5)*СПРАВОЧНИК!$L$12+('ФАКТ ЧИСТ К2'!M5)*СПРАВОЧНИК!$M$12+('ФАКТ ЧИСТ К2'!N5)*СПРАВОЧНИК!$N$12+('ФАКТ ЧИСТ К2'!O5)*СПРАВОЧНИК!$L$13+('ФАКТ ЧИСТ К2'!P5)*СПРАВОЧНИК!$M$13+('ФАКТ ЧИСТ К2'!Q5)*СПРАВОЧНИК!$N$13+('ФАКТ ЧИСТ К2'!R5)*СПРАВОЧНИК!$L$14+('ФАКТ ЧИСТ К2'!S5)*СПРАВОЧНИК!$M$14+('ФАКТ ЧИСТ К2'!T5)*СПРАВОЧНИК!$N$14+('ФАКТ ЧИСТ К2'!U5)*СПРАВОЧНИК!$L$15+('ФАКТ ЧИСТ К2'!V5)*СПРАВОЧНИК!$M$15+('ФАКТ ЧИСТ К2'!W5)*СПРАВОЧНИК!$N$15 -> 0 | BE14: =СПРАВОЧНИК!$B$35 -> 46174 | BF14: =СПРАВОЧНИК!$E$9*('ПЛАН ЧЕРН К3'!B5*СПРАВОЧНИК!$H$9+'ПЛАН ЧЕРН К3'!C5*СПРАВОЧНИК!$I$9+'ПЛАН ЧЕРН К3'!D5*СПРАВОЧНИК!$J$9)+СПРАВОЧНИК!$E$10*('ПЛАН ЧЕРН К3'!E5*СПРАВОЧНИК!$H$10+'ПЛАН ЧЕРН К3'!F5*СПРАВОЧНИК!$I$10+'ПЛАН ЧЕРН К3'!G5*СПРАВОЧНИК!$J$10)+СПРАВОЧНИК!$E$11*('ПЛАН ЧЕРН К3'!H5*СПРАВОЧНИК!$H$11+'ПЛАН ЧЕРН К3'!I5*СПРАВОЧНИК!$I$11+'ПЛАН ЧЕРН К3'!J5*СПРАВОЧНИК!$J$11)+СПРАВОЧНИК!$E$12*('ПЛАН ЧЕРН К3'!K5*СПРАВОЧНИК!$H$12+'ПЛАН ЧЕРН К3'!L5*СПРАВОЧНИК!$I$12+'ПЛАН ЧЕРН К3'!M5*СПРАВОЧНИК!$J$12)+СПРАВОЧНИК!$E$13*('ПЛАН ЧЕРН К3'!N5*СПРАВОЧНИК!$H$13+'ПЛАН ЧЕРН К3'!O5*СПРАВОЧНИК!$I$13+'ПЛАН ЧЕРН К3'!P5*СПРАВОЧНИК!$J$13)+СПРАВОЧНИК!$E$14*('ПЛАН ЧЕРН К3'!Q5*СПРАВОЧНИК!$H$14+'ПЛАН ЧЕРН К3'!R5*СПРАВОЧНИК!$I$14+'ПЛАН ЧЕРН К3'!S5*СПРАВОЧНИК!$J$14)+СПРАВОЧНИК!$E$15*('ПЛАН ЧЕРН К3'!T5*СПРАВОЧНИК!$H$15+'ПЛАН ЧЕРН К3'!U5*СПРАВОЧНИК!$I$15+'ПЛАН ЧЕРН К3'!V5*СПРАВОЧНИК!$J$15)+СПРАВОЧНИК!$F$9*('ПЛАН ЧИСТ К3'!B5*СПРАВОЧНИК!$L$9+'ПЛАН ЧИСТ К3'!C5*СПРАВОЧНИК!$M$9+'ПЛАН ЧИСТ К3'!D5*СПРАВОЧНИК!$N$9+'ПЛАН ЧИСТ К3'!E5*СПРАВОЧНИК!$O$9)+СПРАВОЧНИК!$F$10*('ПЛАН ЧИСТ К3'!F5*СПРАВОЧНИК!$L$10+'ПЛАН ЧИСТ К3'!G5*СПРАВОЧНИК!$M$10+'ПЛАН ЧИСТ К3'!H5*СПРАВОЧНИК!$N$10)+СПРАВОЧНИК!$F$11*('ПЛАН ЧИСТ К3'!I5*СПРАВОЧНИК!$L$11+'ПЛАН ЧИСТ К3'!J5*СПРАВОЧНИК!$M$11+'ПЛАН ЧИСТ К3'!K5*СПРАВОЧНИК!$N$11)+СПРАВОЧНИК!$F$12*('ПЛАН ЧИСТ К3'!L5*СПРАВОЧНИК!$L$12+'ПЛАН ЧИСТ К3'!M5*СПРАВОЧНИК!$M$12+'ПЛАН ЧИСТ К3'!N5*СПРАВОЧНИК!$N$12)+СПРАВОЧНИК!$F$13*('ПЛАН ЧИСТ К3'!O5*СПРАВОЧНИК!$L$13+'ПЛАН ЧИСТ К3'!P5*СПРАВОЧНИК!$M$13+'ПЛАН ЧИСТ К3'!Q5*СПРАВОЧНИК!$N$13)+СПРАВОЧНИК!$F$14*('ПЛАН ЧИСТ К3'!R5*СПРАВОЧНИК!$L$14+'ПЛАН ЧИСТ К3'!S5*СПРАВОЧНИК!$M$14+'ПЛАН ЧИСТ К3'!T5*СПРАВОЧНИК!$N$14)+СПРАВОЧНИК!$F$15*('ПЛАН ЧИСТ К3'!U5*СПРАВОЧНИК!$L$15+'ПЛАН ЧИСТ К3'!V5*СПРАВОЧНИК!$M$15+'ПЛАН ЧИСТ К3'!W5*СПРАВОЧНИК!$N$15) -> 0 | BG14: =СПРАВОЧНИК!$E$9*(('ФАКТ ЧЕРН К3'!B5)*СПРАВОЧНИК!$H$9+('ФАКТ ЧЕРН К3'!C5)*СПРАВОЧНИК!$I$9+('ФАКТ ЧЕРН К3'!D5)*СПРАВОЧНИК!$J$9)+СПРАВОЧНИК!$E$10*(('ФАКТ ЧЕРН К3'!E5)*СПРАВОЧНИК!$H$10+('ФАКТ ЧЕРН К3'!F5)*СПРАВОЧНИК!$I$10+('ФАКТ ЧЕРН К3'!G5)*СПРАВОЧНИК!$J$10)+СПРАВОЧНИК!$E$11*(('ФАКТ ЧЕРН К3'!H5)*СПРАВОЧНИК!$H$11+('ФАКТ ЧЕРН К3'!I5)*СПРАВОЧНИК!$I$11+('ФАКТ ЧЕРН К3'!J5)*СПРАВОЧНИК!$J$11)+СПРАВОЧНИК!$E$12*(('ФАКТ ЧЕРН К3'!K5)*СПРАВОЧНИК!$H$12+('ФАКТ ЧЕРН К3'!L5)*СПРАВОЧНИК!$I$12+('ФАКТ ЧЕРН К3'!M5)*СПРАВОЧНИК!$J$12)+СПРАВОЧНИК!$E$13*(('ФАКТ ЧЕРН К3'!N5)*СПРАВОЧНИК!$H$13+('ФАКТ ЧЕРН К3'!O5)*СПРАВОЧНИК!$I$13+('ФАКТ ЧЕРН К3'!P5)*СПРАВОЧНИК!$J$13)+СПРАВОЧНИК!$E$14*(('ФАКТ ЧЕРН К3'!Q5)*СПРАВОЧНИК!$H$14+('ФАКТ ЧЕРН К3'!R5)*СПРАВОЧНИК!$I$14+('ФАКТ ЧЕРН К3'!S5)*СПРАВОЧНИК!$J$14)+СПРАВОЧНИК!$E$15*(('ФАКТ ЧЕРН К3'!T5)*СПРАВОЧНИК!$H$15+('ФАКТ ЧЕРН К3'!U5)*СПРАВОЧНИК!$I$15+('ФАКТ ЧЕРН К3'!V5)*СПРАВОЧНИК!$J$15)+СПРАВОЧНИК!$F$9*(('ФАКТ ЧИСТ К3'!B5)*СПРАВОЧНИК!$L$9+('ФАКТ ЧИСТ К3'!C5)*СПРАВОЧНИК!$M$9+('ФАКТ ЧИСТ К3'!D5)*СПРАВОЧНИК!$N$9+('ФАКТ ЧИСТ К3'!E5)*СПРАВОЧНИК!$O$9)+СПРАВОЧНИК!$F$10*(('ФАКТ ЧИСТ К3'!F5)*СПРАВОЧНИК!$L$10+('ФАКТ ЧИСТ К3'!G5)*СПРАВОЧНИК!$M$10+('ФАКТ ЧИСТ К3'!H5)*СПРАВОЧНИК!$N$10)+СПРАВОЧНИК!$F$11*(('ФАКТ ЧИСТ К3'!I5)*СПРАВОЧНИК!$L$11+('ФАКТ ЧИСТ К3'!J5)*СПРАВОЧНИК!$M$11+('ФАКТ ЧИСТ К3'!K5)*СПРАВОЧНИК!$N$11)+СПРАВОЧНИК!$F$12*(('ФАКТ ЧИСТ К3'!L5)*СПРАВОЧНИК!$L$12+('ФАКТ ЧИСТ К3'!M5)*СПРАВОЧНИК!$M$12+('ФАКТ ЧИСТ К3'!N5)*СПРАВОЧНИК!$N$12)+СПРАВОЧНИК!$F$13*(('ФАКТ ЧИСТ К3'!O5)*СПРАВОЧНИК!$L$13+('ФАКТ ЧИСТ К3'!P5)*СПРАВОЧНИК!$M$13+('ФАКТ ЧИСТ К3'!Q5)*СПРАВОЧНИК!$N$13)+СПРАВОЧНИК!$F$14*(('ФАКТ ЧИСТ К3'!R5)*СПРАВОЧНИК!$L$14+('ФАКТ ЧИСТ К3'!S5)*СПРАВОЧНИК!$M$14+('ФАКТ ЧИСТ К3'!T5)*СПРАВОЧНИК!$N$14)+СПРАВОЧНИК!$F$15*(('ФАКТ ЧИСТ К3'!U5)*СПРАВОЧНИК!$L$15+('ФАКТ ЧИСТ К3'!V5)*СПРАВОЧНИК!$M$15+('ФАКТ ЧИСТ К3'!W5)*СПРАВОЧНИК!$N$15) -> 0 | BK14: =СПРАВОЧНИК!$B$35 -> 46174 | BL14: ='ПЛАН ЧЕРН К3'!B5*СПРАВОЧНИК!$H$9+'ПЛАН ЧЕРН К3'!C5*СПРАВОЧНИК!$I$9+'ПЛАН ЧЕРН К3'!D5*СПРАВОЧНИК!$J$9+'ПЛАН ЧЕРН К3'!E5*СПРАВОЧНИК!$H$10+'ПЛАН ЧЕРН К3'!F5*СПРАВОЧНИК!$I$10+'ПЛАН ЧЕРН К3'!G5*СПРАВОЧНИК!$J$10+'ПЛАН ЧЕРН К3'!H5*СПРАВОЧНИК!$H$11+'ПЛАН ЧЕРН К3'!I5*СПРАВОЧНИК!$I$11+'ПЛАН ЧЕРН К3'!J5*СПРАВОЧНИК!$J$11+'ПЛАН ЧЕРН К3'!K5*СПРАВОЧНИК!$H$12+'ПЛАН ЧЕРН К3'!L5*СПРАВОЧНИК!$I$12+'ПЛАН ЧЕРН К3'!M5*СПРАВОЧНИК!$J$12+'ПЛАН ЧЕРН К3'!N5*СПРАВОЧНИК!$H$13+'ПЛАН ЧЕРН К3'!O5*СПРАВОЧНИК!$I$13+'ПЛАН ЧЕРН К3'!P5*СПРАВОЧНИК!$J$13+'ПЛАН ЧЕРН К3'!Q5*СПРАВОЧНИК!$H$14+'ПЛАН ЧЕРН К3'!R5*СПРАВОЧНИК!$I$14+'ПЛАН ЧЕРН К3'!S5*СПРАВОЧНИК!$J$14+'ПЛАН ЧЕРН К3'!T5*СПРАВОЧНИК!$H$15+'ПЛАН ЧЕРН К3'!U5*СПРАВОЧНИК!$I$15+'ПЛАН ЧЕРН К3'!V5*СПРАВОЧНИК!$J$15 -> 0 | BM14: =('ФАКТ ЧЕРН К3'!B5)*СПРАВОЧНИК!$H$9+('ФАКТ ЧЕРН К3'!C5)*СПРАВОЧНИК!$I$9+('ФАКТ ЧЕРН К3'!D5)*СПРАВОЧНИК!$J$9+('ФАКТ ЧЕРН К3'!E5)*СПРАВОЧНИК!$H$10+('ФАКТ ЧЕРН К3'!F5)*СПРАВОЧНИК!$I$10+('ФАКТ ЧЕРН К3'!G5)*СПРАВОЧНИК!$J$10+('ФАКТ ЧЕРН К3'!H5)*СПРАВОЧНИК!$H$11+('ФАКТ ЧЕРН К3'!I5)*СПРАВОЧНИК!$I$11+('ФАКТ ЧЕРН К3'!J5)*СПРАВОЧНИК!$J$11+('ФАКТ ЧЕРН К3'!K5)*СПРАВОЧНИК!$H$12+('ФАКТ ЧЕРН К3'!L5)*СПРАВОЧНИК!$I$12+('ФАКТ ЧЕРН К3'!M5)*СПРАВОЧНИК!$J$12+('ФАКТ ЧЕРН К3'!N5)*СПРАВОЧНИК!$H$13+('ФАКТ ЧЕРН К3'!O5)*СПРАВОЧНИК!$I$13+('ФАКТ ЧЕРН К3'!P5)*СПРАВОЧНИК!$J$13+('ФАКТ ЧЕРН К3'!Q5)*СПРАВОЧНИК!$H$14+('ФАКТ ЧЕРН К3'!R5)*СПРАВОЧНИК!$I$14+('ФАКТ ЧЕРН К3'!S5)*СПРАВОЧНИК!$J$14+('ФАКТ ЧЕРН К3'!T5)*СПРАВОЧНИК!$H$15+('ФАКТ ЧЕРН К3'!U5)*СПРАВОЧНИК!$I$15+('ФАКТ ЧЕРН К3'!V5)*СПРАВОЧНИК!$J$15 -> 0 | BQ14: =СПРАВОЧНИК!$B$35 -> 46174 | BR14: ='ПЛАН ЧИСТ К3'!B5*СПРАВОЧНИК!$L$9+'ПЛАН ЧИСТ К3'!C5*СПРАВОЧНИК!$M$9+'ПЛАН ЧИСТ К3'!D5*СПРАВОЧНИК!$N$9+'ПЛАН ЧИСТ К3'!E5*СПРАВОЧНИК!$O$9+'ПЛАН ЧИСТ К3'!F5*СПРАВОЧНИК!$L$10+'ПЛАН ЧИСТ К3'!G5*СПРАВОЧНИК!$M$10+'ПЛАН ЧИСТ К3'!H5*СПРАВОЧНИК!$N$10+'ПЛАН ЧИСТ К3'!I5*СПРАВОЧНИК!$L$11+'ПЛАН ЧИСТ К3'!J5*СПРАВОЧНИК!$M$11+'ПЛАН ЧИСТ К3'!K5*СПРАВОЧНИК!$N$11+'ПЛАН ЧИСТ К3'!L5*СПРАВОЧНИК!$L$12+'ПЛАН ЧИСТ К3'!M5*СПРАВОЧНИК!$M$12+'ПЛАН ЧИСТ К3'!N5*СПРАВОЧНИК!$N$12+'ПЛАН ЧИСТ К3'!O5*СПРАВОЧНИК!$L$13+'ПЛАН ЧИСТ К3'!P5*СПРАВОЧНИК!$M$13+'ПЛАН ЧИСТ К3'!Q5*СПРАВОЧНИК!$N$13+'ПЛАН ЧИСТ К3'!R5*СПРАВОЧНИК!$L$14+'ПЛАН ЧИСТ К3'!S5*СПРАВОЧНИК!$M$14+'ПЛАН ЧИСТ К3'!T5*СПРАВОЧНИК!$N$14+'ПЛАН ЧИСТ К3'!U5*СПРАВОЧНИК!$L$15+'ПЛАН ЧИСТ К3'!V5*СПРАВОЧНИК!$M$15+'ПЛАН ЧИСТ К3'!W5*СПРАВОЧНИК!$N$15 -> 0 | BS14: =('ФАКТ ЧИСТ К3'!B5)*СПРАВОЧНИК!$L$9+('ФАКТ ЧИСТ К3'!C5)*СПРАВОЧНИК!$M$9+('ФАКТ ЧИСТ К3'!D5)*СПРАВОЧНИК!$N$9+('ФАКТ ЧИСТ К3'!E5)*СПРАВОЧНИК!$O$9+('ФАКТ ЧИСТ К3'!F5)*СПРАВОЧНИК!$L$10+('ФАКТ ЧИСТ К3'!G5)*СПРАВОЧНИК!$M$10+('ФАКТ ЧИСТ К3'!H5)*СПРАВОЧНИК!$N$10+('ФАКТ ЧИСТ К3'!I5)*СПРАВОЧНИК!$L$11+('ФАКТ ЧИСТ К3'!J5)*СПРАВОЧНИК!$M$11+('ФАКТ ЧИСТ К3'!K5)*СПРАВОЧНИК!$N$11+('ФАКТ ЧИСТ К3'!L5)*СПРАВОЧНИК!$L$12+('ФАКТ ЧИСТ К3'!M5)*СПРАВОЧНИК!$M$12+('ФАКТ ЧИСТ К3'!N5)*СПРАВОЧНИК!$N$12+('ФАКТ ЧИСТ К3'!O5)*СПРАВОЧНИК!$L$13+('ФАКТ ЧИСТ К3'!P5)*СПРАВОЧНИК!$M$13+('ФАКТ ЧИСТ К3'!Q5)*СПРАВОЧНИК!$N$13+('ФАКТ ЧИСТ К3'!R5)*СПРАВОЧНИК!$L$14+('ФАКТ ЧИСТ К3'!S5)*СПРАВОЧНИК!$M$14+('ФАКТ ЧИСТ К3'!T5)*СПРАВОЧНИК!$N$14+('ФАКТ ЧИСТ К3'!U5)*СПРАВОЧНИК!$L$15+('ФАКТ ЧИСТ К3'!V5)*СПРАВОЧНИК!$M$15+('ФАКТ ЧИСТ К3'!W5)*СПРАВОЧНИК!$N$15 -> 0 | BW14: =СПРАВОЧНИК!$B$35 -> 46174 | BX14: =V14+AN14+BF14 -> 0 | BY14: =W14+AO14+BG14 -> 0 | CC14: =СПРАВОЧНИК!$B$35 -> 46174 | CD14: =AB14+AT14+BL14 -> 0 | CE14: =AC14+AU14+BM14 -> 0 | CI14: =СПРАВОЧНИК!$B$35 -> 46174 | CJ14: =AH14+AZ14+BR14 -> 0 | CK14: =AI14+BA14+BS14 -> 0 | CO14: =СПРАВОЧНИК!$B$35 -> 46174 | CP14: =D14+BX14 -> 0 | CQ14: =E14+BY14 -> 0 | CU14: =СПРАВОЧНИК!$B$35 -> 46174 | CV14: =J14+CD14 -> 0 | CW14: =K14+CE14 -> 0 | DA14: =СПРАВОЧНИК!$B$35 -> 46174 | DB14: =P14+CJ14 -> 0 | DC14: =Q14+CK14 -> 0
C15: =C14+7 -> 46181 | D15: =СПРАВОЧНИК!$E$3*('ПЛАН ЧЕРН ПОДЗЕМ'!B6*СПРАВОЧНИК!$H$3+'ПЛАН ЧЕРН ПОДЗЕМ'!C6*СПРАВОЧНИК!$I$3+'ПЛАН ЧЕРН ПОДЗЕМ'!D6*СПРАВОЧНИК!$J$3)+СПРАВОЧНИК!$E$4*('ПЛАН ЧЕРН ПОДЗЕМ'!E6*СПРАВОЧНИК!$H$4+'ПЛАН ЧЕРН ПОДЗЕМ'!F6*СПРАВОЧНИК!$I$4+'ПЛАН ЧЕРН ПОДЗЕМ'!G6*СПРАВОЧНИК!$J$4)+СПРАВОЧНИК!$E$5*('ПЛАН ЧЕРН ПОДЗЕМ'!H6*СПРАВОЧНИК!$H$5+'ПЛАН ЧЕРН ПОДЗЕМ'!I6*СПРАВОЧНИК!$I$5+'ПЛАН ЧЕРН ПОДЗЕМ'!J6*СПРАВОЧНИК!$J$5)+СПРАВОЧНИК!$E$6*('ПЛАН ЧЕРН ПОДЗЕМ'!K6*СПРАВОЧНИК!$H$6+'ПЛАН ЧЕРН ПОДЗЕМ'!L6*СПРАВОЧНИК!$I$6+'ПЛАН ЧЕРН ПОДЗЕМ'!M6*СПРАВОЧНИК!$J$6)+СПРАВОЧНИК!$E$7*('ПЛАН ЧЕРН ПОДЗЕМ'!N6*СПРАВОЧНИК!$H$7+'ПЛАН ЧЕРН ПОДЗЕМ'!O6*СПРАВОЧНИК!$I$7+'ПЛАН ЧЕРН ПОДЗЕМ'!P6*СПРАВОЧНИК!$J$7)+СПРАВОЧНИК!$E$8*('ПЛАН ЧЕРН ПОДЗЕМ'!Q6*СПРАВОЧНИК!$H$8+'ПЛАН ЧЕРН ПОДЗЕМ'!R6*СПРАВОЧНИК!$I$8+'ПЛАН ЧЕРН ПОДЗЕМ'!S6*СПРАВОЧНИК!$J$8)+СПРАВОЧНИК!$F$3*('ПЛАН ЧИСТ ПОДЗЕМ'!B6*СПРАВОЧНИК!$L$3+'ПЛАН ЧИСТ ПОДЗЕМ'!C6*СПРАВОЧНИК!$M$3+'ПЛАН ЧИСТ ПОДЗЕМ'!D6*СПРАВОЧНИК!$N$3)+СПРАВОЧНИК!$F$4*('ПЛАН ЧИСТ ПОДЗЕМ'!E6*СПРАВОЧНИК!$L$4+'ПЛАН ЧИСТ ПОДЗЕМ'!F6*СПРАВОЧНИК!$M$4+'ПЛАН ЧИСТ ПОДЗЕМ'!G6*СПРАВОЧНИК!$N$4)+СПРАВОЧНИК!$F$5*('ПЛАН ЧИСТ ПОДЗЕМ'!H6*СПРАВОЧНИК!$L$5+'ПЛАН ЧИСТ ПОДЗЕМ'!I6*СПРАВОЧНИК!$M$5+'ПЛАН ЧИСТ ПОДЗЕМ'!J6*СПРАВОЧНИК!$N$5)+СПРАВОЧНИК!$F$6*('ПЛАН ЧИСТ ПОДЗЕМ'!K6*СПРАВОЧНИК!$L$6+'ПЛАН ЧИСТ ПОДЗЕМ'!L6*СПРАВОЧНИК!$M$6+'ПЛАН ЧИСТ ПОДЗЕМ'!M6*СПРАВОЧНИК!$N$6)+СПРАВОЧНИК!$F$7*('ПЛАН ЧИСТ ПОДЗЕМ'!N6*СПРАВОЧНИК!$L$7+'ПЛАН ЧИСТ ПОДЗЕМ'!O6*СПРАВОЧНИК!$M$7+'ПЛАН ЧИСТ ПОДЗЕМ'!P6*СПРАВОЧНИК!$N$7)+СПРАВОЧНИК!$F$8*('ПЛАН ЧИСТ ПОДЗЕМ'!Q6*СПРАВОЧНИК!$L$8+'ПЛАН ЧИСТ ПОДЗЕМ'!R6*СПРАВОЧНИК!$M$8+'ПЛАН ЧИСТ ПОДЗЕМ'!S6*СПРАВОЧНИК!$N$8) -> 0 | E15: =СПРАВОЧНИК!$E$3*(('ФАКТ ЧЕРН ПОДЗЕМ'!B6)*СПРАВОЧНИК!$H$3+('ФАКТ ЧЕРН ПОДЗЕМ'!C6)*СПРАВОЧНИК!$I$3+('ФАКТ ЧЕРН ПОДЗЕМ'!D6)*СПРАВОЧНИК!$J$3)+СПРАВОЧНИК!$E$4*(('ФАКТ ЧЕРН ПОДЗЕМ'!E6)*СПРАВОЧНИК!$H$4+('ФАКТ ЧЕРН ПОДЗЕМ'!F6)*СПРАВОЧНИК!$I$4+('ФАКТ ЧЕРН ПОДЗЕМ'!G6)*СПРАВОЧНИК!$J$4)+СПРАВОЧНИК!$E$5*(('ФАКТ ЧЕРН ПОДЗЕМ'!H6)*СПРАВОЧНИК!$H$5+('ФАКТ ЧЕРН ПОДЗЕМ'!I6)*СПРАВОЧНИК!$I$5+('ФАКТ ЧЕРН ПОДЗЕМ'!J6)*СПРАВОЧНИК!$J$5)+СПРАВОЧНИК!$E$6*(('ФАКТ ЧЕРН ПОДЗЕМ'!K6)*СПРАВОЧНИК!$H$6+('ФАКТ ЧЕРН ПОДЗЕМ'!L6)*СПРАВОЧНИК!$I$6+('ФАКТ ЧЕРН ПОДЗЕМ'!M6)*СПРАВОЧНИК!$J$6)+СПРАВОЧНИК!$E$7*(('ФАКТ ЧЕРН ПОДЗЕМ'!N6)*СПРАВОЧНИК!$H$7+('ФАКТ ЧЕРН ПОДЗЕМ'!O6)*СПРАВОЧНИК!$I$7+('ФАКТ ЧЕРН ПОДЗЕМ'!P6)*СПРАВОЧНИК!$J$7)+СПРАВОЧНИК!$E$8*(('ФАКТ ЧЕРН ПОДЗЕМ'!Q6)*СПРАВОЧНИК!$H$8+('ФАКТ ЧЕРН ПОДЗЕМ'!R6)*СПРАВОЧНИК!$I$8+('ФАКТ ЧЕРН ПОДЗЕМ'!S6)*СПРАВОЧНИК!$J$8)+СПРАВОЧНИК!$F$3*(('ФАКТ ЧИСТ ПОДЗЕМ'!B6)*СПРАВОЧНИК!$L$3+('ФАКТ ЧИСТ ПОДЗЕМ'!C6)*СПРАВОЧНИК!$M$3+('ФАКТ ЧИСТ ПОДЗЕМ'!D6)*СПРАВОЧНИК!$N$3)+СПРАВОЧНИК!$F$4*(('ФАКТ ЧИСТ ПОДЗЕМ'!E6)*СПРАВОЧНИК!$L$4+('ФАКТ ЧИСТ ПОДЗЕМ'!F6)*СПРАВОЧНИК!$M$4+('ФАКТ ЧИСТ ПОДЗЕМ'!G6)*СПРАВОЧНИК!$N$4)+СПРАВОЧНИК!$F$5*(('ФАКТ ЧИСТ ПОДЗЕМ'!H6)*СПРАВОЧНИК!$L$5+('ФАКТ ЧИСТ ПОДЗЕМ'!I6)*СПРАВОЧНИК!$M$5+('ФАКТ ЧИСТ ПОДЗЕМ'!J6)*СПРАВОЧНИК!$N$5)+СПРАВОЧНИК!$F$6*(('ФАКТ ЧИСТ ПОДЗЕМ'!K6)*СПРАВОЧНИК!$L$6+('ФАКТ ЧИСТ ПОДЗЕМ'!L6)*СПРАВОЧНИК!$M$6+('ФАКТ ЧИСТ ПОДЗЕМ'!M6)*СПРАВОЧНИК!$N$6)+СПРАВОЧНИК!$F$7*(('ФАКТ ЧИСТ ПОДЗЕМ'!N6)*СПРАВОЧНИК!$L$7+('ФАКТ ЧИСТ ПОДЗЕМ'!O6)*СПРАВОЧНИК!$M$7+('ФАКТ ЧИСТ ПОДЗЕМ'!P6)*СПРАВОЧНИК!$N$7)+СПРАВОЧНИК!$F$8*(('ФАКТ ЧИСТ ПОДЗЕМ'!Q6)*СПРАВОЧНИК!$L$8+('ФАКТ ЧИСТ ПОДЗЕМ'!R6)*СПРАВОЧНИК!$M$8+('ФАКТ ЧИСТ ПОДЗЕМ'!S6)*СПРАВОЧНИК!$N$8) -> 0 | I15: =I14+7 -> 46181 | J15: ='ПЛАН ЧЕРН ПОДЗЕМ'!B6*СПРАВОЧНИК!$H$3+'ПЛАН ЧЕРН ПОДЗЕМ'!C6*СПРАВОЧНИК!$I$3+'ПЛАН ЧЕРН ПОДЗЕМ'!D6*СПРАВОЧНИК!$J$3+'ПЛАН ЧЕРН ПОДЗЕМ'!E6*СПРАВОЧНИК!$H$4+'ПЛАН ЧЕРН ПОДЗЕМ'!F6*СПРАВОЧНИК!$I$4+'ПЛАН ЧЕРН ПОДЗЕМ'!G6*СПРАВОЧНИК!$J$4+'ПЛАН ЧЕРН ПОДЗЕМ'!H6*СПРАВОЧНИК!$H$5+'ПЛАН ЧЕРН ПОДЗЕМ'!I6*СПРАВОЧНИК!$I$5+'ПЛАН ЧЕРН ПОДЗЕМ'!J6*СПРАВОЧНИК!$J$5+'ПЛАН ЧЕРН ПОДЗЕМ'!K6*СПРАВОЧНИК!$H$6+'ПЛАН ЧЕРН ПОДЗЕМ'!L6*СПРАВОЧНИК!$I$6+'ПЛАН ЧЕРН ПОДЗЕМ'!M6*СПРАВОЧНИК!$J$6+'ПЛАН ЧЕРН ПОДЗЕМ'!N6*СПРАВОЧНИК!$H$7+'ПЛАН ЧЕРН ПОДЗЕМ'!O6*СПРАВОЧНИК!$I$7+'ПЛАН ЧЕРН ПОДЗЕМ'!P6*СПРАВОЧНИК!$J$7+'ПЛАН ЧЕРН ПОДЗЕМ'!Q6*СПРАВОЧНИК!$H$8+'ПЛАН ЧЕРН ПОДЗЕМ'!R6*СПРАВОЧНИК!$I$8+'ПЛАН ЧЕРН ПОДЗЕМ'!S6*СПРАВОЧНИК!$J$8 -> 0 | K15: =('ФАКТ ЧЕРН ПОДЗЕМ'!B6)*СПРАВОЧНИК!$H$3+('ФАКТ ЧЕРН ПОДЗЕМ'!C6)*СПРАВОЧНИК!$I$3+('ФАКТ ЧЕРН ПОДЗЕМ'!D6)*СПРАВОЧНИК!$J$3+('ФАКТ ЧЕРН ПОДЗЕМ'!E6)*СПРАВОЧНИК!$H$4+('ФАКТ ЧЕРН ПОДЗЕМ'!F6)*СПРАВОЧНИК!$I$4+('ФАКТ ЧЕРН ПОДЗЕМ'!G6)*СПРАВОЧНИК!$J$4+('ФАКТ ЧЕРН ПОДЗЕМ'!H6)*СПРАВОЧНИК!$H$5+('ФАКТ ЧЕРН ПОДЗЕМ'!I6)*СПРАВОЧНИК!$I$5+('ФАКТ ЧЕРН ПОДЗЕМ'!J6)*СПРАВОЧНИК!$J$5+('ФАКТ ЧЕРН ПОДЗЕМ'!K6)*СПРАВОЧНИК!$H$6+('ФАКТ ЧЕРН ПОДЗЕМ'!L6)*СПРАВОЧНИК!$I$6+('ФАКТ ЧЕРН ПОДЗЕМ'!M6)*СПРАВОЧНИК!$J$6+('ФАКТ ЧЕРН ПОДЗЕМ'!N6)*СПРАВОЧНИК!$H$7+('ФАКТ ЧЕРН ПОДЗЕМ'!O6)*СПРАВОЧНИК!$I$7+('ФАКТ ЧЕРН ПОДЗЕМ'!P6)*СПРАВОЧНИК!$J$7+('ФАКТ ЧЕРН ПОДЗЕМ'!Q6)*СПРАВОЧНИК!$H$8+('ФАКТ ЧЕРН ПОДЗЕМ'!R6)*СПРАВОЧНИК!$I$8+('ФАКТ ЧЕРН ПОДЗЕМ'!S6)*СПРАВОЧНИК!$J$8 -> 0 | O15: =O14+7 -> 46181 | P15: ='ПЛАН ЧИСТ ПОДЗЕМ'!B6*СПРАВОЧНИК!$L$3+'ПЛАН ЧИСТ ПОДЗЕМ'!C6*СПРАВОЧНИК!$M$3+'ПЛАН ЧИСТ ПОДЗЕМ'!D6*СПРАВОЧНИК!$N$3+'ПЛАН ЧИСТ ПОДЗЕМ'!E6*СПРАВОЧНИК!$L$4+'ПЛАН ЧИСТ ПОДЗЕМ'!F6*СПРАВОЧНИК!$M$4+'ПЛАН ЧИСТ ПОДЗЕМ'!G6*СПРАВОЧНИК!$N$4+'ПЛАН ЧИСТ ПОДЗЕМ'!H6*СПРАВОЧНИК!$L$5+'ПЛАН ЧИСТ ПОДЗЕМ'!I6*СПРАВОЧНИК!$M$5+'ПЛАН ЧИСТ ПОДЗЕМ'!J6*СПРАВОЧНИК!$N$5+'ПЛАН ЧИСТ ПОДЗЕМ'!K6*СПРАВОЧНИК!$L$6+'ПЛАН ЧИСТ ПОДЗЕМ'!L6*СПРАВОЧНИК!$M$6+'ПЛАН ЧИСТ ПОДЗЕМ'!M6*СПРАВОЧНИК!$N$6+'ПЛАН ЧИСТ ПОДЗЕМ'!N6*СПРАВОЧНИК!$L$7+'ПЛАН ЧИСТ ПОДЗЕМ'!O6*СПРАВОЧНИК!$M$7+'ПЛАН ЧИСТ ПОДЗЕМ'!P6*СПРАВОЧНИК!$N$7+'ПЛАН ЧИСТ ПОДЗЕМ'!Q6*СПРАВОЧНИК!$L$8+'ПЛАН ЧИСТ ПОДЗЕМ'!R6*СПРАВОЧНИК!$M$8+'ПЛАН ЧИСТ ПОДЗЕМ'!S6*СПРАВОЧНИК!$N$8 -> 0 | Q15: =('ФАКТ ЧИСТ ПОДЗЕМ'!B6)*СПРАВОЧНИК!$L$3+('ФАКТ ЧИСТ ПОДЗЕМ'!C6)*СПРАВОЧНИК!$M$3+('ФАКТ ЧИСТ ПОДЗЕМ'!D6)*СПРАВОЧНИК!$N$3+('ФАКТ ЧИСТ ПОДЗЕМ'!E6)*СПРАВОЧНИК!$L$4+('ФАКТ ЧИСТ ПОДЗЕМ'!F6)*СПРАВОЧНИК!$M$4+('ФАКТ ЧИСТ ПОДЗЕМ'!G6)*СПРАВОЧНИК!$N$4+('ФАКТ ЧИСТ ПОДЗЕМ'!H6)*СПРАВОЧНИК!$L$5+('ФАКТ ЧИСТ ПОДЗЕМ'!I6)*СПРАВОЧНИК!$M$5+('ФАКТ ЧИСТ ПОДЗЕМ'!J6)*СПРАВОЧНИК!$N$5+('ФАКТ ЧИСТ ПОДЗЕМ'!K6)*СПРАВОЧНИК!$L$6+('ФАКТ ЧИСТ ПОДЗЕМ'!L6)*СПРАВОЧНИК!$M$6+('ФАКТ ЧИСТ ПОДЗЕМ'!M6)*СПРАВОЧНИК!$N$6+('ФАКТ ЧИСТ ПОДЗЕМ'!N6)*СПРАВОЧНИК!$L$7+('ФАКТ ЧИСТ ПОДЗЕМ'!O6)*СПРАВОЧНИК!$M$7+('ФАКТ ЧИСТ ПОДЗЕМ'!P6)*СПРАВОЧНИК!$N$7+('ФАКТ ЧИСТ ПОДЗЕМ'!Q6)*СПРАВОЧНИК!$L$8+('ФАКТ ЧИСТ ПОДЗЕМ'!R6)*СПРАВОЧНИК!$M$8+('ФАКТ ЧИСТ ПОДЗЕМ'!S6)*СПРАВОЧНИК!$N$8 -> 0 | U15: =U14+7 -> 46181 | V15: =СПРАВОЧНИК!$E$9*('ПЛАН ЧЕРН К1'!B6*СПРАВОЧНИК!$H$9+'ПЛАН ЧЕРН К1'!C6*СПРАВОЧНИК!$I$9+'ПЛАН ЧЕРН К1'!D6*СПРАВОЧНИК!$J$9)+СПРАВОЧНИК!$E$10*('ПЛАН ЧЕРН К1'!E6*СПРАВОЧНИК!$H$10+'ПЛАН ЧЕРН К1'!F6*СПРАВОЧНИК!$I$10+'ПЛАН ЧЕРН К1'!G6*СПРАВОЧНИК!$J$10)+СПРАВОЧНИК!$E$11*('ПЛАН ЧЕРН К1'!H6*СПРАВОЧНИК!$H$11+'ПЛАН ЧЕРН К1'!I6*СПРАВОЧНИК!$I$11+'ПЛАН ЧЕРН К1'!J6*СПРАВОЧНИК!$J$11)+СПРАВОЧНИК!$E$12*('ПЛАН ЧЕРН К1'!K6*СПРАВОЧНИК!$H$12+'ПЛАН ЧЕРН К1'!L6*СПРАВОЧНИК!$I$12+'ПЛАН ЧЕРН К1'!M6*СПРАВОЧНИК!$J$12)+СПРАВОЧНИК!$E$13*('ПЛАН ЧЕРН К1'!N6*СПРАВОЧНИК!$H$13+'ПЛАН ЧЕРН К1'!O6*СПРАВОЧНИК!$I$13+'ПЛАН ЧЕРН К1'!P6*СПРАВОЧНИК!$J$13)+СПРАВОЧНИК!$E$14*('ПЛАН ЧЕРН К1'!Q6*СПРАВОЧНИК!$H$14+'ПЛАН ЧЕРН К1'!R6*СПРАВОЧНИК!$I$14+'ПЛАН ЧЕРН К1'!S6*СПРАВОЧНИК!$J$14)+СПРАВОЧНИК!$E$15*('ПЛАН ЧЕРН К1'!T6*СПРАВОЧНИК!$H$15+'ПЛАН ЧЕРН К1'!U6*СПРАВОЧНИК!$I$15+'ПЛАН ЧЕРН К1'!V6*СПРАВОЧНИК!$J$15)+СПРАВОЧНИК!$F$9*('ПЛАН ЧИСТ К1'!B6*СПРАВОЧНИК!$L$9+'ПЛАН ЧИСТ К1'!C6*СПРАВОЧНИК!$M$9+'ПЛАН ЧИСТ К1'!D6*СПРАВОЧНИК!$N$9+'ПЛАН ЧИСТ К1'!E6*СПРАВОЧНИК!$O$9)+СПРАВОЧНИК!$F$10*('ПЛАН ЧИСТ К1'!F6*СПРАВОЧНИК!$L$10+'ПЛАН ЧИСТ К1'!G6*СПРАВОЧНИК!$M$10+'ПЛАН ЧИСТ К1'!H6*СПРАВОЧНИК!$N$10)+СПРАВОЧНИК!$F$11*('ПЛАН ЧИСТ К1'!I6*СПРАВОЧНИК!$L$11+'ПЛАН ЧИСТ К1'!J6*СПРАВОЧНИК!$M$11+'ПЛАН ЧИСТ К1'!K6*СПРАВОЧНИК!$N$11)+СПРАВОЧНИК!$F$12*('ПЛАН ЧИСТ К1'!L6*СПРАВОЧНИК!$L$12+'ПЛАН ЧИСТ К1'!M6*СПРАВОЧНИК!$M$12+'ПЛАН ЧИСТ К1'!N6*СПРАВОЧНИК!$N$12)+СПРАВОЧНИК!$F$13*('ПЛАН ЧИСТ К1'!O6*СПРАВОЧНИК!$L$13+'ПЛАН ЧИСТ К1'!P6*СПРАВОЧНИК!$M$13+'ПЛАН ЧИСТ К1'!Q6*СПРАВОЧНИК!$N$13)+СПРАВОЧНИК!$F$14*('ПЛАН ЧИСТ К1'!R6*СПРАВОЧНИК!$L$14+'ПЛАН ЧИСТ К1'!S6*СПРАВОЧНИК!$M$14+'ПЛАН ЧИСТ К1'!T6*СПРАВОЧНИК!$N$14)+СПРАВОЧНИК!$F$15*('ПЛАН ЧИСТ К1'!U6*СПРАВОЧНИК!$L$15+'ПЛАН ЧИСТ К1'!V6*СПРАВОЧНИК!$M$15+'ПЛАН ЧИСТ К1'!W6*СПРАВОЧНИК!$N$15) -> 0 | W15: =СПРАВОЧНИК!$E$9*(('ФАКТ ЧЕРН К1'!B6)*СПРАВОЧНИК!$H$9+('ФАКТ ЧЕРН К1'!C6)*СПРАВОЧНИК!$I$9+('ФАКТ ЧЕРН К1'!D6)*СПРАВОЧНИК!$J$9)+СПРАВОЧНИК!$E$10*(('ФАКТ ЧЕРН К1'!E6)*СПРАВОЧНИК!$H$10+('ФАКТ ЧЕРН К1'!F6)*СПРАВОЧНИК!$I$10+('ФАКТ ЧЕРН К1'!G6)*СПРАВОЧНИК!$J$10)+СПРАВОЧНИК!$E$11*(('ФАКТ ЧЕРН К1'!H6)*СПРАВОЧНИК!$H$11+('ФАКТ ЧЕРН К1'!I6)*СПРАВОЧНИК!$I$11+('ФАКТ ЧЕРН К1'!J6)*СПРАВОЧНИК!$J$11)+СПРАВОЧНИК!$E$12*(('ФАКТ ЧЕРН К1'!K6)*СПРАВОЧНИК!$H$12+('ФАКТ ЧЕРН К1'!L6)*СПРАВОЧНИК!$I$12+('ФАКТ ЧЕРН К1'!M6)*СПРАВОЧНИК!$J$12)+СПРАВОЧНИК!$E$13*(('ФАКТ ЧЕРН К1'!N6)*СПРАВОЧНИК!$H$13+('ФАКТ ЧЕРН К1'!O6)*СПРАВОЧНИК!$I$13+('ФАКТ ЧЕРН К1'!P6)*СПРАВОЧНИК!$J$13)+СПРАВОЧНИК!$E$14*(('ФАКТ ЧЕРН К1'!Q6)*СПРАВОЧНИК!$H$14+('ФАКТ ЧЕРН К1'!R6)*СПРАВОЧНИК!$I$14+('ФАКТ ЧЕРН К1'!S6)*СПРАВОЧНИК!$J$14)+СПРАВОЧНИК!$E$15*(('ФАКТ ЧЕРН К1'!T6)*СПРАВОЧНИК!$H$15+('ФАКТ ЧЕРН К1'!U6)*СПРАВОЧНИК!$I$15+('ФАКТ ЧЕРН К1'!V6)*СПРАВОЧНИК!$J$15)+СПРАВОЧНИК!$F$9*(('ФАКТ ЧИСТ К1'!B6)*СПРАВОЧНИК!$L$9+('ФАКТ ЧИСТ К1'!C6)*СПРАВОЧНИК!$M$9+('ФАКТ ЧИСТ К1'!D6)*СПРАВОЧНИК!$N$9+('ФАКТ ЧИСТ К1'!E6)*СПРАВОЧНИК!$O$9)+СПРАВОЧНИК!$F$10*(('ФАКТ ЧИСТ К1'!F6)*СПРАВОЧНИК!$L$10+('ФАКТ ЧИСТ К1'!G6)*СПРАВОЧНИК!$M$10+('ФАКТ ЧИСТ К1'!H6)*СПРАВОЧНИК!$N$10)+СПРАВОЧНИК!$F$11*(('ФАКТ ЧИСТ К1'!I6)*СПРАВОЧНИК!$L$11+('ФАКТ ЧИСТ К1'!J6)*СПРАВОЧНИК!$M$11+('ФАКТ ЧИСТ К1'!K6)*СПРАВОЧНИК!$N$11)+СПРАВОЧНИК!$F$12*(('ФАКТ ЧИСТ К1'!L6)*СПРАВОЧНИК!$L$12+('ФАКТ ЧИСТ К1'!M6)*СПРАВОЧНИК!$M$12+('ФАКТ ЧИСТ К1'!N6)*СПРАВОЧНИК!$N$12)+СПРАВОЧНИК!$F$13*(('ФАКТ ЧИСТ К1'!O6)*СПРАВОЧНИК!$L$13+('ФАКТ ЧИСТ К1'!P6)*СПРАВОЧНИК!$M$13+('ФАКТ ЧИСТ К1'!Q6)*СПРАВОЧНИК!$N$13)+СПРАВОЧНИК!$F$14*(('ФАКТ ЧИСТ К1'!R6)*СПРАВОЧНИК!$L$14+('ФАКТ ЧИСТ К1'!S6)*СПРАВОЧНИК!$M$14+('ФАКТ ЧИСТ К1'!T6)*СПРАВОЧНИК!$N$14)+СПРАВОЧНИК!$F$15*(('ФАКТ ЧИСТ К1'!U6)*СПРАВОЧНИК!$L$15+('ФАКТ ЧИСТ К1'!V6)*СПРАВОЧНИК!$M$15+('ФАКТ ЧИСТ К1'!W6)*СПРАВОЧНИК!$N$15) -> 0 | AA15: =AA14+7 -> 46181 | AB15: ='ПЛАН ЧЕРН К1'!B6*СПРАВОЧНИК!$H$9+'ПЛАН ЧЕРН К1'!C6*СПРАВОЧНИК!$I$9+'ПЛАН ЧЕРН К1'!D6*СПРАВОЧНИК!$J$9+'ПЛАН ЧЕРН К1'!E6*СПРАВОЧНИК!$H$10+'ПЛАН ЧЕРН К1'!F6*СПРАВОЧНИК!$I$10+'ПЛАН ЧЕРН К1'!G6*СПРАВОЧНИК!$J$10+'ПЛАН ЧЕРН К1'!H6*СПРАВОЧНИК!$H$11+'ПЛАН ЧЕРН К1'!I6*СПРАВОЧНИК!$I$11+'ПЛАН ЧЕРН К1'!J6*СПРАВОЧНИК!$J$11+'ПЛАН ЧЕРН К1'!K6*СПРАВОЧНИК!$H$12+'ПЛАН ЧЕРН К1'!L6*СПРАВОЧНИК!$I$12+'ПЛАН ЧЕРН К1'!M6*СПРАВОЧНИК!$J$12+'ПЛАН ЧЕРН К1'!N6*СПРАВОЧНИК!$H$13+'ПЛАН ЧЕРН К1'!O6*СПРАВОЧНИК!$I$13+'ПЛАН ЧЕРН К1'!P6*СПРАВОЧНИК!$J$13+'ПЛАН ЧЕРН К1'!Q6*СПРАВОЧНИК!$H$14+'ПЛАН ЧЕРН К1'!R6*СПРАВОЧНИК!$I$14+'ПЛАН ЧЕРН К1'!S6*СПРАВОЧНИК!$J$14+'ПЛАН ЧЕРН К1'!T6*СПРАВОЧНИК!$H$15+'ПЛАН ЧЕРН К1'!U6*СПРАВОЧНИК!$I$15+'ПЛАН ЧЕРН К1'!V6*СПРАВОЧНИК!$J$15 -> 0 | AC15: =('ФАКТ ЧЕРН К1'!B6)*СПРАВОЧНИК!$H$9+('ФАКТ ЧЕРН К1'!C6)*СПРАВОЧНИК!$I$9+('ФАКТ ЧЕРН К1'!D6)*СПРАВОЧНИК!$J$9+('ФАКТ ЧЕРН К1'!E6)*СПРАВОЧНИК!$H$10+('ФАКТ ЧЕРН К1'!F6)*СПРАВОЧНИК!$I$10+('ФАКТ ЧЕРН К1'!G6)*СПРАВОЧНИК!$J$10+('ФАКТ ЧЕРН К1'!H6)*СПРАВОЧНИК!$H$11+('ФАКТ ЧЕРН К1'!I6)*СПРАВОЧНИК!$I$11+('ФАКТ ЧЕРН К1'!J6)*СПРАВОЧНИК!$J$11+('ФАКТ ЧЕРН К1'!K6)*СПРАВОЧНИК!$H$12+('ФАКТ ЧЕРН К1'!L6)*СПРАВОЧНИК!$I$12+('ФАКТ ЧЕРН К1'!M6)*СПРАВОЧНИК!$J$12+('ФАКТ ЧЕРН К1'!N6)*СПРАВОЧНИК!$H$13+('ФАКТ ЧЕРН К1'!O6)*СПРАВОЧНИК!$I$13+('ФАКТ ЧЕРН К1'!P6)*СПРАВОЧНИК!$J$13+('ФАКТ ЧЕРН К1'!Q6)*СПРАВОЧНИК!$H$14+('ФАКТ ЧЕРН К1'!R6)*СПРАВОЧНИК!$I$14+('ФАКТ ЧЕРН К1'!S6)*СПРАВОЧНИК!$J$14+('ФАКТ ЧЕРН К1'!T6)*СПРАВОЧНИК!$H$15+('ФАКТ ЧЕРН К1'!U6)*СПРАВОЧНИК!$I$15+('ФАКТ ЧЕРН К1'!V6)*СПРАВОЧНИК!$J$15 -> 0 | AG15: =AG14+7 -> 46181 | AH15: ='ПЛАН ЧИСТ К1'!B6*СПРАВОЧНИК!$L$9+'ПЛАН ЧИСТ К1'!C6*СПРАВОЧНИК!$M$9+'ПЛАН ЧИСТ К1'!D6*СПРАВОЧНИК!$N$9+'ПЛАН ЧИСТ К1'!E6*СПРАВОЧНИК!$O$9+'ПЛАН ЧИСТ К1'!F6*СПРАВОЧНИК!$L$10+'ПЛАН ЧИСТ К1'!G6*СПРАВОЧНИК!$M$10+'ПЛАН ЧИСТ К1'!H6*СПРАВОЧНИК!$N$10+'ПЛАН ЧИСТ К1'!I6*СПРАВОЧНИК!$L$11+'ПЛАН ЧИСТ К1'!J6*СПРАВОЧНИК!$M$11+'ПЛАН ЧИСТ К1'!K6*СПРАВОЧНИК!$N$11+'ПЛАН ЧИСТ К1'!L6*СПРАВОЧНИК!$L$12+'ПЛАН ЧИСТ К1'!M6*СПРАВОЧНИК!$M$12+'ПЛАН ЧИСТ К1'!N6*СПРАВОЧНИК!$N$12+'ПЛАН ЧИСТ К1'!O6*СПРАВОЧНИК!$L$13+'ПЛАН ЧИСТ К1'!P6*СПРАВОЧНИК!$M$13+'ПЛАН ЧИСТ К1'!Q6*СПРАВОЧНИК!$N$13+'ПЛАН ЧИСТ К1'!R6*СПРАВОЧНИК!$L$14+'ПЛАН ЧИСТ К1'!S6*СПРАВОЧНИК!$M$14+'ПЛАН ЧИСТ К1'!T6*СПРАВОЧНИК!$N$14+'ПЛАН ЧИСТ К1'!U6*СПРАВОЧНИК!$L$15+'ПЛАН ЧИСТ К1'!V6*СПРАВОЧНИК!$M$15+'ПЛАН ЧИСТ К1'!W6*СПРАВОЧНИК!$N$15 -> 0 | AI15: =('ФАКТ ЧИСТ К1'!B6)*СПРАВОЧНИК!$L$9+('ФАКТ ЧИСТ К1'!C6)*СПРАВОЧНИК!$M$9+('ФАКТ ЧИСТ К1'!D6)*СПРАВОЧНИК!$N$9+('ФАКТ ЧИСТ К1'!E6)*СПРАВОЧНИК!$O$9+('ФАКТ ЧИСТ К1'!F6)*СПРАВОЧНИК!$L$10+('ФАКТ ЧИСТ К1'!G6)*СПРАВОЧНИК!$M$10+('ФАКТ ЧИСТ К1'!H6)*СПРАВОЧНИК!$N$10+('ФАКТ ЧИСТ К1'!I6)*СПРАВОЧНИК!$L$11+('ФАКТ ЧИСТ К1'!J6)*СПРАВОЧНИК!$M$11+('ФАКТ ЧИСТ К1'!K6)*СПРАВОЧНИК!$N$11+('ФАКТ ЧИСТ К1'!L6)*СПРАВОЧНИК!$L$12+('ФАКТ ЧИСТ К1'!M6)*СПРАВОЧНИК!$M$12+('ФАКТ ЧИСТ К1'!N6)*СПРАВОЧНИК!$N$12+('ФАКТ ЧИСТ К1'!O6)*СПРАВОЧНИК!$L$13+('ФАКТ ЧИСТ К1'!P6)*СПРАВОЧНИК!$M$13+('ФАКТ ЧИСТ К1'!Q6)*СПРАВОЧНИК!$N$13+('ФАКТ ЧИСТ К1'!R6)*СПРАВОЧНИК!$L$14+('ФАКТ ЧИСТ К1'!S6)*СПРАВОЧНИК!$M$14+('ФАКТ ЧИСТ К1'!T6)*СПРАВОЧНИК!$N$14+('ФАКТ ЧИСТ К1'!U6)*СПРАВОЧНИК!$L$15+('ФАКТ ЧИСТ К1'!V6)*СПРАВОЧНИК!$M$15+('ФАКТ ЧИСТ К1'!W6)*СПРАВОЧНИК!$N$15 -> 0 | AM15: =AM14+7 -> 46181 | AN15: =СПРАВОЧНИК!$E$9*('ПЛАН ЧЕРН К2'!B6*СПРАВОЧНИК!$H$9+'ПЛАН ЧЕРН К2'!C6*СПРАВОЧНИК!$I$9+'ПЛАН ЧЕРН К2'!D6*СПРАВОЧНИК!$J$9)+СПРАВОЧНИК!$E$10*('ПЛАН ЧЕРН К2'!E6*СПРАВОЧНИК!$H$10+'ПЛАН ЧЕРН К2'!F6*СПРАВОЧНИК!$I$10+'ПЛАН ЧЕРН К2'!G6*СПРАВОЧНИК!$J$10)+СПРАВОЧНИК!$E$11*('ПЛАН ЧЕРН К2'!H6*СПРАВОЧНИК!$H$11+'ПЛАН ЧЕРН К2'!I6*СПРАВОЧНИК!$I$11+'ПЛАН ЧЕРН К2'!J6*СПРАВОЧНИК!$J$11)+СПРАВОЧНИК!$E$12*('ПЛАН ЧЕРН К2'!K6*СПРАВОЧНИК!$H$12+'ПЛАН ЧЕРН К2'!L6*СПРАВОЧНИК!$I$12+'ПЛАН ЧЕРН К2'!M6*СПРАВОЧНИК!$J$12)+СПРАВОЧНИК!$E$13*('ПЛАН ЧЕРН К2'!N6*СПРАВОЧНИК!$H$13+'ПЛАН ЧЕРН К2'!O6*СПРАВОЧНИК!$I$13+'ПЛАН ЧЕРН К2'!P6*СПРАВОЧНИК!$J$13)+СПРАВОЧНИК!$E$14*('ПЛАН ЧЕРН К2'!Q6*СПРАВОЧНИК!$H$14+'ПЛАН ЧЕРН К2'!R6*СПРАВОЧНИК!$I$14+'ПЛАН ЧЕРН К2'!S6*СПРАВОЧНИК!$J$14)+СПРАВОЧНИК!$E$15*('ПЛАН ЧЕРН К2'!T6*СПРАВОЧНИК!$H$15+'ПЛАН ЧЕРН К2'!U6*СПРАВОЧНИК!$I$15+'ПЛАН ЧЕРН К2'!V6*СПРАВОЧНИК!$J$15)+СПРАВОЧНИК!$F$9*('ПЛАН ЧИСТ К2'!B6*СПРАВОЧНИК!$L$9+'ПЛАН ЧИСТ К2'!C6*СПРАВОЧНИК!$M$9+'ПЛАН ЧИСТ К2'!D6*СПРАВОЧНИК!$N$9+'ПЛАН ЧИСТ К2'!E6*СПРАВОЧНИК!$O$9)+СПРАВОЧНИК!$F$10*('ПЛАН ЧИСТ К2'!F6*СПРАВОЧНИК!$L$10+'ПЛАН ЧИСТ К2'!G6*СПРАВОЧНИК!$M$10+'ПЛАН ЧИСТ К2'!H6*СПРАВОЧНИК!$N$10)+СПРАВОЧНИК!$F$11*('ПЛАН ЧИСТ К2'!I6*СПРАВОЧНИК!$L$11+'ПЛАН ЧИСТ К2'!J6*СПРАВОЧНИК!$M$11+'ПЛАН ЧИСТ К2'!K6*СПРАВОЧНИК!$N$11)+СПРАВОЧНИК!$F$12*('ПЛАН ЧИСТ К2'!L6*СПРАВОЧНИК!$L$12+'ПЛАН ЧИСТ К2'!M6*СПРАВОЧНИК!$M$12+'ПЛАН ЧИСТ К2'!N6*СПРАВОЧНИК!$N$12)+СПРАВОЧНИК!$F$13*('ПЛАН ЧИСТ К2'!O6*СПРАВОЧНИК!$L$13+'ПЛАН ЧИСТ К2'!P6*СПРАВОЧНИК!$M$13+'ПЛАН ЧИСТ К2'!Q6*СПРАВОЧНИК!$N$13)+СПРАВОЧНИК!$F$14*('ПЛАН ЧИСТ К2'!R6*СПРАВОЧНИК!$L$14+'ПЛАН ЧИСТ К2'!S6*СПРАВОЧНИК!$M$14+'ПЛАН ЧИСТ К2'!T6*СПРАВОЧНИК!$N$14)+СПРАВОЧНИК!$F$15*('ПЛАН ЧИСТ К2'!U6*СПРАВОЧНИК!$L$15+'ПЛАН ЧИСТ К2'!V6*СПРАВОЧНИК!$M$15+'ПЛАН ЧИСТ К2'!W6*СПРАВОЧНИК!$N$15) -> 0 | AO15: =СПРАВОЧНИК!$E$9*(('ФАКТ ЧЕРН К2'!B6)*СПРАВОЧНИК!$H$9+('ФАКТ ЧЕРН К2'!C6)*СПРАВОЧНИК!$I$9+('ФАКТ ЧЕРН К2'!D6)*СПРАВОЧНИК!$J$9)+СПРАВОЧНИК!$E$10*(('ФАКТ ЧЕРН К2'!E6)*СПРАВОЧНИК!$H$10+('ФАКТ ЧЕРН К2'!F6)*СПРАВОЧНИК!$I$10+('ФАКТ ЧЕРН К2'!G6)*СПРАВОЧНИК!$J$10)+СПРАВОЧНИК!$E$11*(('ФАКТ ЧЕРН К2'!H6)*СПРАВОЧНИК!$H$11+('ФАКТ ЧЕРН К2'!I6)*СПРАВОЧНИК!$I$11+('ФАКТ ЧЕРН К2'!J6)*СПРАВОЧНИК!$J$11)+СПРАВОЧНИК!$E$12*(('ФАКТ ЧЕРН К2'!K6)*СПРАВОЧНИК!$H$12+('ФАКТ ЧЕРН К2'!L6)*СПРАВОЧНИК!$I$12+('ФАКТ ЧЕРН К2'!M6)*СПРАВОЧНИК!$J$12)+СПРАВОЧНИК!$E$13*(('ФАКТ ЧЕРН К2'!N6)*СПРАВОЧНИК!$H$13+('ФАКТ ЧЕРН К2'!O6)*СПРАВОЧНИК!$I$13+('ФАКТ ЧЕРН К2'!P6)*СПРАВОЧНИК!$J$13)+СПРАВОЧНИК!$E$14*(('ФАКТ ЧЕРН К2'!Q6)*СПРАВОЧНИК!$H$14+('ФАКТ ЧЕРН К2'!R6)*СПРАВОЧНИК!$I$14+('ФАКТ ЧЕРН К2'!S6)*СПРАВОЧНИК!$J$14)+СПРАВОЧНИК!$E$15*(('ФАКТ ЧЕРН К2'!T6)*СПРАВОЧНИК!$H$15+('ФАКТ ЧЕРН К2'!U6)*СПРАВОЧНИК!$I$15+('ФАКТ ЧЕРН К2'!V6)*СПРАВОЧНИК!$J$15)+СПРАВОЧНИК!$F$9*(('ФАКТ ЧИСТ К2'!B6)*СПРАВОЧНИК!$L$9+('ФАКТ ЧИСТ К2'!C6)*СПРАВОЧНИК!$M$9+('ФАКТ ЧИСТ К2'!D6)*СПРАВОЧНИК!$N$9+('ФАКТ ЧИСТ К2'!E6)*СПРАВОЧНИК!$O$9)+СПРАВОЧНИК!$F$10*(('ФАКТ ЧИСТ К2'!F6)*СПРАВОЧНИК!$L$10+('ФАКТ ЧИСТ К2'!G6)*СПРАВОЧНИК!$M$10+('ФАКТ ЧИСТ К2'!H6)*СПРАВОЧНИК!$N$10)+СПРАВОЧНИК!$F$11*(('ФАКТ ЧИСТ К2'!I6)*СПРАВОЧНИК!$L$11+('ФАКТ ЧИСТ К2'!J6)*СПРАВОЧНИК!$M$11+('ФАКТ ЧИСТ К2'!K6)*СПРАВОЧНИК!$N$11)+СПРАВОЧНИК!$F$12*(('ФАКТ ЧИСТ К2'!L6)*СПРАВОЧНИК!$L$12+('ФАКТ ЧИСТ К2'!M6)*СПРАВОЧНИК!$M$12+('ФАКТ ЧИСТ К2'!N6)*СПРАВОЧНИК!$N$12)+СПРАВОЧНИК!$F$13*(('ФАКТ ЧИСТ К2'!O6)*СПРАВОЧНИК!$L$13+('ФАКТ ЧИСТ К2'!P6)*СПРАВОЧНИК!$M$13+('ФАКТ ЧИСТ К2'!Q6)*СПРАВОЧНИК!$N$13)+СПРАВОЧНИК!$F$14*(('ФАКТ ЧИСТ К2'!R6)*СПРАВОЧНИК!$L$14+('ФАКТ ЧИСТ К2'!S6)*СПРАВОЧНИК!$M$14+('ФАКТ ЧИСТ К2'!T6)*СПРАВОЧНИК!$N$14)+СПРАВОЧНИК!$F$15*(('ФАКТ ЧИСТ К2'!U6)*СПРАВОЧНИК!$L$15+('ФАКТ ЧИСТ К2'!V6)*СПРАВОЧНИК!$M$15+('ФАКТ ЧИСТ К2'!W6)*СПРАВОЧНИК!$N$15) -> 0 | AS15: =AS14+7 -> 46181 | AT15: ='ПЛАН ЧЕРН К2'!B6*СПРАВОЧНИК!$H$9+'ПЛАН ЧЕРН К2'!C6*СПРАВОЧНИК!$I$9+'ПЛАН ЧЕРН К2'!D6*СПРАВОЧНИК!$J$9+'ПЛАН ЧЕРН К2'!E6*СПРАВОЧНИК!$H$10+'ПЛАН ЧЕРН К2'!F6*СПРАВОЧНИК!$I$10+'ПЛАН ЧЕРН К2'!G6*СПРАВОЧНИК!$J$10+'ПЛАН ЧЕРН К2'!H6*СПРАВОЧНИК!$H$11+'ПЛАН ЧЕРН К2'!I6*СПРАВОЧНИК!$I$11+'ПЛАН ЧЕРН К2'!J6*СПРАВОЧНИК!$J$11+'ПЛАН ЧЕРН К2'!K6*СПРАВОЧНИК!$H$12+'ПЛАН ЧЕРН К2'!L6*СПРАВОЧНИК!$I$12+'ПЛАН ЧЕРН К2'!M6*СПРАВОЧНИК!$J$12+'ПЛАН ЧЕРН К2'!N6*СПРАВОЧНИК!$H$13+'ПЛАН ЧЕРН К2'!O6*СПРАВОЧНИК!$I$13+'ПЛАН ЧЕРН К2'!P6*СПРАВОЧНИК!$J$13+'ПЛАН ЧЕРН К2'!Q6*СПРАВОЧНИК!$H$14+'ПЛАН ЧЕРН К2'!R6*СПРАВОЧНИК!$I$14+'ПЛАН ЧЕРН К2'!S6*СПРАВОЧНИК!$J$14+'ПЛАН ЧЕРН К2'!T6*СПРАВОЧНИК!$H$15+'ПЛАН ЧЕРН К2'!U6*СПРАВОЧНИК!$I$15+'ПЛАН ЧЕРН К2'!V6*СПРАВОЧНИК!$J$15 -> 0 | AU15: =('ФАКТ ЧЕРН К2'!B6)*СПРАВОЧНИК!$H$9+('ФАКТ ЧЕРН К2'!C6)*СПРАВОЧНИК!$I$9+('ФАКТ ЧЕРН К2'!D6)*СПРАВОЧНИК!$J$9+('ФАКТ ЧЕРН К2'!E6)*СПРАВОЧНИК!$H$10+('ФАКТ ЧЕРН К2'!F6)*СПРАВОЧНИК!$I$10+('ФАКТ ЧЕРН К2'!G6)*СПРАВОЧНИК!$J$10+('ФАКТ ЧЕРН К2'!H6)*СПРАВОЧНИК!$H$11+('ФАКТ ЧЕРН К2'!I6)*СПРАВОЧНИК!$I$11+('ФАКТ ЧЕРН К2'!J6)*СПРАВОЧНИК!$J$11+('ФАКТ ЧЕРН К2'!K6)*СПРАВОЧНИК!$H$12+('ФАКТ ЧЕРН К2'!L6)*СПРАВОЧНИК!$I$12+('ФАКТ ЧЕРН К2'!M6)*СПРАВОЧНИК!$J$12+('ФАКТ ЧЕРН К2'!N6)*СПРАВОЧНИК!$H$13+('ФАКТ ЧЕРН К2'!O6)*СПРАВОЧНИК!$I$13+('ФАКТ ЧЕРН К2'!P6)*СПРАВОЧНИК!$J$13+('ФАКТ ЧЕРН К2'!Q6)*СПРАВОЧНИК!$H$14+('ФАКТ ЧЕРН К2'!R6)*СПРАВОЧНИК!$I$14+('ФАКТ ЧЕРН К2'!S6)*СПРАВОЧНИК!$J$14+('ФАКТ ЧЕРН К2'!T6)*СПРАВОЧНИК!$H$15+('ФАКТ ЧЕРН К2'!U6)*СПРАВОЧНИК!$I$15+('ФАКТ ЧЕРН К2'!V6)*СПРАВОЧНИК!$J$15 -> 0 | AY15: =AY14+7 -> 46181 | AZ15: ='ПЛАН ЧИСТ К2'!B6*СПРАВОЧНИК!$L$9+'ПЛАН ЧИСТ К2'!C6*СПРАВОЧНИК!$M$9+'ПЛАН ЧИСТ К2'!D6*СПРАВОЧНИК!$N$9+'ПЛАН ЧИСТ К2'!E6*СПРАВОЧНИК!$O$9+'ПЛАН ЧИСТ К2'!F6*СПРАВОЧНИК!$L$10+'ПЛАН ЧИСТ К2'!G6*СПРАВОЧНИК!$M$10+'ПЛАН ЧИСТ К2'!H6*СПРАВОЧНИК!$N$10+'ПЛАН ЧИСТ К2'!I6*СПРАВОЧНИК!$L$11+'ПЛАН ЧИСТ К2'!J6*СПРАВОЧНИК!$M$11+'ПЛАН ЧИСТ К2'!K6*СПРАВОЧНИК!$N$11+'ПЛАН ЧИСТ К2'!L6*СПРАВОЧНИК!$L$12+'ПЛАН ЧИСТ К2'!M6*СПРАВОЧНИК!$M$12+'ПЛАН ЧИСТ К2'!N6*СПРАВОЧНИК!$N$12+'ПЛАН ЧИСТ К2'!O6*СПРАВОЧНИК!$L$13+'ПЛАН ЧИСТ К2'!P6*СПРАВОЧНИК!$M$13+'ПЛАН ЧИСТ К2'!Q6*СПРАВОЧНИК!$N$13+'ПЛАН ЧИСТ К2'!R6*СПРАВОЧНИК!$L$14+'ПЛАН ЧИСТ К2'!S6*СПРАВОЧНИК!$M$14+'ПЛАН ЧИСТ К2'!T6*СПРАВОЧНИК!$N$14+'ПЛАН ЧИСТ К2'!U6*СПРАВОЧНИК!$L$15+'ПЛАН ЧИСТ К2'!V6*СПРАВОЧНИК!$M$15+'ПЛАН ЧИСТ К2'!W6*СПРАВОЧНИК!$N$15 -> 0 | BA15: =('ФАКТ ЧИСТ К2'!B6)*СПРАВОЧНИК!$L$9+('ФАКТ ЧИСТ К2'!C6)*СПРАВОЧНИК!$M$9+('ФАКТ ЧИСТ К2'!D6)*СПРАВОЧНИК!$N$9+('ФАКТ ЧИСТ К2'!E6)*СПРАВОЧНИК!$O$9+('ФАКТ ЧИСТ К2'!F6)*СПРАВОЧНИК!$L$10+('ФАКТ ЧИСТ К2'!G6)*СПРАВОЧНИК!$M$10+('ФАКТ ЧИСТ К2'!H6)*СПРАВОЧНИК!$N$10+('ФАКТ ЧИСТ К2'!I6)*СПРАВОЧНИК!$L$11+('ФАКТ ЧИСТ К2'!J6)*СПРАВОЧНИК!$M$11+('ФАКТ ЧИСТ К2'!K6)*СПРАВОЧНИК!$N$11+('ФАКТ ЧИСТ К2'!L6)*СПРАВОЧНИК!$L$12+('ФАКТ ЧИСТ К2'!M6)*СПРАВОЧНИК!$M$12+('ФАКТ ЧИСТ К2'!N6)*СПРАВОЧНИК!$N$12+('ФАКТ ЧИСТ К2'!O6)*СПРАВОЧНИК!$L$13+('ФАКТ ЧИСТ К2'!P6)*СПРАВОЧНИК!$M$13+('ФАКТ ЧИСТ К2'!Q6)*СПРАВОЧНИК!$N$13+('ФАКТ ЧИСТ К2'!R6)*СПРАВОЧНИК!$L$14+('ФАКТ ЧИСТ К2'!S6)*СПРАВОЧНИК!$M$14+('ФАКТ ЧИСТ К2'!T6)*СПРАВОЧНИК!$N$14+('ФАКТ ЧИСТ К2'!U6)*СПРАВОЧНИК!$L$15+('ФАКТ ЧИСТ К2'!V6)*СПРАВОЧНИК!$M$15+('ФАКТ ЧИСТ К2'!W6)*СПРАВОЧНИК!$N$15 -> 0 | BE15: =BE14+7 -> 46181 | BF15: =СПРАВОЧНИК!$E$9*('ПЛАН ЧЕРН К3'!B6*СПРАВОЧНИК!$H$9+'ПЛАН ЧЕРН К3'!C6*СПРАВОЧНИК!$I$9+'ПЛАН ЧЕРН К3'!D6*СПРАВОЧНИК!$J$9)+СПРАВОЧНИК!$E$10*('ПЛАН ЧЕРН К3'!E6*СПРАВОЧНИК!$H$10+'ПЛАН ЧЕРН К3'!F6*СПРАВОЧНИК!$I$10+'ПЛАН ЧЕРН К3'!G6*СПРАВОЧНИК!$J$10)+СПРАВОЧНИК!$E$11*('ПЛАН ЧЕРН К3'!H6*СПРАВОЧНИК!$H$11+'ПЛАН ЧЕРН К3'!I6*СПРАВОЧНИК!$I$11+'ПЛАН ЧЕРН К3'!J6*СПРАВОЧНИК!$J$11)+СПРАВОЧНИК!$E$12*('ПЛАН ЧЕРН К3'!K6*СПРАВОЧНИК!$H$12+'ПЛАН ЧЕРН К3'!L6*СПРАВОЧНИК!$I$12+'ПЛАН ЧЕРН К3'!M6*СПРАВОЧНИК!$J$12)+СПРАВОЧНИК!$E$13*('ПЛАН ЧЕРН К3'!N6*СПРАВОЧНИК!$H$13+'ПЛАН ЧЕРН К3'!O6*СПРАВОЧНИК!$I$13+'ПЛАН ЧЕРН К3'!P6*СПРАВОЧНИК!$J$13)+СПРАВОЧНИК!$E$14*('ПЛАН ЧЕРН К3'!Q6*СПРАВОЧНИК!$H$14+'ПЛАН ЧЕРН К3'!R6*СПРАВОЧНИК!$I$14+'ПЛАН ЧЕРН К3'!S6*СПРАВОЧНИК!$J$14)+СПРАВОЧНИК!$E$15*('ПЛАН ЧЕРН К3'!T6*СПРАВОЧНИК!$H$15+'ПЛАН ЧЕРН К3'!U6*СПРАВОЧНИК!$I$15+'ПЛАН ЧЕРН К3'!V6*СПРАВОЧНИК!$J$15)+СПРАВОЧНИК!$F$9*('ПЛАН ЧИСТ К3'!B6*СПРАВОЧНИК!$L$9+'ПЛАН ЧИСТ К3'!C6*СПРАВОЧНИК!$M$9+'ПЛАН ЧИСТ К3'!D6*СПРАВОЧНИК!$N$9+'ПЛАН ЧИСТ К3'!E6*СПРАВОЧНИК!$O$9)+СПРАВОЧНИК!$F$10*('ПЛАН ЧИСТ К3'!F6*СПРАВОЧНИК!$L$10+'ПЛАН ЧИСТ К3'!G6*СПРАВОЧНИК!$M$10+'ПЛАН ЧИСТ К3'!H6*СПРАВОЧНИК!$N$10)+СПРАВОЧНИК!$F$11*('ПЛАН ЧИСТ К3'!I6*СПРАВОЧНИК!$L$11+'ПЛАН ЧИСТ К3'!J6*СПРАВОЧНИК!$M$11+'ПЛАН ЧИСТ К3'!K6*СПРАВОЧНИК!$N$11)+СПРАВОЧНИК!$F$12*('ПЛАН ЧИСТ К3'!L6*СПРАВОЧНИК!$L$12+'ПЛАН ЧИСТ К3'!M6*СПРАВОЧНИК!$M$12+'ПЛАН ЧИСТ К3'!N6*СПРАВОЧНИК!$N$12)+СПРАВОЧНИК!$F$13*('ПЛАН ЧИСТ К3'!O6*СПРАВОЧНИК!$L$13+'ПЛАН ЧИСТ К3'!P6*СПРАВОЧНИК!$M$13+'ПЛАН ЧИСТ К3'!Q6*СПРАВОЧНИК!$N$13)+СПРАВОЧНИК!$F$14*('ПЛАН ЧИСТ К3'!R6*СПРАВОЧНИК!$L$14+'ПЛАН ЧИСТ К3'!S6*СПРАВОЧНИК!$M$14+'ПЛАН ЧИСТ К3'!T6*СПРАВОЧНИК!$N$14)+СПРАВОЧНИК!$F$15*('ПЛАН ЧИСТ К3'!U6*СПРАВОЧНИК!$L$15+'ПЛАН ЧИСТ К3'!V6*СПРАВОЧНИК!$M$15+'ПЛАН ЧИСТ К3'!W6*СПРАВОЧНИК!$N$15) -> 0 | BG15: =СПРАВОЧНИК!$E$9*(('ФАКТ ЧЕРН К3'!B6)*СПРАВОЧНИК!$H$9+('ФАКТ ЧЕРН К3'!C6)*СПРАВОЧНИК!$I$9+('ФАКТ ЧЕРН К3'!D6)*СПРАВОЧНИК!$J$9)+СПРАВОЧНИК!$E$10*(('ФАКТ ЧЕРН К3'!E6)*СПРАВОЧНИК!$H$10+('ФАКТ ЧЕРН К3'!F6)*СПРАВОЧНИК!$I$10+('ФАКТ ЧЕРН К3'!G6)*СПРАВОЧНИК!$J$10)+СПРАВОЧНИК!$E$11*(('ФАКТ ЧЕРН К3'!H6)*СПРАВОЧНИК!$H$11+('ФАКТ ЧЕРН К3'!I6)*СПРАВОЧНИК!$I$11+('ФАКТ ЧЕРН К3'!J6)*СПРАВОЧНИК!$J$11)+СПРАВОЧНИК!$E$12*(('ФАКТ ЧЕРН К3'!K6)*СПРАВОЧНИК!$H$12+('ФАКТ ЧЕРН К3'!L6)*СПРАВОЧНИК!$I$12+('ФАКТ ЧЕРН К3'!M6)*СПРАВОЧНИК!$J$12)+СПРАВОЧНИК!$E$13*(('ФАКТ ЧЕРН К3'!N6)*СПРАВОЧНИК!$H$13+('ФАКТ ЧЕРН К3'!O6)*СПРАВОЧНИК!$I$13+('ФАКТ ЧЕРН К3'!P6)*СПРАВОЧНИК!$J$13)+СПРАВОЧНИК!$E$14*(('ФАКТ ЧЕРН К3'!Q6)*СПРАВОЧНИК!$H$14+('ФАКТ ЧЕРН К3'!R6)*СПРАВОЧНИК!$I$14+('ФАКТ ЧЕРН К3'!S6)*СПРАВОЧНИК!$J$14)+СПРАВОЧНИК!$E$15*(('ФАКТ ЧЕРН К3'!T6)*СПРАВОЧНИК!$H$15+('ФАКТ ЧЕРН К3'!U6)*СПРАВОЧНИК!$I$15+('ФАКТ ЧЕРН К3'!V6)*СПРАВОЧНИК!$J$15)+СПРАВОЧНИК!$F$9*(('ФАКТ ЧИСТ К3'!B6)*СПРАВОЧНИК!$L$9+('ФАКТ ЧИСТ К3'!C6)*СПРАВОЧНИК!$M$9+('ФАКТ ЧИСТ К3'!D6)*СПРАВОЧНИК!$N$9+('ФАКТ ЧИСТ К3'!E6)*СПРАВОЧНИК!$O$9)+СПРАВОЧНИК!$F$10*(('ФАКТ ЧИСТ К3'!F6)*СПРАВОЧНИК!$L$10+('ФАКТ ЧИСТ К3'!G6)*СПРАВОЧНИК!$M$10+('ФАКТ ЧИСТ К3'!H6)*СПРАВОЧНИК!$N$10)+СПРАВОЧНИК!$F$11*(('ФАКТ ЧИСТ К3'!I6)*СПРАВОЧНИК!$L$11+('ФАКТ ЧИСТ К3'!J6)*СПРАВОЧНИК!$M$11+('ФАКТ ЧИСТ К3'!K6)*СПРАВОЧНИК!$N$11)+СПРАВОЧНИК!$F$12*(('ФАКТ ЧИСТ К3'!L6)*СПРАВОЧНИК!$L$12+('ФАКТ ЧИСТ К3'!M6)*СПРАВОЧНИК!$M$12+('ФАКТ ЧИСТ К3'!N6)*СПРАВОЧНИК!$N$12)+СПРАВОЧНИК!$F$13*(('ФАКТ ЧИСТ К3'!O6)*СПРАВОЧНИК!$L$13+('ФАКТ ЧИСТ К3'!P6)*СПРАВОЧНИК!$M$13+('ФАКТ ЧИСТ К3'!Q6)*СПРАВОЧНИК!$N$13)+СПРАВОЧНИК!$F$14*(('ФАКТ ЧИСТ К3'!R6)*СПРАВОЧНИК!$L$14+('ФАКТ ЧИСТ К3'!S6)*СПРАВОЧНИК!$M$14+('ФАКТ ЧИСТ К3'!T6)*СПРАВОЧНИК!$N$14)+СПРАВОЧНИК!$F$15*(('ФАКТ ЧИСТ К3'!U6)*СПРАВОЧНИК!$L$15+('ФАКТ ЧИСТ К3'!V6)*СПРАВОЧНИК!$M$15+('ФАКТ ЧИСТ К3'!W6)*СПРАВОЧНИК!$N$15) -> 0 | BK15: =BK14+7 -> 46181 | BL15: ='ПЛАН ЧЕРН К3'!B6*СПРАВОЧНИК!$H$9+'ПЛАН ЧЕРН К3'!C6*СПРАВОЧНИК!$I$9+'ПЛАН ЧЕРН К3'!D6*СПРАВОЧНИК!$J$9+'ПЛАН ЧЕРН К3'!E6*СПРАВОЧНИК!$H$10+'ПЛАН ЧЕРН К3'!F6*СПРАВОЧНИК!$I$10+'ПЛАН ЧЕРН К3'!G6*СПРАВОЧНИК!$J$10+'ПЛАН ЧЕРН К3'!H6*СПРАВОЧНИК!$H$11+'ПЛАН ЧЕРН К3'!I6*СПРАВОЧНИК!$I$11+'ПЛАН ЧЕРН К3'!J6*СПРАВОЧНИК!$J$11+'ПЛАН ЧЕРН К3'!K6*СПРАВОЧНИК!$H$12+'ПЛАН ЧЕРН К3'!L6*СПРАВОЧНИК!$I$12+'ПЛАН ЧЕРН К3'!M6*СПРАВОЧНИК!$J$12+'ПЛАН ЧЕРН К3'!N6*СПРАВОЧНИК!$H$13+'ПЛАН ЧЕРН К3'!O6*СПРАВОЧНИК!$I$13+'ПЛАН ЧЕРН К3'!P6*СПРАВОЧНИК!$J$13+'ПЛАН ЧЕРН К3'!Q6*СПРАВОЧНИК!$H$14+'ПЛАН ЧЕРН К3'!R6*СПРАВОЧНИК!$I$14+'ПЛАН ЧЕРН К3'!S6*СПРАВОЧНИК!$J$14+'ПЛАН ЧЕРН К3'!T6*СПРАВОЧНИК!$H$15+'ПЛАН ЧЕРН К3'!U6*СПРАВОЧНИК!$I$15+'ПЛАН ЧЕРН К3'!V6*СПРАВОЧНИК!$J$15 -> 0 | BM15: =('ФАКТ ЧЕРН К3'!B6)*СПРАВОЧНИК!$H$9+('ФАКТ ЧЕРН К3'!C6)*СПРАВОЧНИК!$I$9+('ФАКТ ЧЕРН К3'!D6)*СПРАВОЧНИК!$J$9+('ФАКТ ЧЕРН К3'!E6)*СПРАВОЧНИК!$H$10+('ФАКТ ЧЕРН К3'!F6)*СПРАВОЧНИК!$I$10+('ФАКТ ЧЕРН К3'!G6)*СПРАВОЧНИК!$J$10+('ФАКТ ЧЕРН К3'!H6)*СПРАВОЧНИК!$H$11+('ФАКТ ЧЕРН К3'!I6)*СПРАВОЧНИК!$I$11+('ФАКТ ЧЕРН К3'!J6)*СПРАВОЧНИК!$J$11+('ФАКТ ЧЕРН К3'!K6)*СПРАВОЧНИК!$H$12+('ФАКТ ЧЕРН К3'!L6)*СПРАВОЧНИК!$I$12+('ФАКТ ЧЕРН К3'!M6)*СПРАВОЧНИК!$J$12+('ФАКТ ЧЕРН К3'!N6)*СПРАВОЧНИК!$H$13+('ФАКТ ЧЕРН К3'!O6)*СПРАВОЧНИК!$I$13+('ФАКТ ЧЕРН К3'!P6)*СПРАВОЧНИК!$J$13+('ФАКТ ЧЕРН К3'!Q6)*СПРАВОЧНИК!$H$14+('ФАКТ ЧЕРН К3'!R6)*СПРАВОЧНИК!$I$14+('ФАКТ ЧЕРН К3'!S6)*СПРАВОЧНИК!$J$14+('ФАКТ ЧЕРН К3'!T6)*СПРАВОЧНИК!$H$15+('ФАКТ ЧЕРН К3'!U6)*СПРАВОЧНИК!$I$15+('ФАКТ ЧЕРН К3'!V6)*СПРАВОЧНИК!$J$15 -> 0 | BQ15: =BQ14+7 -> 46181 | BR15: ='ПЛАН ЧИСТ К3'!B6*СПРАВОЧНИК!$L$9+'ПЛАН ЧИСТ К3'!C6*СПРАВОЧНИК!$M$9+'ПЛАН ЧИСТ К3'!D6*СПРАВОЧНИК!$N$9+'ПЛАН ЧИСТ К3'!E6*СПРАВОЧНИК!$O$9+'ПЛАН ЧИСТ К3'!F6*СПРАВОЧНИК!$L$10+'ПЛАН ЧИСТ К3'!G6*СПРАВОЧНИК!$M$10+'ПЛАН ЧИСТ К3'!H6*СПРАВОЧНИК!$N$10+'ПЛАН ЧИСТ К3'!I6*СПРАВОЧНИК!$L$11+'ПЛАН ЧИСТ К3'!J6*СПРАВОЧНИК!$M$11+'ПЛАН ЧИСТ К3'!K6*СПРАВОЧНИК!$N$11+'ПЛАН ЧИСТ К3'!L6*СПРАВОЧНИК!$L$12+'ПЛАН ЧИСТ К3'!M6*СПРАВОЧНИК!$M$12+'ПЛАН ЧИСТ К3'!N6*СПРАВОЧНИК!$N$12+'ПЛАН ЧИСТ К3'!O6*СПРАВОЧНИК!$L$13+'ПЛАН ЧИСТ К3'!P6*СПРАВОЧНИК!$M$13+'ПЛАН ЧИСТ К3'!Q6*СПРАВОЧНИК!$N$13+'ПЛАН ЧИСТ К3'!R6*СПРАВОЧНИК!$L$14+'ПЛАН ЧИСТ К3'!S6*СПРАВОЧНИК!$M$14+'ПЛАН ЧИСТ К3'!T6*СПРАВОЧНИК!$N$14+'ПЛАН ЧИСТ К3'!U6*СПРАВОЧНИК!$L$15+'ПЛАН ЧИСТ К3'!V6*СПРАВОЧНИК!$M$15+'ПЛАН ЧИСТ К3'!W6*СПРАВОЧНИК!$N$15 -> 0 | BS15: =('ФАКТ ЧИСТ К3'!B6)*СПРАВОЧНИК!$L$9+('ФАКТ ЧИСТ К3'!C6)*СПРАВОЧНИК!$M$9+('ФАКТ ЧИСТ К3'!D6)*СПРАВОЧНИК!$N$9+('ФАКТ ЧИСТ К3'!E6)*СПРАВОЧНИК!$O$9+('ФАКТ ЧИСТ К3'!F6)*СПРАВОЧНИК!$L$10+('ФАКТ ЧИСТ К3'!G6)*СПРАВОЧНИК!$M$10+('ФАКТ ЧИСТ К3'!H6)*СПРАВОЧНИК!$N$10+('ФАКТ ЧИСТ К3'!I6)*СПРАВОЧНИК!$L$11+('ФАКТ ЧИСТ К3'!J6)*СПРАВОЧНИК!$M$11+('ФАКТ ЧИСТ К3'!K6)*СПРАВОЧНИК!$N$11+('ФАКТ ЧИСТ К3'!L6)*СПРАВОЧНИК!$L$12+('ФАКТ ЧИСТ К3'!M6)*СПРАВОЧНИК!$M$12+('ФАКТ ЧИСТ К3'!N6)*СПРАВОЧНИК!$N$12+('ФАКТ ЧИСТ К3'!O6)*СПРАВОЧНИК!$L$13+('ФАКТ ЧИСТ К3'!P6)*СПРАВОЧНИК!$M$13+('ФАКТ ЧИСТ К3'!Q6)*СПРАВОЧНИК!$N$13+('ФАКТ ЧИСТ К3'!R6)*СПРАВОЧНИК!$L$14+('ФАКТ ЧИСТ К3'!S6)*СПРАВОЧНИК!$M$14+('ФАКТ ЧИСТ К3'!T6)*СПРАВОЧНИК!$N$14+('ФАКТ ЧИСТ К3'!U6)*СПРАВОЧНИК!$L$15+('ФАКТ ЧИСТ К3'!V6)*СПРАВОЧНИК!$M$15+('ФАКТ ЧИСТ К3'!W6)*СПРАВОЧНИК!$N$15 -> 0 | BW15: =BW14+7 -> 46181 | BX15: =V15+AN15+BF15 -> 0 | BY15: =W15+AO15+BG15 -> 0 | CC15: =CC14+7 -> 46181 | CD15: =AB15+AT15+BL15 -> 0 | CE15: =AC15+AU15+BM15 -> 0 | CI15: =CI14+7 -> 46181 | CJ15: =AH15+AZ15+BR15 -> 0 | CK15: =AI15+BA15+BS15 -> 0 | CO15: =CO14+7 -> 46181 | CP15: =D15+BX15 -> 0 | CQ15: =E15+BY15 -> 0 | CU15: =CU14+7 -> 46181 | CV15: =J15+CD15 -> 0 | CW15: =K15+CE15 -> 0 | DA15: =DA14+7 -> 46181 | DB15: =P15+CJ15 -> 0 | DC15: =Q15+CK15 -> 0
