Workbook
Name К1_Общий_8_2: SIGNAL!$T:$W
Name К1_Черновая_8_2: SIGNAL!$Z:$AC
Name К1_Чистовая_8_2: SIGNAL!$AF:$AI
Name К2_Общий_8_2: SIGNAL!$AL:$AO
Name К2_Черновая_8_2: SIGNAL!$AR:$AU
Name К2_Чистовая_8_2: SIGNAL!$AX:$BA
Name К3_Общий_8_2: SIGNAL!$BD:$BG
Name К3_Черновая_8_2: SIGNAL!$BJ:$BM
Name К3_Чистовая_8_2: SIGNAL!$BP:$BS
Name Общая: SIGNAL!$CN:$CQ
Name Общий_8_1: SIGNAL!$B:$E
Name Общий_8_2: SIGNAL!$BV:$BY
Name Черновая: SIGNAL!$CT:$CW
Name Черновая_8_1: SIGNAL!$H:$K
Name Черновая_8_2: SIGNAL!$CB:$CE
Name Чистовая: SIGNAL!$CZ:$DC
Name Чистовая_8_1: SIGNAL!$N:$Q
Name Чистовая_8_2: SIGNAL!$CH:$CK

Sheet ИНСТРУКЦИЯ
A1: ИНСТРУКЦИЯ ПО ЗАПОЛНЕНИЮ
A2: Отделка для SIGNAL — Пошаговое руководство
A4: ОБЗОР СТРУКТУРЫ ФАЙЛА
B5: Лист | C5: Назначение | D5: Действия пользователя
B6: СПРАВОЧНИК | C6: Справочник категорий, весов, площадей | D6: Настроить развесовку и площади
B7: ПЛАН ЧЕРН/ЧИСТ * | C7: Плановые м2 по неделям (сетка) | D7: Вносить плановые м2
B8: ФАКТ ЧЕРН/ЧИСТ * | C8: Фактические м2 по неделям (сетка) | D8: Вносить фактические м2
B9: ОТЧЕТ | C9: Сводный отчёт по % выполнения | D9: Только просмотр (авто)
B10: SIGNAL | C10: Карточки для системы SIGNAL | D10: Только просмотр (авто)
A12: ЭТАП 0: СТРУКТУРА ПРОЕКТА
A13: 0.1 | B13: Текущая конфигурация:
B14: Проект рассчитан на фиксированную структуру:
B15: * ПОДЗЕМ — подземная часть (6 подкатегорий: 8.1.1 - 8.1.6)
B16: * К1 — корпус 1 (7 подкатегорий: 8.2.1 - 8.2.7)
B17: * К2 — корпус 2 (аналогично К1)
B18: * К3 — корпус 3 (аналогично К1)
B19: Для изменения количества корпусов используйте конструктор (HTML-генератор).
A21: КАК ОПРЕДЕЛИТЬ ВЕС: МЕТОДИКА
B22: Вес — это доля трудозатрат вида работ от общего объёма. Определяется экспертно в 3 шага.
B24: Шаг 1. Черновая / Чистовая (столбцы E и F)
B25: Представьте: всё помещение = 100% работ по отделке.
B26: Оцените: какую долю общих усилий занимает черновая, а какую чистовая?
B27: Оценивайте по трудозатратам и длительности, не по стоимости материалов.
B28: Черновая обычно тяжелее по трудоёмкости (стяжка, штукатурка),
B29: но чистовая может быть дороже по материалам — это не влияет на вес.
B30: Пример: Черновая = 0.60, Чистовая = 0.40. Сумма = 1.00
B32: Шаг 2. Пол / Стены / Потолок внутри Черновой (столбцы H, I, J)
B33: Теперь возьмите только черновую отделку = 100%. Распределите:
B34: Пол — стяжка, гидроизоляция, выравнивание
B35: Стены — штукатурка, грунтовка, выравнивание
... B52: Доля дней = вес.
A54: ЭТАП 1: СПРАВОЧНИК — РАЗВЕСОВКА
A55: 1.1 | B55: Дата начала проекта | C55: Ячейка СПРАВОЧНИК!B35
B56: Первая дата — это дата первого отчёта в SIGNAL, которая входит в период плановых сроков реализации.
A58: 1.2 | B58: Плановые площади (м2) | C58: Столбец СПРАВОЧНИК!B, строки 3-15
B59: Введите общую плановую площадь (м2) для каждой подкатегории отделки.
B60: Пример: 8.1.1 Парковка = 12500 м2, 8.2.1 Лобби = 3200 м2
B61: Если подкатегория не применяется в проекте (напр. 8.2.6, 8.2.7) — поставьте 0.
B62: При плане = 0 все формулы ОТЧЕТ и SIGNAL по этой категории обнулятся автоматически.
A64: 1.3 | B64: Веса черновой / чистовой | C64: Столбцы СПРАВОЧНИК!E-F, строки 3-15
B65: Определите долю черновой (E) и чистовой (F) отделки для каждой подкатегории.
B66: ! Сумма E + F для каждой строки должна равняться 1.0
B67: Пример: Черновая = 0.60, Чистовая = 0.40 -> сумма = 1.00
A69: 1.4 | B69: Развесовка черновой отделки | C69: Столбцы СПРАВОЧНИК!H-J, строки 3-15
B70: Распределите вес черновой работы по видам:
B71: H = Пол, I = Стены, J = Потолок
B72: ! Сумма H + I + J для каждой строки должна равняться 1.0
B73: Шаблон (если нет данных): Пол = 0.35, Стены = 0.40, Потолок = 0.25
A75: 1.5 | B75: Развесовка чистовой отделки | C75: Столбцы СПРАВОЧНИК!L-O, строки 3-15
B76: Распределите вес чистовой работы по видам:
B77: L = Пол, M = Стены, N = Потолок, O = Заполн. проемов
B78: ! Сумма L + M + N + O для каждой строки должна равняться 1.0
B79: Не все подкатегории имеют "Заполн. проемов". Если O = 0, то сумма L + M + N = 1.0
B80: Подкатегории с Заполн. проемов: 8.1.1, 8.1.2, 8.1.4, 8.1.5, 8.2.1, 8.2.2, 8.2.4, 8.2.5
A82: 1.6 | B82: Распределение по корпусам | C82: СПРАВОЧНИК строки 26-30, столбцы I-K
B83: Задайте доли распределения надземных подкатегорий (8.2.x) между К1, К2, К3.
B84: ! Сумма долей К1 + К2 + К3 по каждой строке должна = 1.0
A86: V | B86: Проверка этапа 1:
B87: * Строки 21-24 СПРАВОЧНИК: контрольные суммы весов (должны = 1.00)
B88: * Все площади > 0 для активных категорий
B89: * Дата начала проекта указана корректно
A91: ЭТАП 2: ВВОД ДАННЫХ
A92: 2.1 | B92: Куда вводить данные
B93: Данные вводятся напрямую в листы ПЛАН и ФАКТ (по 8 листов: ЧЕРН/ЧИСТ x ПОДЗЕМ/К1/К2/К3).
B94: ОТЧЕТ и SIGNAL читают данные именно из этих листов — заполняйте их напрямую.
A96: 2.2 | B96: Структура листов ПЛАН / ФАКТ
B97: Столбец A — дата недели (заполняется автоматически от даты старта из СПРАВОЧНИК!B35).
B98: Столбцы B и далее — м2 по подкатегориям, сгруппированные по видам работ:
B99: Элемент | C99: Описание | D99: Действие
B100: A - Дата | C100: Дата недели (авто, +7 дней) | D100: Не трогать
B101: Группа столбцов по категории | C101: Пол / Стены / Потолок (по 3 столбца на категорию) | D101: ЗАПОЛНЯТЬ м2
B102: Чист: + Заполн. проемов | C102: Пол / Стены / Потолок / Запол. (по 4 столбца) | D102: ЗАПОЛНЯТЬ м2
B103: Итоговые столбцы (справа) | C103: Суммы по видам работ | D103: Авто (формулы)
A105: 2.3 | B105: Какой лист для чего
B106: Лист | C106: Когда заполнять | D106: Что вносить
B107: ПЛАН ЧЕРН ПОДЗЕМ | C107: До начала работ (планирование) | D107: Плановые м2 черновой отделки подзема
B108: ПЛАН ЧИСТ ПОДЗЕМ | C108: До начала работ | D108: Плановые м2 чистовой отделки подзема
B109: ПЛАН ЧЕРН К1/К2/К3 | C109: До начала работ | D109: Плановые м2 черновой отделки по корпусам
B110: ПЛАН ЧИСТ К1/К2/К3 | C110: До начала работ | D110: Плановые м2 чистовой отделки по корпусам
B111: ФАКТ ЧЕРН ПОДЗЕМ | C111: Еженедельно по факту | D111: Фактические м2 черновой отделки подзема
B112: ФАКТ ЧИСТ ПОДЗЕМ | C112: Еженедельно по факту | D112: Фактические м2 чистовой отделки подзема
B113: ФАКТ ЧЕРН К1/К2/К3 | C113: Еженедельно по факту | D113: Фактические м2 черновой отделки по корпусам
B114: ФАКТ ЧИСТ К1/К2/К3 | C114: Еженедельно по факту | D114: Фактические м2 чистовой отделки по корпусам
A116: 2.4 | B116: Порядок заполнения
B117: 1. Откройте нужный лист ПЛАН или ФАКТ (по секции и типу: ЧЕРН/ЧИСТ x ПОДЗЕМ/К1/К2/К3)
B118: 2. Найдите строку текущей недели (по дате в столбце A)
B119: 3. Введите м2 в ячейки соответствующих подкатегорий
B120: 4. Данные автоматически попадут в ОТЧЕТ (взвешенный %) и SIGNAL (карточки)
A122: ЭТАП 3: КОНТРОЛЬ И ОТЧЁТНОСТЬ
A123: 3.1 | B123: Лист ОТЧЕТ
B124: Автоматический сводный отчёт с трёхуровневой иерархией:
B125: Главная -> Черновая / Чистовая -> Пол / Стены / Потолок / Заполн. проемов
B126: Столбцы отчёта:
B127: D = Вес уровня 4 (черн./чист.), E = Вес уровня 5 (вид работ)
B128: F = План м2, G = Факт м2, H = Факт %, I = Взвешенный %
B129: Секция АГРЕГАЦИЯ (внизу): итоги по ПОДЗЕМ, К1, К2, К3 и общий итог проекта.
A131: 3.2 | B131: Лист SIGNAL
B132: Карточки формата planFact2 для выгрузки в систему SIGNAL.
B133: 5 блоков: Подзем Общий, Подзем Черн., Подзем Чист., Надзем К1 Общий, Надзем К1 Черн.
B134: Данные обновляются автоматически при заполнении листов ВВОД.
...

Sheet СПРАВОЧНИК
A1: СПРАВОЧНИК КАТЕГОРИЙ ОТДЕЛКИ
A2: Код | B2: Часть | C2: Название | D2: План м² | E2: Вес черн. | F2: Вес чист. | G2: ∑ весов | H2: Черн:Пол | I2: Черн:Стены | J2: Черн:Потолок | K2: ∑ черн. | L2: Чист:Пол | M2: Чист:Стены | N2: Чист:Потолок | O2: Чист:Запол. | P2: Чист:Мебл. | Q2: ∑ чист. | R2: Начало | S2: Окончание | T2: Длит.(дни) | U2: Труд-proxy | V2: Вес ур.3 (авто) | W2: Вес ур.3 | X2: Глоб. вес
A3: 8.1.1 | B3: Подзем. | C3: Отделка паркинг и рампы | D3: 0 | E3: 0.45 | F3: 0.55 | G3: =E3+F3 | H3: 0.38 | I3: 0.41 | J3: 0.21 | K3: =SUM(H3:J3) | L3: 0.46 | M3: 0.3 | N3: 0.12 | O3: 0.12 | P3: 0 | Q3: =SUM(L3:P3) | T3: =IF(OR(Q3="",R3=""),0,R3-Q3) | U3: =S3*D3 | V3: =IFERROR(T3/SUMIF($B$3:$B$15,$B3,$T$3:$T$15),0) | W3: =U3 | X3: =V3*IF($B3="Подзем.",$V$18,$V$19)
A4: 8.1.2 | B4: Подзем. | C4: Отделка эвакуац. лестн. клетки подзем. | D4: 0 | E4: 0.33 | F4: 0.67 | G4: =E4+F4 | H4: 0.2 | I4: 0.61 | J4: 0.19 | K4: =SUM(H4:J4) | L4: 0.32 | M4: 0.29 | N4: 0.23 | O4: 0.16 | P4: 0 | Q4: =SUM(L4:P4) | T4: =IF(OR(Q4="",R4=""),0,R4-Q4) | U4: =S4*D4 | V4: =IFERROR(T4/SUMIF($B$3:$B$15,$B4,$T$3:$T$15),0) | W4: =U4 | X4: =V4*IF($B4="Подзем.",$V$18,$V$19)
A5: 8.1.3 | B5: Подзем. | C5: Лифт. холлы, тамбур-шлюзы подзем. | D5: 0 | E5: 0.4 | F5: 0.6 | G5: =E5+F5 | H5: 0.4 | I5: 0.3 | J5: 0.3 | K5: =SUM(H5:J5) | L5: 0.2 | M5: 0.6 | N5: 0.2 | O5: 0 | P5: 0 | Q5: =SUM(L5:P5) | T5: =IF(OR(Q5="",R5=""),0,R5-Q5) | U5: =S5*D5 | V5: =IFERROR(T5/SUMIF($B$3:$B$15,$B5,$T$3:$T$15),0) | W5: =U5 | X5: =V5*IF($B5="Подзем.",$V$18,$V$19)
A6: 8.1.4 | B6: Подзем. | C6: Технич. помещения подзем. | D6: 0 | E6: 0.32 | F6: 0.68 | G6: =E6+F6 | H6: 0.3 | I6: 0.52 | J6: 0.18 | K6: =SUM(H6:J6) | L6: 0.33 | M6: 0.38 | N6: 0.13 | O6: 0.16 | P6: 0 | Q6: =SUM(L6:P6) | T6: =IF(OR(Q6="",R6=""),0,R6-Q6) | U6: =S6*D6 | V6: =IFERROR(T6/SUMIF($B$3:$B$15,$B6,$T$3:$T$15),0) | W6: =U6 | X6: =V6*IF($B6="Подзем.",$V$18,$V$19)
A7: 8.1.5 | B7: Подзем. | C7: Прочие помещения подзем. | D7: 0 | E7: 0.4 | F7: 0.6 | G7: =E7+F7 | H7: 0.31 | I7: 0.49 | J7: 0.2 | K7: =SUM(H7:J7) | L7: 0.35 | M7: 0.42 | N7: 0.11 | O7: 0.12 | P7: 0 | Q7: =SUM(L7:P7) | T7: =IF(OR(Q7="",R7=""),0,R7-Q7) | U7: =S7*D7 | V7: =IFERROR(T7/SUMIF($B$3:$B$15,$B7,$T$3:$T$15),0) | W7: =U7 | X7: =V7*IF($B7="Подзем.",$V$18,$V$19)
A8: 8.1.6 | B8: Подзем. | C8: Коммерч. помещения подзем. | D8: 0 | E8: 0.5 | F8: 0.5 | G8: =E8+F8 | H8: 0.3 | I8: 0.69 | J8: 0.01 | K8: =SUM(H8:J8) | L8: 0.2 | M8: 0.6 | N8: 0.2 | O8: 0 | P8: 0 | Q8: =SUM(L8:P8) | T8: =IF(OR(Q8="",R8=""),0,R8-Q8) | U8: =S8*D8 | V8: =IFERROR(T8/SUMIF($B$3:$B$15,$B8,$T$3:$T$15),0) | W8: =U8 | X8: =V8*IF($B8="Подзем.",$V$18,$V$19)
A9: 8.2.1 | B9: Надзем. | C9: Отделка лобби/гранд-лобби | D9: =B28+B29+B30 | E9: 0.4 | F9: 0.6 | G9: =E9+F9 | H9: 0.2 | I9: 0.63 | J9: 0.17 | K9: =SUM(H9:J9) | L9: 0.14 | M9: 0.41 | N9: 0.36 | O9: 0 | P9: 0.09 | Q9: =SUM(L9:P9) | T9: =IF(OR(Q9="",R9=""),0,R9-Q9) | U9: =S9*D9 | V9: =IFERROR(T9/SUMIF($B$3:$B$15,$B9,$T$3:$T$15),0) | W9: =U9 | X9: =V9*IF($B9="Подзем.",$V$18,$V$19)
A10: 8.2.2 | B10: Надзем. | C10: Отделка эвакуац. лестн. клетки надзем. | D10: =C28+C29+C30 | E10: 0.33 | F10: 0.67 | G10: =E10+F10 | H10: 0.2 | I10: 0.61 | J10: 0.19 | K10: =SUM(H10:J10) | L10: 0.32 | M10: 0.29 | N10: 0.23 | O10: 0.16 | P10: 0 | Q10: =SUM(L10:P10) | T10: =IF(OR(Q10="",R10=""),0,R10-Q10) | U10: =S10*D10 | V10: =IFERROR(T10/SUMIF($B$3:$B$15,$B10,$T$3:$T$15),0) | W10: =U10 | X10: =V10*IF($B10="Подзем.",$V$18,$V$19)
A11: 8.2.3 | B11: Надзем. | C11: Лифт. холлы, тамбур-шлюзы надзем. | D11: =D28+D29+D30 | E11: 0.4 | F11: 0.6 | G11: =E11+F11 | H11: 0.4 | I11: 0.3 | J11: 0.3 | K11: =SUM(H11:J11) | L11: 0.2 | M11: 0.6 | N11: 0.2 | O11: 0 | P11: 0 | Q11: =SUM(L11:P11) | T11: =IF(OR(Q11="",R11=""),0,R11-Q11) | U11: =S11*D11 | V11: =IFERROR(T11/SUMIF($B$3:$B$15,$B11,$T$3:$T$15),0) | W11: =U11 | X11: =V11*IF($B11="Подзем.",$V$18,$V$19)
A12: 8.2.4 | B12: Надзем. | C12: Технич. помещения надзем. | D12: =E28+E29+E30 | E12: 0.32 | F12: 0.68 | G12: =E12+F12 | H12: 0.3 | I12: 0.52 | J12: 0.18 | K12: =SUM(H12:J12) | L12: 0.33 | M12: 0.38 | N12: 0.13 | O12: 0.16 | P12: 0 | Q12: =SUM(L12:P12) | T12: =IF(OR(Q12="",R12=""),0,R12-Q12) | U12: =S12*D12 | V12: =IFERROR(T12/SUMIF($B$3:$B$15,$B12,$T$3:$T$15),0) | W12: =U12 | X12: =V12*IF($B12="Подзем.",$V$18,$V$19)
A13: 8.2.5 | B13: Надзем. | C13: Прочие помещения надзем. | D13: =F28+F29+F30 | E13: 0.4 | F13: 0.6 | G13: =E13+F13 | H13: 0.31 | I13: 0.49 | J13: 0.2 | K13: =SUM(H13:J13) | L13: 0.35 | M13: 0.42 | N13: 0.11 | O13: 0.12 | P13: 0 | Q13: =SUM(L13:P13) | T13: =IF(OR(Q13="",R13=""),0,R13-Q13) | U13: =S13*D13 | V13: =IFERROR(T13/SUMIF($B$3:$B$15,$B13,$T$3:$T$15),0) | W13: =U13 | X13: =V13*IF($B13="Подзем.",$V$18,$V$19)
A14: 8.2.6 | B14: Надзем. | C14: Коммерч. помещения надзем. | D14: =G28+G29+G30 | E14: 0.5 | F14: 0.5 | G14: =E14+F14 | H14: 0.3 | I14: 0.69 | J14: 0.01 | K14: =SUM(H14:J14) | L14: 0.2 | M14: 0.6 | N14: 0.2 | O14: 0 | P14: 0 | Q14: =SUM(L14:P14) | T14: =IF(OR(Q14="",R14=""),0,R14-Q14) | U14: =S14*D14 | V14: =IFERROR(T14/SUMIF($B$3:$B$15,$B14,$T$3:$T$15),0) | W14: =U14 | X14: =V14*IF($B14="Подзем.",$V$18,$V$19)
A15: 8.2.7 | B15: Надзем. | C15: Паркинг и рампы надзем. | D15: =H28+H29+H30 | E15: 0.5 | F15: 0.5 | G15: =E15+F15 | H15: 0.3 | I15: 0.69 | J15: 0.01 | K15: =SUM(H15:J15) | L15: 0.2 | M15: 0.6 | N15: 0.2 | O15: 0 | P15: 0 | Q15: =SUM(L15:P15) | T15: =IF(OR(Q15="",R15=""),0,R15-Q15) | U15: =S15*D15 | V15: =IFERROR(T15/SUMIF($B$3:$B$15,$B15,$T$3:$T$15),0) | W15: =U15 | X15: =V15*IF($B15="Подзем.",$V$18,$V$19)
A17: АГРЕГАЦИЯ ПО УРОВНЯМ (ур.3 → ур.2 → ур.1)
A18: 8.1 | C18: Подземная часть | D18: =SUM(D3:D8) | R18: =MIN(Q3:Q8) | S18: =MAX(R3:R8) | T18: =IF(OR(Q18=0,R18=0),0,R18-Q18) | U18: =SUM(T3:T8) | V18: =IFERROR(T18/(T18+T19),0) | W18: =U18 | X18: =V18
A19: 8.2 | C19: Надземная часть | D19: =SUM(D9:D15) | R19: =MIN(Q9:Q15) | S19: =MAX(R9:R15) | T19: =IF(OR(Q19=0,R19=0),0,R19-Q19) | U19: =SUM(T9:T15) | V19: =IFERROR(T19/(T18+T19),0) | W19: =U19 | X19: =V19
C21: ✓ ∑ вес ур.3 подзем. | W21: =SUM(V3:V8)
C22: ✓ ∑ вес ур.3 надзем. | W22: =SUM(V9:V15)
C23: ✓ ∑ вес ур.2 | W23: =V18+V19
C24: ✓ ∑ глоб. вес | X24: =SUM(W3:W15)
A26: РАСПРЕДЕЛЕНИЕ НАДЗЕМНОЙ ЧАСТИ ПО КОРПУСАМ
A27: Корпус | B27: 8.2.1 | C27: 8.2.2 | D27: 8.2.3 | E27: 8.2.4 | F27: 8.2.5 | G27: 8.2.6 | H27: 8.2.7 | I27: Σ план | J27: Вес корп.(авто) | K27: Вес корп.
A28: К1 | B28: 0 | C28: 0 | D28: 0 | E28: 0 | F28: 0 | G28: 0 | H28: 0 | I28: =SUM(B28:H28) | J28: =IFERROR(I28/(I28+I29+I30),0) | K28: =J28
A29: К2 | B29: 0 | C29: 0 | D29: 0 | E29: 0 | F29: 0 | G29: 0 | H29: 0 | I29: =SUM(B29:H29) | J29: =IFERROR(I29/(I28+I29+I30),0) | K29: =J29
A30: К3 | B30: 0 | C30: 0 | D30: 0 | E30: 0 | F30: 0 | G30: 0 | H30: 0 | I30: =SUM(B30:H30) | J30: =IFERROR(I30/(I28+I29+I30),0) | K30: =J30
A32: ✓ ∑ вес корп. | K32: =K28+K29+K30
A35: Дата начала проекта | B35: 46174

Sheet ПЛАН ЧЕРН ПОДЗЕМ
A1: ПЛАН ЧЕРН ПОДЗЕМ | U1: Итого подзем.
A2: Дата | B2: Подземная часть
B3: 8.1.1 Отделка паркинг и рампы | E3: 8.1.2 Отделка эвакуац. лестн. клетки подзем. | H3: 8.1.3 Лифт. холлы, тамбур-шлюзы подзем. | K3: 8.1.4 Технич. помещения подзем. | N3: 8.1.5 Прочие помещения подзем. | Q3: 8.1.6 Коммерч. помещения подзем. | U3: Пол | V3: Стены | W3: Потолок
B4: Пол | C4: Стены | D4: Потолок | E4: Пол | F4: Стены | G4: Потолок | H4: Пол | I4: Стены | J4: Потолок | K4: Пол | L4: Стены | M4: Потолок | N4: Пол | O4: Стены | P4: Потолок | Q4: Пол | R4: Стены | S4: Потолок
A5: =СПРАВОЧНИК!$B$35 | U5: =B5+E5+H5+K5+N5+Q5 | V5: =C5+F5+I5+L5+O5+R5 | W5: =D5+G5+J5+M5+P5+S5
A6: =A5+7 | U6: =B6+E6+H6+K6+N6+Q6 | V6: =C6+F6+I6+L6+O6+R6 | W6: =D6+G6+J6+M6+P6+S6
A7: =A6+7 | U7: =B7+E7+H7+K7+N7+Q7 | V7: =C7+F7+I7+L7+O7+R7 | W7: =D7+G7+J7+M7+P7+S7
A8: =A7+7 | U8: =B8+E8+H8+K8+N8+Q8 | V8: =C8+F8+I8+L8+O8+R8 | W8: =D8+G8+J8+M8+P8+S8
A9: =A8+7 | U9: =B9+E9+H9+K9+N9+Q9 | V9: =C9+F9+I9+L9+O9+R9 | W9: =D9+G9+J9+M9+P9+S9
A10: =A9+7 | U10: =B10+E10+H10+K10+N10+Q10 | V10: =C10+F10+I10+L10+O10+R10 | W10: =D10+G10+J10+M10+P10+S10
A11: =A10+7 | U11: =B11+E11+H11+K11+N11+Q11 | V11: =C11+F11+I11+L11+O11+R11 | W11: =D11+G11+J11+M11+P11+S11
A12: =A11+7 | U12: =B12+E12+H12+K12+N12+Q12 | V12: =C12+F12+I12+L12+O12+R12 | W12: =D12+G12+J12+M12+P12+S12
A13: =A12+7 | U13: =B13+E13+H13+K13+N13+Q13 | V13: =C13+F13+I13+L13+O13+R13 | W13: =D13+G13+J13+M13+P13+S13
A14: =A13+7 | U14: =B14+E14+H14+K14+N14+Q14 | V14: =C14+F14+I14+L14+O14+R14 | W14: =D14+G14+J14+M14+P14+S14
A15: =A14+7 | U15: =B15+E15+H15+K15+N15+Q15 | V15: =C15+F15+I15+L15+O15+R15 | W15: =D15+G15+J15+M15+P15+S15
A16: =A15+7 | U16: =B16+E16+H16+K16+N16+Q16 | V16: =C16+F16+I16+L16+O16+R16 | W16: =D16+G16+J16+M16+P16+S16
A17: =A16+7 | U17: =B17+E17+H17+K17+N17+Q17 | V17: =C17+F17+I17+L17+O17+R17 | W17: =D17+G17+J17+M17+P17+S17
... A52: =A51+7 | U52: =B52+E52+H52+K52+N52+Q52 | V52: =C52+F52+I52+L52+O52+R52 | W52: =D52+G52+J52+M52+P52+S52

Sheet ПЛАН ЧИСТ ПОДЗЕМ
A1: ПЛАН ЧИСТ ПОДЗЕМ
A2: Дата | B2: Подземная часть
B3: 8.1.1 Отделка паркинг и рампы | G3: 8.1.2 Отделка эвакуац. лестн. клетки подзем. | L3: 8.1.3 Лифт. холлы, тамбур-шлюзы подзем. | Q3: 8.1.4 Технич. помещения подзем. | V3: 8.1.5 Прочие помещения подзем. | AA3: 8.1.6 Коммерч. помещения подзем. | AF3: Итого
B4: Пол | C4: Стены | D4: Потолок | E4: Запол. | F4: Мебл. | G4: Пол | H4: Стены | I4: Потолок | J4: Запол. | K4: Мебл. | L4: Пол | M4: Стены | N4: Потолок | O4: Запол. | P4: Мебл. | Q4: Пол | R4: Стены | S4: Потолок | T4: Запол. | U4: Мебл. | V4: Пол | W4: Стены | X4: Потолок | Y4: Запол. | Z4: Мебл. | AA4: Пол | AB4: Стены | AC4: Потолок | AD4: Запол. | AE4: Мебл. | AF4: Пол | AG4: Стены | AH4: Потолок | AI4: Запол. | AJ4: Мебл.
A5: =СПРАВОЧНИК!$B$35 | AF5: =B5+G5+L5+Q5+V5+AA5 | AG5: =C5+H5+M5+R5+W5+AB5 | AH5: =D5+I5+N5+S5+X5+AC5 | AI5: =E5+J5+O5+T5+Y5+AD5 | AJ5: =F5+K5+P5+U5+Z5+AE5
A6: =A5+7 | AF6: =B6+G6+L6+Q6+V6+AA6 | AG6: =C6+H6+M6+R6+W6+AB6 | AH6: =D6+I6+N6+S6+X6+AC6 | AI6: =E6+J6+O6+T6+Y6+AD6 | AJ6: =F6+K6+P6+U6+Z6+AE6
A7: =A6+7 | AF7: =B7+G7+L7+Q7+V7+AA7 | AG7: =C7+H7+M7+R7+W7+AB7 | AH7: =D7+I7+N7+S7+X7+AC7 | AI7: =E7+J7+O7+T7+Y7+AD7 | AJ7: =F7+K7+P7+U7+Z7+AE7
A8: =A7+7 | AF8: =B8+G8+L8+Q8+V8+AA8 | AG8: =C8+H8+M8+R8+W8+AB8 | AH8: =D8+I8+N8+S8+X8+AC8 | AI8: =E8+J8+O8+T8+Y8+AD8 | AJ8: =F8+K8+P8+U8+Z8+AE8
A9: =A8+7 | AF9: =B9+G9+L9+Q9+V9+AA9 | AG9: =C9+H9+M9+R9+W9+AB9 | AH9: =D9+I9+N9+S9+X9+AC9 | AI9: =E9+J9+O9+T9+Y9+AD9 | AJ9: =F9+K9+P9+U9+Z9+AE9
A10: =A9+7 | AF10: =B10+G10+L10+Q10+V10+AA10 | AG10: =C10+H10+M10+R10+W10+AB10 | AH10: =D10+I10+N10+S10+X10+AC10 | AI10: =E10+J10+O10+T10+Y10+AD10 | AJ10: =F10+K10+P10+U10+Z10+AE10
A11: =A10+7 | AF11: =B11+G11+L11+Q11+V11+AA11 | AG11: =C11+H11+M11+R11+W11+AB11 | AH11: =D11+I11+N11+S11+X11+AC11 | AI11: =E11+J11+O11+T11+Y11+AD11 | AJ11: =F11+K11+P11+U11+Z11+AE11
A12: =A11+7 | AF12: =B12+G12+L12+Q12+V12+AA12 | AG12: =C12+H12+M12+R12+W12+AB12 | AH12: =D12+I12+N12+S12+X12+AC12 | AI12: =E12+J12+O12+T12+Y12+AD12 | AJ12: =F12+K12+P12+U12+Z12+AE12
A13: =A12+7 | AF13: =B13+G13+L13+Q13+V13+AA13 | AG13: =C13+H13+M13+R13+W13+AB13 | AH13: =D13+I13+N13+S13+X13+AC13 | AI13: =E13+J13+O13+T13+Y13+AD13 | AJ13: =F13+K13+P13+U13+Z13+AE13
A14: =A13+7 | AF14: =B14+G14+L14+Q14+V14+AA14 | AG14: =C14+H14+M14+R14+W14+AB14 | AH14: =D14+I14+N14+S14+X14+AC14 | AI14: =E14+J14+O14+T14+Y14+AD14 | AJ14: =F14+K14+P14+U14+Z14+AE14
A15: =A14+7 | AF15: =B15+G15+L15+Q15+V15+AA15 | AG15: =C15+H15+M15+R15+W15+AB15 | AH15: =D15+I15+N15+S15+X15+AC15 | AI15: =E15+J15+O15+T15+Y15+AD15 | AJ15: =F15+K15+P15+U15+Z15+AE15
A16: =A15+7 | AF16: =B16+G16+L16+Q16+V16+AA16 | AG16: =C16+H16+M16+R16+W16+AB16 | AH16: =D16+I16+N16+S16+X16+AC16 | AI16: =E16+J16+O16+T16+Y16+AD16 | AJ16: =F16+K16+P16+U16+Z16+AE16
A17: =A16+7 | AF17: =B17+G17+L17+Q17+V17+AA17 | AG17: =C17+H17+M17+R17+W17+AB17 | AH17: =D17+I17+N17+S17+X17+AC17 | AI17: =E17+J17+O17+T17+Y17+AD17 | AJ17: =F17+K17+P17+U17+Z17+AE17
... A52: =A51+7 | AF52: =B52+G52+L52+Q52+V52+AA52 | AG52: =C52+H52+M52+R52+W52+AB52 | AH52: =D52+I52+N52+S52+X52+AC52 | AI52: =E52+J52+O52+T52+Y52+AD52 | AJ52: =F52+K52+P52+U52+Z52+AE52

Sheet ПЛАН ЧЕРН К1
A1: ПЛАН ЧЕРН К1 | X1: Итого К1
A2: Дата | B2: Надземная часть
B3: 8.2.1 Отделка лобби/гранд-лобби | E3: 8.2.2 Отделка эвакуац. лестн. клетки надзем. | H3: 8.2.3 Лифт. холлы, тамбур-шлюзы надзем. | K3: 8.2.4 Технич. помещения надзем. | N3: 8.2.5 Прочие помещения надзем. | Q3: 8.2.6 Коммерч. помещения надзем. | T3: 8.2.7 Паркинг и рампы надзем. | X3: Пол | Y3: Стены | Z3: Потолок
B4: Пол | C4: Стены | D4: Потолок | E4: Пол | F4: Стены | G4: Потолок | H4: Пол | I4: Стены | J4: Потолок | K4: Пол | L4: Стены | M4: Потолок | N4: Пол | O4: Стены | P4: Потолок | Q4: Пол | R4: Стены | S4: Потолок | T4: Пол | U4: Стены | V4: Потолок
A5: =СПРАВОЧНИК!$B$35 | X5: =B5+E5+H5+K5+N5+Q5+T5 | Y5: =C5+F5+I5+L5+O5+R5+U5 | Z5: =D5+G5+J5+M5+P5+S5+V5
A6: =A5+7 | X6: =B6+E6+H6+K6+N6+Q6+T6 | Y6: =C6+F6+I6+L6+O6+R6+U6 | Z6: =D6+G6+J6+M6+P6+S6+V6
A7: =A6+7 | X7: =B7+E7+H7+K7+N7+Q7+T7 | Y7: =C7+F7+I7+L7+O7+R7+U7 | Z7: =D7+G7+J7+M7+P7+S7+V7
A8: =A7+7 | X8: =B8+E8+H8+K8+N8+Q8+T8 | Y8: =C8+F8+I8+L8+O8+R8+U8 | Z8: =D8+G8+J8+M8+P8+S8+V8
A9: =A8+7 | X9: =B9+E9+H9+K9+N9+Q9+T9 | Y9: =C9+F9+I9+L9+O9+R9+U9 | Z9: =D9+G9+J9+M9+P9+S9+V9
A10: =A9+7 | X10: =B10+E10+H10+K10+N10+Q10+T10 | Y10: =C10+F10+I10+L10+O10+R10+U10 | Z10: =D10+G10+J10+M10+P10+S10+V10
A11: =A10+7 | X11: =B11+E11+H11+K11+N11+Q11+T11 | Y11: =C11+F11+I11+L11+O11+R11+U11 | Z11: =D11+G11+J11+M11+P11+S11+V11
A12: =A11+7 | X12: =B12+E12+H12+K12+N12+Q12+T12 | Y12: =C12+F12+I12+L12+O12+R12+U12 | Z12: =D12+G12+J12+M12+P12+S12+V12
A13: =A12+7 | X13: =B13+E13+H13+K13+N13+Q13+T13 | Y13: =C13+F13+I13+L13+O13+R13+U13 | Z13: =D13+G13+J13+M13+P13+S13+V13
A14: =A13+7 | X14: =B14+E14+H14+K14+N14+Q14+T14 | Y14: =C14+F14+I14+L14+O14+R14+U14 | Z14: =D14+G14+J14+M14+P14+S14+V14
A15: =A14+7 | X15: =B15+E15+H15+K15+N15+Q15+T15 | Y15: =C15+F15+I15+L15+O15+R15+U15 | Z15: =D15+G15+J15+M15+P15+S15+V15
A16: =A15+7 | X16: =B16+E16+H16+K16+N16+Q16+T16 | Y16: =C16+F16+I16+L16+O16+R16+U16 | Z16: =D16+G16+J16+M16+P16+S16+V16
A17: =A16+7 | X17: =B17+E17+H17+K17+N17+Q17+T17 | Y17: =C17+F17+I17+L17+O17+R17+U17 | Z17: =D17+G17+J17+M17+P17+S17+V17
... A52: =A51+7 | X52: =B52+E52+H52+K52+N52+Q52+T52 | Y52: =C52+F52+I52+L52+O52+R52+U52 | Z52: =D52+G52+J52+M52+P52+S52+V52

Sheet ПЛАН ЧИСТ К1
A1: ПЛАН ЧИСТ К1
A2: Дата | B2: Надземная часть
B3: 8.2.1 Отделка лобби/гранд-лобби | G3: 8.2.2 Отделка эвакуац. лестн. клетки надзем. | L3: 8.2.3 Лифт. холлы, тамбур-шлюзы надзем. | Q3: 8.2.4 Технич. помещения надзем. | V3: 8.2.5 Прочие помещения надзем. | AA3: 8.2.6 Коммерч. помещения надзем. | AF3: 8.2.7 Паркинг и рампы надзем. | AK3: Итого
B4: Пол | C4: Стены | D4: Потолок | E4: Запол. | F4: Мебл. | G4: Пол | H4: Стены | I4: Потолок | J4: Запол. | K4: Мебл. | L4: Пол | M4: Стены | N4: Потолок | O4: Запол. | P4: Мебл. | Q4: Пол | R4: Стены | S4: Потолок | T4: Запол. | U4: Мебл. | V4: Пол | W4: Стены | X4: Потолок | Y4: Запол. | Z4: Мебл. | AA4: Пол | AB4: Стены | AC4: Потолок | AD4: Запол. | AE4: Мебл. | AF4: Пол | AG4: Стены | AH4: Потолок | AI4: Запол. | AJ4: Мебл. | AK4: Пол | AL4: Стены | AM4: Потолок | AN4: Запол. | AO4: Мебл.
A5: =СПРАВОЧНИК!$B$35 | AK5: =B5+G5+L5+Q5+V5+AA5+AF5 | AL5: =C5+H5+M5+R5+W5+AB5+AG5 | AM5: =D5+I5+N5+S5+X5+AC5+AH5 | AN5: =E5+J5+O5+T5+Y5+AD5+AI5 | AO5: =F5+K5+P5+U5+Z5+AE5+AJ5
A6: =A5+7 | AK6: =B6+G6+L6+Q6+V6+AA6+AF6 | AL6: =C6+H6+M6+R6+W6+AB6+AG6 | AM6: =D6+I6+N6+S6+X6+AC6+AH6 | AN6: =E6+J6+O6+T6+Y6+AD6+AI6 | AO6: =F6+K6+P6+U6+Z6+AE6+AJ6
A7: =A6+7 | AK7: =B7+G7+L7+Q7+V7+AA7+AF7 | AL7: =C7+H7+M7+R7+W7+AB7+AG7 | AM7: =D7+I7+N7+S7+X7+AC7+AH7 | AN7: =E7+J7+O7+T7+Y7+AD7+AI7 | AO7: =F7+K7+P7+U7+Z7+AE7+AJ7
A8: =A7+7 | AK8: =B8+G8+L8+Q8+V8+AA8+AF8 | AL8: =C8+H8+M8+R8+W8+AB8+AG8 | AM8: =D8+I8+N8+S8+X8+AC8+AH8 | AN8: =E8+J8+O8+T8+Y8+AD8+AI8 | AO8: =F8+K8+P8+U8+Z8+AE8+AJ8
A9: =A8+7 | AK9: =B9+G9+L9+Q9+V9+AA9+AF9 | AL9: =C9+H9+M9+R9+W9+AB9+AG9 | AM9: =D9+I9+N9+S9+X9+AC9+AH9 | AN9: =E9+J9+O9+T9+Y9+AD9+AI9 | AO9: =F9+K9+P9+U9+Z9+AE9+AJ9
A10: =A9+7 | AK10: =B10+G10+L10+Q10+V10+AA10+AF10 | AL10: =C10+H10+M10+R10+W10+AB10+AG10 | AM10: =D10+I10+N10+S10+X10+AC10+AH10 | AN10: =E10+J10+O10+T10+Y10+AD10+AI10 | AO10: =F10+K10+P10+U10+Z10+AE10+AJ10
A11: =A10+7 | AK11: =B11+G11+L11+Q11+V11+AA11+AF11 | AL11: =C11+H11+M11+R11+W11+AB11+AG11 | AM11: =D11+I11+N11+S11+X11+AC11+AH11 | AN11: =E11+J11+O11+T11+Y11+AD11+AI11 | AO11: =F11+K11+P11+U11+Z11+AE11+AJ11
A12: =A11+7 | AK12: =B12+G12+L12+Q12+V12+AA12+AF12 | AL12: =C12+H12+M12+R12+W12+AB12+AG12 | AM12: =D12+I12+N12+S12+X12+AC12+AH12 | AN12: =E12+J12+O12+T12+Y12+AD12+AI12 | AO12: =F12+K12+P12+U12+Z12+AE12+AJ12
A13: =A12+7 | AK13: =B13+G13+L13+Q13+V13+AA13+AF13 | AL13: =C13+H13+M13+R13+W13+AB13+AG13 | AM13: =D13+I13+N13+S13+X13+AC13+AH13 | AN13: =E13+J13+O13+T13+Y13+AD13+AI13 | AO13: =F13+K13+P13+U13+Z13+AE13+AJ13
A14: =A13+7 | AK14: =B14+G14+L14+Q14+V14+AA14+AF14 | AL14: =C14+H14+M14+R14+W14+AB14+AG14 | AM14: =D14+I14+N14+S14+X14+AC14+AH14 | AN14: =E14+J14+O14+T14+Y14+AD14+AI14 | AO14: =F14+K14+P14+U14+Z14+AE14+AJ14
A15: =A14+7 | AK15: =B15+G15+L15+Q15+V15+AA15+AF15 | AL15: =C15+H15+M15+R15+W15+AB15+AG15 | AM15: =D15+I15+N15+S15+X15+AC15+AH15 | AN15: =E15+J15+O15+T15+Y15+AD15+AI15 | AO15: =F15+K15+P15+U15+Z15+AE15+AJ15
A16: =A15+7 | AK16: =B16+G16+L16+Q16+V16+AA16+AF16 | AL16: =C16+H16+M16+R16+W16+AB16+AG16 | AM16: =D16+I16+N16+S16+X16+AC16+AH16 | AN16: =E16+J16+O16+T16+Y16+AD16+AI16 | AO16: =F16+K16+P16+U16+Z16+AE16+AJ16
A17: =A16+7 | AK17: =B17+G17+L17+Q17+V17+AA17+AF17 | AL17: =C17+H17+M17+R17+W17+AB17+AG17 | AM17: =D17+I17+N17+S17+X17+AC17+AH17 | AN17: =E17+J17+O17+T17+Y17+AD17+AI17 | AO17: =F17+K17+P17+U17+Z17+AE17+AJ17
... A52: =A51+7 | AK52: =B52+G52+L52+Q52+V52+AA52+AF52 | AL52: =C52+H52+M52+R52+W52+AB52+AG52 | AM52: =D52+I52+N52+S52+X52+AC52+AH52 | AN52: =E52+J52+O52+T52+Y52+AD52+AI52 | AO52: =F52+K52+P52+U52+Z52+AE52+AJ52

Sheet ПЛАН ЧЕРН К2
A1: ПЛАН ЧЕРН К2 | X1: Итого К2
A2: Дата | B2: Надземная часть
B3: 8.2.1 Отделка лобби/гранд-лобби | E3: 8.2.2 Отделка эвакуац. лестн. клетки надзем. | H3: 8.2.3 Лифт. холлы, тамбур-шлюзы надзем. | K3: 8.2.4 Технич. помещения надзем. | N3: 8.2.5 Прочие помещения надзем. | Q3: 8.2.6 Коммерч. помещения надзем. | T3: 8.2.7 Паркинг и рампы надзем. | X3: Пол | Y3: Стены | Z3: Потолок
B4: Пол | C4: Стены | D4: Потолок | E4: Пол | F4: Стены | G4: Потолок | H4: Пол | I4: Стены | J4: Потолок | K4: Пол | L4: Стены | M4: Потолок | N4: Пол | O4: Стены | P4: Потолок | Q4: Пол | R4: Стены | S4: Потолок | T4: Пол | U4: Стены | V4: Потолок
A5: =СПРАВОЧНИК!$B$35 | X5: =B5+E5+H5+K5+N5+Q5+T5 | Y5: =C5+F5+I5+L5+O5+R5+U5 | Z5: =D5+G5+J5+M5+P5+S5+V5
A6: =A5+7 | X6: =B6+E6+H6+K6+N6+Q6+T6 | Y6: =C6+F6+I6+L6+O6+R6+U6 | Z6: =D6+G6+J6+M6+P6+S6+V6
A7: =A6+7 | X7: =B7+E7+H7+K7+N7+Q7+T7 | Y7: =C7+F7+I7+L7+O7+R7+U7 | Z7: =D7+G7+J7+M7+P7+S7+V7
A8: =A7+7 | X8: =B8+E8+H8+K8+N8+Q8+T8 | Y8: =C8+F8+I8+L8+O8+R8+U8 | Z8: =D8+G8+J8+M8+P8+S8+V8
A9: =A8+7 | X9: =B9+E9+H9+K9+N9+Q9+T9 | Y9: =C9+F9+I9+L9+O9+R9+U9 | Z9: =D9+G9+J9+M9+P9+S9+V9
A10: =A9+7 | X10: =B10+E10+H10+K10+N10+Q10+T10 | Y10: =C10+F10+I10+L10+O10+R10+U10 | Z10: =D10+G10+J10+M10+P10+S10+V10
A11: =A10+7 | X11: =B11+E11+H11+K11+N11+Q11+T11 | Y11: =C11+F11+I11+L11+O11+R11+U11 | Z11: =D11+G11+J11+M11+P11+S11+V11
A12: =A11+7 | X12: =B12+E12+H12+K12+N12+Q12+T12 | Y12: =C12+F12+I12+L12+O12+R12+U12 | Z12: =D12+G12+J12+M12+P12+S12+V12
A13: =A12+7 | X13: =B13+E13+H13+K13+N13+Q13+T13 | Y13: =C13+F13+I13+L13+O13+R13+U13 | Z13: =D13+G13+J13+M13+P13+S13+V13
A14: =A13+7 | X14: =B14+E14+H14+K14+N14+Q14+T14 | Y14: =C14+F14+I14+L14+O14+R14+U14 | Z14: =D14+G14+J14+M14+P14+S14+V14
A15: =A14+7 | X15: =B15+E15+H15+K15+N15+Q15+T15 | Y15: =C15+F15+I15+L15+O15+R15+U15 | Z15: =D15+G15+J15+M15+P15+S15+V15
A16: =A15+7 | X16: =B16+E16+H16+K16+N16+Q16+T16 | Y16: =C16+F16+I16+L16+O16+R16+U16 | Z16: =D16+G16+J16+M16+P16+S16+V16
A17: =A16+7 | X17: =B17+E17+H17+K17+N17+Q17+T17 | Y17: =C17+F17+I17+L17+O17+R17+U17 | Z17: =D17+G17+J17+M17+P17+S17+V17
... A52: =A51+7 | X52: =B52+E52+H52+K52+N52+Q52+T52 | Y52: =C52+F52+I52+L52+O52+R52+U52 | Z52: =D52+G52+J52+M52+P52+S52+V52

Sheet ПЛАН ЧИСТ К2
A1: ПЛАН ЧИСТ К2
A2: Дата | B2: Надземная часть
B3: 8.2.1 Отделка лобби/гранд-лобби | G3: 8.2.2 Отделка эвакуац. лестн. клетки надзем. | L3: 8.2.3 Лифт. холлы, тамбур-шлюзы надзем. | Q3: 8.2.4 Технич. помещения надзем. | V3: 8.2.5 Прочие помещения надзем. | AA3: 8.2.6 Коммерч. помещения надзем. | AF3: 8.2.7 Паркинг и рампы надзем. | AK3: Итого
B4: Пол | C4: Стены | D4: Потолок | E4: Запол. | F4: Мебл. | G4: Пол | H4: Стены | I4: Потолок | J4: Запол. | K4: Мебл. | L4: Пол | M4: Стены | N4: Потолок | O4: Запол. | P4: Мебл. | Q4: Пол | R4: Стены | S4: Потолок | T4: Запол. | U4: Мебл. | V4: Пол | W4: Стены | X4: Потолок | Y4: Запол. | Z4: Мебл. | AA4: Пол | AB4: Стены | AC4: Потолок | AD4: Запол. | AE4: Мебл. | AF4: Пол | AG4: Стены | AH4: Потолок | AI4: Запол. | AJ4: Мебл. | AK4: Пол | AL4: Стены | AM4: Потолок | AN4: Запол. | AO4: Мебл.
A5: =СПРАВОЧНИК!$B$35 | AK5: =B5+G5+L5+Q5+V5+AA5+AF5 | AL5: =C5+H5+M5+R5+W5+AB5+AG5 | AM5: =D5+I5+N5+S5+X5+AC5+AH5 | AN5: =E5+J5+O5+T5+Y5+AD5+AI5 | AO5: =F5+K5+P5+U5+Z5+AE5+AJ5
A6: =A5+7 | AK6: =B6+G6+L6+Q6+V6+AA6+AF6 | AL6: =C6+H6+M6+R6+W6+AB6+AG6 | AM6: =D6+I6+N6+S6+X6+AC6+AH6 | AN6: =E6+J6+O6+T6+Y6+AD6+AI6 | AO6: =F6+K6+P6+U6+Z6+AE6+AJ6
A7: =A6+7 | AK7: =B7+G7+L7+Q7+V7+AA7+AF7 | AL7: =C7+H7+M7+R7+W7+AB7+AG7 | AM7: =D7+I7+N7+S7+X7+AC7+AH7 | AN7: =E7+J7+O7+T7+Y7+AD7+AI7 | AO7: =F7+K7+P7+U7+Z7+AE7+AJ7
A8: =A7+7 | AK8: =B8+G8+L8+Q8+V8+AA8+AF8 | AL8: =C8+H8+M8+R8+W8+AB8+AG8 | AM8: =D8+I8+N8+S8+X8+AC8+AH8 | AN8: =E8+J8+O8+T8+Y8+AD8+AI8 | AO8: =F8+K8+P8+U8+Z8+AE8+AJ8
A9: =A8+7 | AK9: =B9+G9+L9+Q9+V9+AA9+AF9 | AL9: =C9+H9+M9+R9+W9+AB9+AG9 | AM9: =D9+I9+N9+S9+X9+AC9+AH9 | AN9: =E9+J9+O9+T9+Y9+AD9+AI9 | AO9: =F9+K9+P9+U9+Z9+AE9+AJ9
A10: =A9+7 | AK10: =B10+G10+L10+Q10+V10+AA10+AF10 | AL10: =C10+H10+M10+R10+W10+AB10+AG10 | AM10: =D10+I10+N10+S10+X10+AC10+AH10 | AN10: =E10+J10+O10+T10+Y10+AD10+AI10 | AO10: =F10+K10+P10+U10+Z10+AE10+AJ10
A11: =A10+7 | AK11: =B11+G11+L11+Q11+V11+AA11+AF11 | AL11: =C11+H11+M11+R11+W11+AB11+AG11 | AM11: =D11+I11+N11+S11+X11+AC11+AH11 | AN11: =E11+J11+O11+T11+Y11+AD11+AI11 | AO11: =F11+K11+P11+U11+Z11+AE11+AJ11
A12: =A11+7 | AK12: =B12+G12+L12+Q12+V12+AA12+AF12 | AL12: =C12+H12+M12+R12+W12+AB12+AG12 | AM12: =D12+I12+N12+S12+X12+AC12+AH12 | AN12: =E12+J12+O12+T12+Y12+AD12+AI12 | AO12: =F12+K12+P12+U12+Z12+AE12+AJ12
A13: =A12+7 | AK13: =B13+G13+L13+Q13+V13+AA13+AF13 | AL13: =C13+H13+M13+R13+W13+AB13+AG13 | AM13: =D13+I13+N13+S13+X13+AC13+AH13 | AN13: =E13+J13+O13+T13+Y13+AD13+AI13 | AO13: =F13+K13+P13+U13+Z13+AE13+AJ13
A14: =A13+7 | AK14: =B14+G14+L14+Q14+V14+AA14+AF14 | AL14: =C14+H14+M14+R14+W14+AB14+AG14 | AM14: =D14+I14+N14+S14+X14+AC14+AH14 | AN14: =E14+J14+O14+T14+Y14+AD14+AI14 | AO14: =F14+K14+P14+U14+Z14+AE14+AJ14
A15: =A14+7 | AK15: =B15+G15+L15+Q15+V15+AA15+AF15 | AL15: =C15+H15+M15+R15+W15+AB15+AG15 | AM15: =D15+I15+N15+S15+X15+AC15+AH15 | AN15: =E15+J15+O15+T15+Y15+AD15+AI15 | AO15: =F15+K15+P15+U15+Z15+AE15+AJ15
A16: =A15+7 | AK16: =B16+G16+L16+Q16+V16+AA16+AF16 | AL16: =C16+H16+M16+R16+W16+AB16+AG16 | AM16: =D16+I16+N16+S16+X16+AC16+AH16 | AN16: =E16+J16+O16+T16+Y16+AD16+AI16 | AO16: =F16+K16+P16+U16+Z16+AE16+AJ16
A17: =A16+7 | AK17: =B17+G17+L17+Q17+V17+AA17+AF17 | AL17: =C17+H17+M17+R17+W17+AB17+AG17 | AM17: =D17+I17+N17+S17+X17+AC17+AH17 | AN17: =E17+J17+O17+T17+Y17+AD17+AI17 | AO17: =F17+K17+P17+U17+Z17+AE17+AJ17
... A52: =A51+7 | AK52: =B52+G52+L52+Q52+V52+AA52+AF52 | AL52: =C52+H52+M52+R52+W52+AB52+AG52 | AM52: =D52+I52+N52+S52+X52+AC52+AH52 | AN52: =E52+J52+O52+T52+Y52+AD52+AI52 | AO52: =F52+K52+P52+U52+Z52+AE52+AJ52

Sheet ПЛАН ЧЕРН К3
A1: ПЛАН ЧЕРН К3 | X1: Итого К3
A2: Дата | B2: Надземная часть
B3: 8.2.1 Отделка лобби/гранд-лобби | E3: 8.2.2 Отделка эвакуац. лестн. клетки надзем. | H3: 8.2.3 Лифт. холлы, тамбур-шлюзы надзем. | K3: 8.2.4 Технич. помещения надзем. | N3: 8.2.5 Прочие помещения надзем. | Q3: 8.2.6 Коммерч. помещения надзем. | T3: 8.2.7 Паркинг и рампы надзем. | X3: Пол | Y3: Стены | Z3: Потолок
B4: Пол | C4: Стены | D4: Потолок | E4: Пол | F4: Стены | G4: Потолок | H4: Пол | I4: Стены | J4: Потолок | K4: Пол | L4: Стены | M4: Потолок | N4: Пол | O4: Стены | P4: Потолок | Q4: Пол | R4: Стены | S4: Потолок | T4: Пол | U4: Стены | V4: Потолок
A5: =СПРАВОЧНИК!$B$35 | X5: =B5+E5+H5+K5+N5+Q5+T5 | Y5: =C5+F5+I5+L5+O5+R5+U5 | Z5: =D5+G5+J5+M5+P5+S5+V5
A6: =A5+7 | X6: =B6+E6+H6+K6+N6+Q6+T6 | Y6: =C6+F6+I6+L6+O6+R6+U6 | Z6: =D6+G6+J6+M6+P6+S6+V6
A7: =A6+7 | X7: =B7+E7+H7+K7+N7+Q7+T7 | Y7: =C7+F7+I7+L7+O7+R7+U7 | Z7: =D7+G7+J7+M7+P7+S7+V7
A8: =A7+7 | X8: =B8+E8+H8+K8+N8+Q8+T8 | Y8: =C8+F8+I8+L8+O8+R8+U8 | Z8: =D8+G8+J8+M8+P8+S8+V8
A9: =A8+7 | X9: =B9+E9+H9+K9+N9+Q9+T9 | Y9: =C9+F9+I9+L9+O9+R9+U9 | Z9: =D9+G9+J9+M9+P9+S9+V9
A10: =A9+7 | X10: =B10+E10+H10+K10+N10+Q10+T10 | Y10: =C10+F10+I10+L10+O10+R10+U10 | Z10: =D10+G10+J10+M10+P10+S10+V10
A11: =A10+7 | X11: =B11+E11+H11+K11+N11+Q11+T11 | Y11: =C11+F11+I11+L11+O11+R11+U11 | Z11: =D11+G11+J11+M11+P11+S11+V11
A12: =A11+7 | X12: =B12+E12+H12+K12+N12+Q12+T12 | Y12: =C12+F12+I12+L12+O12+R12+U12 | Z12: =D12+G12+J12+M12+P12+S12+V12
A13: =A12+7 | X13: =B13+E13+H13+K13+N13+Q13+T13 | Y13: =C13+F13+I13+L13+O13+R13+U13 | Z13: =D13+G13+J13+M13+P13+S13+V13
A14: =A13+7 | X14: =B14+E14+H14+K14+N14+Q14+T14 | Y14: =C14+F14+I14+L14+O14+R14+U14 | Z14: =D14+G14+J14+M14+P14+S14+V14
A15: =A14+7 | X15: =B15+E15+H15+K15+N15+Q15+T15 | Y15: =C15+F15+I15+L15+O15+R15+U15 | Z15: =D15+G15+J15+M15+P15+S15+V15
A16: =A15+7 | X16: =B16+E16+H16+K16+N16+Q16+T16 | Y16: =C16+F16+I16+L16+O16+R16+U16 | Z16: =D16+G16+J16+M16+P16+S16+V16
A17: =A16+7 | X17: =B17+E17+H17+K17+N17+Q17+T17 | Y17: =C17+F17+I17+L17+O17+R17+U17 | Z17: =D17+G17+J17+M17+P17+S17+V17
... A52: =A51+7 | X52: =B52+E52+H52+K52+N52+Q52+T52 | Y52: =C52+F52+I52+L52+O52+R52+U52 | Z52: =D52+G52+J52+M52+P52+S52+V52

Sheet ПЛАН ЧИСТ К3
A1: ПЛАН ЧИСТ К3
A2: Дата | B2: Надземная часть
B3: 8.2.1 Отделка лобби/гранд-лобби | G3: 8.2.2 Отделка эвакуац. лестн. клетки надзем. | L3: 8.2.3 Лифт. холлы, тамбур-шлюзы надзем. | Q3: 8.2.4 Технич. помещения надзем. | V3: 8.2.5 Прочие помещения надзем. | AA3: 8.2.6 Коммерч. помещения надзем. | AF3: 8.2.7 Паркинг и рампы надзем. | AK3: Итого
B4: Пол | C4: Стены | D4: Потолок | E4: Запол. | F4: Мебл. | G4: Пол | H4: Стены | I4: Потолок | J4: Запол. | K4: Мебл. | L4: Пол | M4: Стены | N4: Потолок | O4: Запол. | P4: Мебл. | Q4: Пол | R4: Стены | S4: Потолок | T4: Запол. | U4: Мебл. | V4: Пол | W4: Стены | X4: Потолок | Y4: Запол. | Z4: Мебл. | AA4: Пол | AB4: Стены | AC4: Потолок | AD4: Запол. | AE4: Мебл. | AF4: Пол | AG4: Стены | AH4: Потолок | AI4: Запол. | AJ4: Мебл. | AK4: Пол | AL4: Стены | AM4: Потолок | AN4: Запол. | AO4: Мебл.
A5: =СПРАВОЧНИК!$B$35 | AK5: =B5+G5+L5+Q5+V5+AA5+AF5 | AL5: =C5+H5+M5+R5+W5+AB5+AG5 | AM5: =D5+I5+N5+S5+X5+AC5+AH5 | AN5: =E5+J5+O5+T5+Y5+AD5+AI5 | AO5: =F5+K5+P5+U5+Z5+AE5+AJ5
A6: =A5+7 | AK6: =B6+G6+L6+Q6+V6+AA6+AF6 | AL6: =C6+H6+M6+R6+W6+AB6+AG6 | AM6: =D6+I6+N6+S6+X6+AC6+AH6 | AN6: =E6+J6+O6+T6+Y6+AD6+AI6 | AO6: =F6+K6+P6+U6+Z6+AE6+AJ6
A7: =A6+7 | AK7: =B7+G7+L7+Q7+V7+AA7+AF7 | AL7: =C7+H7+M7+R7+W7+AB7+AG7 | AM7: =D7+I7+N7+S7+X7+AC7+AH7 | AN7: =E7+J7+O7+T7+Y7+AD7+AI7 | AO7: =F7+K7+P7+U7+Z7+AE7+AJ7
A8: =A7+7 | AK8: =B8+G8+L8+Q8+V8+AA8+AF8 | AL8: =C8+H8+M8+R8+W8+AB8+AG8 | AM8: =D8+I8+N8+S8+X8+AC8+AH8 | AN8: =E8+J8+O8+T8+Y8+AD8+AI8 | AO8: =F8+K8+P8+U8+Z8+AE8+AJ8
A9: =A8+7 | AK9: =B9+G9+L9+Q9+V9+AA9+AF9 | AL9: =C9+H9+M9+R9+W9+AB9+AG9 | AM9: =D9+I9+N9+S9+X9+AC9+AH9 | AN9: =E9+J9+O9+T9+Y9+AD9+AI9 | AO9: =F9+K9+P9+U9+Z9+AE9+AJ9
A10: =A9+7 | AK10: =B10+G10+L10+Q10+V10+AA10+AF10 | AL10: =C10+H10+M10+R10+W10+AB10+AG10 | AM10: =D10+I10+N10+S10+X10+AC10+AH10 | AN10: =E10+J10+O10+T10+Y10+AD10+AI10 | AO10: =F10+K10+P10+U10+Z10+AE10+AJ10
A11: =A10+7 | AK11: =B11+G11+L11+Q11+V11+AA11+AF11 | AL11: =C11+H11+M11+R11+W11+AB11+AG11 | AM11: =D11+I11+N11+S11+X11+AC11+AH11 | AN11: =E11+J11+O11+T11+Y11+AD11+AI11 | AO11: =F11+K11+P11+U11+Z11+AE11+AJ11
A12: =A11+7 | AK12: =B12+G12+L12+Q12+V12+AA12+AF12 | AL12: =C12+H12+M12+R12+W12+AB12+AG12 | AM12: =D12+I12+N12+S12+X12+AC12+AH12 | AN12: =E12+J12+O12+T12+Y12+AD12+AI12 | AO12: =F12+K12+P12+U12+Z12+AE12+AJ12
A13: =A12+7 | AK13: =B13+G13+L13+Q13+V13+AA13+AF13 | AL13: =C13+H13+M13+R13+W13+AB13+AG13 | AM13: =D13+I13+N13+S13+X13+AC13+AH13 | AN13: =E13+J13+O13+T13+Y13+AD13+AI13 | AO13: =F13+K13+P13+U13+Z13+AE13+AJ13
A14: =A13+7 | AK14: =B14+G14+L14+Q14+V14+AA14+AF14 | AL14: =C14+H14+M14+R14+W14+AB14+AG14 | AM14: =D14+I14+N14+S14+X14+AC14+AH14 | AN14: =E14+J14+O14+T14+Y14+AD14+AI14 | AO14: =F14+K14+P14+U14+Z14+AE14+AJ14
A15: =A14+7 | AK15: =B15+G15+L15+Q15+V15+AA15+AF15 | AL15: =C15+H15+M15+R15+W15+AB15+AG15 | AM15: =D15+I15+N15+S15+X15+AC15+AH15 | AN15: =E15+J15+O15+T15+Y15+AD15+AI15 | AO15: =F15+K15+P15+U15+Z15+AE15+AJ15
A16: =A15+7 | AK16: =B16+G16+L16+Q16+V16+AA16+AF16 | AL16: =C16+H16+M16+R16+W16+AB16+AG16 | AM16: =D16+I16+N16+S16+X16+AC16+AH16 | AN16: =E16+J16+O16+T16+Y16+AD16+AI16 | AO16: =F16+K16+P16+U16+Z16+AE16+AJ16
A17: =A16+7 | AK17: =B17+G17+L17+Q17+V17+AA17+AF17 | AL17: =C17+H17+M17+R17+W17+AB17+AG17 | AM17: =D17+I17+N17+S17+X17+AC17+AH17 | AN17: =E17+J17+O17+T17+Y17+AD17+AI17 | AO17: =F17+K17+P17+U17+Z17+AE17+AJ17
... A52: =A51+7 | AK52: =B52+G52+L52+Q52+V52+AA52+AF52 | AL52: =C52+H52+M52+R52+W52+AB52+AG52 | AM52: =D52+I52+N52+S52+X52+AC52+AH52 | AN52: =E52+J52+O52+T52+Y52+AD52+AI52 | AO52: =F52+K52+P52+U52+Z52+AE52+AJ52

Sheet ФАКТ ЧЕРН ПОДЗЕМ
A1: ФАКТ ЧЕРН ПОДЗЕМ | U1: Итого подзем.
A2: Дата | B2: Подземная часть
B3: 8.1.1 Отделка паркинг и рампы | E3: 8.1.2 Отделка эвакуац. лестн. клетки подзем. | H3: 8.1.3 Лифт. холлы, тамбур-шлюзы подзем. | K3: 8.1.4 Технич. помещения подзем. | N3: 8.1.5 Прочие помещения подзем. | Q3: 8.1.6 Коммерч. помещения подзем. | U3: Пол | V3: Стены | W3: Потолок
B4: Пол | C4: Стены | D4: Потолок | E4: Пол | F4: Стены | G4: Потолок | H4: Пол | I4: Стены | J4: Потолок | K4: Пол | L4: Стены | M4: Потолок | N4: Пол | O4: Стены | P4: Потолок | Q4: Пол | R4: Стены | S4: Потолок
A5: =СПРАВОЧНИК!$B$35 | U5: =B5+E5+H5+K5+N5+Q5 | V5: =C5+F5+I5+L5+O5+R5 | W5: =D5+G5+J5+M5+P5+S5
A6: =A5+7 | U6: =B6+E6+H6+K6+N6+Q6 | V6: =C6+F6+I6+L6+O6+R6 | W6: =D6+G6+J6+M6+P6+S6
A7: =A6+7 | U7: =B7+E7+H7+K7+N7+Q7 | V7: =C7+F7+I7+L7+O7+R7 | W7: =D7+G7+J7+M7+P7+S7
A8: =A7+7 | U8: =B8+E8+H8+K8+N8+Q8 | V8: =C8+F8+I8+L8+O8+R8 | W8: =D8+G8+J8+M8+P8+S8
A9: =A8+7 | U9: =B9+E9+H9+K9+N9+Q9 | V9: =C9+F9+I9+L9+O9+R9 | W9: =D9+G9+J9+M9+P9+S9
A10: =A9+7 | U10: =B10+E10+H10+K10+N10+Q10 | V10: =C10+F10+I10+L10+O10+R10 | W10: =D10+G10+J10+M10+P10+S10
A11: =A10+7 | U11: =B11+E11+H11+K11+N11+Q11 | V11: =C11+F11+I11+L11+O11+R11 | W11: =D11+G11+J11+M11+P11+S11
A12: =A11+7 | U12: =B12+E12+H12+K12+N12+Q12 | V12: =C12+F12+I12+L12+O12+R12 | W12: =D12+G12+J12+M12+P12+S12
A13: =A12+7 | U13: =B13+E13+H13+K13+N13+Q13 | V13: =C13+F13+I13+L13+O13+R13 | W13: =D13+G13+J13+M13+P13+S13
A14: =A13+7 | U14: =B14+E14+H14+K14+N14+Q14 | V14: =C14+F14+I14+L14+O14+R14 | W14: =D14+G14+J14+M14+P14+S14
A15: =A14+7 | U15: =B15+E15+H15+K15+N15+Q15 | V15: =C15+F15+I15+L15+O15+R15 | W15: =D15+G15+J15+M15+P15+S15
A16: =A15+7 | U16: =B16+E16+H16+K16+N16+Q16 | V16: =C16+F16+I16+L16+O16+R16 | W16: =D16+G16+J16+M16+P16+S16
A17: =A16+7 | U17: =B17+E17+H17+K17+N17+Q17 | V17: =C17+F17+I17+L17+O17+R17 | W17: =D17+G17+J17+M17+P17+S17
... A52: =A51+7 | U52: =B52+E52+H52+K52+N52+Q52 | V52: =C52+F52+I52+L52+O52+R52 | W52: =D52+G52+J52+M52+P52+S52

Sheet ФАКТ ЧИСТ ПОДЗЕМ
A1: ФАКТ ЧИСТ ПОДЗЕМ
A2: Дата | B2: Подземная часть
B3: 8.1.1 Отделка паркинг и рампы | G3: 8.1.2 Отделка эвакуац. лестн. клетки подзем. | L3: 8.1.3 Лифт. холлы, тамбур-шлюзы подзем. | Q3: 8.1.4 Технич. помещения подзем. | V3: 8.1.5 Прочие помещения подзем. | AA3: 8.1.6 Коммерч. помещения подзем. | AF3: Итого
B4: Пол | C4: Стены | D4: Потолок | E4: Запол. | F4: Мебл. | G4: Пол | H4: Стены | I4: Потолок | J4: Запол. | K4: Мебл. | L4: Пол | M4: Стены | N4: Потолок | O4: Запол. | P4: Мебл. | Q4: Пол | R4: Стены | S4: Потолок | T4: Запол. | U4: Мебл. | V4: Пол | W4: Стены | X4: Потолок | Y4: Запол. | Z4: Мебл. | AA4: Пол | AB4: Стены | AC4: Потолок | AD4: Запол. | AE4: Мебл. | AF4: Пол | AG4: Стены | AH4: Потолок | AI4: Запол. | AJ4: Мебл.
A5: =СПРАВОЧНИК!$B$35 | AF5: =B5+G5+L5+Q5+V5+AA5 | AG5: =C5+H5+M5+R5+W5+AB5 | AH5: =D5+I5+N5+S5+X5+AC5 | AI5: =E5+J5+O5+T5+Y5+AD5 | AJ5: =F5+K5+P5+U5+Z5+AE5
A6: =A5+7 | AF6: =B6+G6+L6+Q6+V6+AA6 | AG6: =C6+H6+M6+R6+W6+AB6 | AH6: =D6+I6+N6+S6+X6+AC6 | AI6: =E6+J6+O6+T6+Y6+AD6 | AJ6: =F6+K6+P6+U6+Z6+AE6
A7: =A6+7 | AF7: =B7+G7+L7+Q7+V7+AA7 | AG7: =C7+H7+M7+R7+W7+AB7 | AH7: =D7+I7+N7+S7+X7+AC7 | AI7: =E7+J7+O7+T7+Y7+AD7 | AJ7: =F7+K7+P7+U7+Z7+AE7
A8: =A7+7 | AF8: =B8+G8+L8+Q8+V8+AA8 | AG8: =C8+H8+M8+R8+W8+AB8 | AH8: =D8+I8+N8+S8+X8+AC8 | AI8: =E8+J8+O8+T8+Y8+AD8 | AJ8: =F8+K8+P8+U8+Z8+AE8
A9: =A8+7 | AF9: =B9+G9+L9+Q9+V9+AA9 | AG9: =C9+H9+M9+R9+W9+AB9 | AH9: =D9+I9+N9+S9+X9+AC9 | AI9: =E9+J9+O9+T9+Y9+AD9 | AJ9: =F9+K9+P9+U9+Z9+AE9
A10: =A9+7 | AF10: =B10+G10+L10+Q10+V10+AA10 | AG10: =C10+H10+M10+R10+W10+AB10 | AH10: =D10+I10+N10+S10+X10+AC10 | AI10: =E10+J10+O10+T10+Y10+AD10 | AJ10: =F10+K10+P10+U10+Z10+AE10
A11: =A10+7 | AF11: =B11+G11+L11+Q11+V11+AA11 | AG11: =C11+H11+M11+R11+W11+AB11 | AH11: =D11+I11+N11+S11+X11+AC11 | AI11: =E11+J11+O11+T11+Y11+AD11 | AJ11: =F11+K11+P11+U11+Z11+AE11
A12: =A11+7 | AF12: =B12+G12+L12+Q12+V12+AA12 | AG12: =C12+H12+M12+R12+W12+AB12 | AH12: =D12+I12+N12+S12+X12+AC12 | AI12: =E12+J12+O12+T12+Y12+AD12 | AJ12: =F12+K12+P12+U12+Z12+AE12
A13: =A12+7 | AF13: =B13+G13+L13+Q13+V13+AA13 | AG13: =C13+H13+M13+R13+W13+AB13 | AH13: =D13+I13+N13+S13+X13+AC13 | AI13: =E13+J13+O13+T13+Y13+AD13 | AJ13: =F13+K13+P13+U13+Z13+AE13
A14: =A13+7 | AF14: =B14+G14+L14+Q14+V14+AA14 | AG14: =C14+H14+M14+R14+W14+AB14 | AH14: =D14+I14+N14+S14+X14+AC14 | AI14: =E14+J14+O14+T14+Y14+AD14 | AJ14: =F14+K14+P14+U14+Z14+AE14
A15: =A14+7 | AF15: =B15+G15+L15+Q15+V15+AA15 | AG15: =C15+H15+M15+R15+W15+AB15 | AH15: =D15+I15+N15+S15+X15+AC15 | AI15: =E15+J15+O15+T15+Y15+AD15 | AJ15: =F15+K15+P15+U15+Z15+AE15
A16: =A15+7 | AF16: =B16+G16+L16+Q16+V16+AA16 | AG16: =C16+H16+M16+R16+W16+AB16 | AH16: =D16+I16+N16+S16+X16+AC16 | AI16: =E16+J16+O16+T16+Y16+AD16 | AJ16: =F16+K16+P16+U16+Z16+AE16
A17: =A16+7 | AF17: =B17+G17+L17+Q17+V17+AA17 | AG17: =C17+H17+M17+R17+W17+AB17 | AH17: =D17+I17+N17+S17+X17+AC17 | AI17: =E17+J17+O17+T17+Y17+AD17 | AJ17: =F17+K17+P17+U17+Z17+AE17
... A52: =A51+7 | AF52: =B52+G52+L52+Q52+V52+AA52 | AG52: =C52+H52+M52+R52+W52+AB52 | AH52: =D52+I52+N52+S52+X52+AC52 | AI52: =E52+J52+O52+T52+Y52+AD52 | AJ52: =F52+K52+P52+U52+Z52+AE52

Sheet ФАКТ ЧЕРН К1
A1: ФАКТ ЧЕРН К1 | X1: Итого К1
A2: Дата | B2: Надземная часть
B3: 8.2.1 Отделка лобби/гранд-лобби | E3: 8.2.2 Отделка эвакуац. лестн. клетки надзем. | H3: 8.2.3 Лифт. холлы, тамбур-шлюзы надзем. | K3: 8.2.4 Технич. помещения надзем. | N3: 8.2.5 Прочие помещения надзем. | Q3: 8.2.6 Коммерч. помещения надзем. | T3: 8.2.7 Паркинг и рампы надзем. | X3: Пол | Y3: Стены | Z3: Потолок
B4: Пол | C4: Стены | D4: Потолок | E4: Пол | F4: Стены | G4: Потолок | H4: Пол | I4: Стены | J4: Потолок | K4: Пол | L4: Стены | M4: Потолок | N4: Пол | O4: Стены | P4: Потолок | Q4: Пол | R4: Стены | S4: Потолок | T4: Пол | U4: Стены | V4: Потолок
A5: =СПРАВОЧНИК!$B$35 | X5: =B5+E5+H5+K5+N5+Q5+T5 | Y5: =C5+F5+I5+L5+O5+R5+U5 | Z5: =D5+G5+J5+M5+P5+S5+V5
A6: =A5+7 | X6: =B6+E6+H6+K6+N6+Q6+T6 | Y6: =C6+F6+I6+L6+O6+R6+U6 | Z6: =D6+G6+J6+M6+P6+S6+V6
A7: =A6+7 | X7: =B7+E7+H7+K7+N7+Q7+T7 | Y7: =C7+F7+I7+L7+O7+R7+U7 | Z7: =D7+G7+J7+M7+P7+S7+V7
A8: =A7+7 | X8: =B8+E8+H8+K8+N8+Q8+T8 | Y8: =C8+F8+I8+L8+O8+R8+U8 | Z8: =D8+G8+J8+M8+P8+S8+V8
A9: =A8+7 | X9: =B9+E9+H9+K9+N9+Q9+T9 | Y9: =C9+F9+I9+L9+O9+R9+U9 | Z9: =D9+G9+J9+M9+P9+S9+V9
A10: =A9+7 | X10: =B10+E10+H10+K10+N10+Q10+T10 | Y10: =C10+F10+I10+L10+O10+R10+U10 | Z10: =D10+G10+J10+M10+P10+S10+V10
A11: =A10+7 | X11: =B11+E11+H11+K11+N11+Q11+T11 | Y11: =C11+F11+I11+L11+O11+R11+U11 | Z11: =D11+G11+J11+M11+P11+S11+V11
A12: =A11+7 | X12: =B12+E12+H12+K12+N12+Q12+T12 | Y12: =C12+F12+I12+L12+O12+R12+U12 | Z12: =D12+G12+J12+M12+P12+S12+V12
A13: =A12+7 | X13: =B13+E13+H13+K13+N13+Q13+T13 | Y13: =C13+F13+I13+L13+O13+R13+U13 | Z13: =D13+G13+J13+M13+P13+S13+V13
A14: =A13+7 | X14: =B14+E14+H14+K14+N14+Q14+T14 | Y14: =C14+F14+I14+L14+O14+R14+U14 | Z14: =D14+G14+J14+M14+P14+S14+V14
A15: =A14+7 | X15: =B15+E15+H15+K15+N15+Q15+T15 | Y15: =C15+F15+I15+L15+O15+R15+U15 | Z15: =D15+G15+J15+M15+P15+S15+V15
A16: =A15+7 | X16: =B16+E16+H16+K16+N16+Q16+T16 | Y16: =C16+F16+I16+L16+O16+R16+U16 | Z16: =D16+G16+J16+M16+P16+S16+V16
A17: =A16+7 | X17: =B17+E17+H17+K17+N17+Q17+T17 | Y17: =C17+F17+I17+L17+O17+R17+U17 | Z17: =D17+G17+J17+M17+P17+S17+V17
... A52: =A51+7 | X52: =B52+E52+H52+K52+N52+Q52+T52 | Y52: =C52+F52+I52+L52+O52+R52+U52 | Z52: =D52+G52+J52+M52+P52+S52+V52

Sheet ФАКТ ЧИСТ К1
A1: ФАКТ ЧИСТ К1
A2: Дата | B2: Надземная часть
B3: 8.2.1 Отделка лобби/гранд-лобби | G3: 8.2.2 Отделка эвакуац. лестн. клетки надзем. | L3: 8.2.3 Лифт. холлы, тамбур-шлюзы надзем. | Q3: 8.2.4 Технич. помещения надзем. | V3: 8.2.5 Прочие помещения надзем. | AA3: 8.2.6 Коммерч. помещения надзем. | AF3: 8.2.7 Паркинг и рампы надзем. | AK3: Итого
B4: Пол | C4: Стены | D4: Потолок | E4: Запол. | F4: Мебл. | G4: Пол | H4: Стены | I4: Потолок | J4: Запол. | K4: Мебл. | L4: Пол | M4: Стены | N4: Потолок | O4: Запол. | P4: Мебл. | Q4: Пол | R4: Стены | S4: Потолок | T4: Запол. | U4: Мебл. | V4: Пол | W4: Стены | X4: Потолок | Y4: Запол. | Z4: Мебл. | AA4: Пол | AB4: Стены | AC4: Потолок | AD4: Запол. | AE4: Мебл. | AF4: Пол | AG4: Стены | AH4: Потолок | AI4: Запол. | AJ4: Мебл. | AK4: Пол | AL4: Стены | AM4: Потолок | AN4: Запол. | AO4: Мебл.
A5: =СПРАВОЧНИК!$B$35 | AK5: =B5+G5+L5+Q5+V5+AA5+AF5 | AL5: =C5+H5+M5+R5+W5+AB5+AG5 | AM5: =D5+I5+N5+S5+X5+AC5+AH5 | AN5: =E5+J5+O5+T5+Y5+AD5+AI5 | AO5: =F5+K5+P5+U5+Z5+AE5+AJ5
A6: =A5+7 | AK6: =B6+G6+L6+Q6+V6+AA6+AF6 | AL6: =C6+H6+M6+R6+W6+AB6+AG6 | AM6: =D6+I6+N6+S6+X6+AC6+AH6 | AN6: =E6+J6+O6+T6+Y6+AD6+AI6 | AO6: =F6+K6+P6+U6+Z6+AE6+AJ6
A7: =A6+7 | AK7: =B7+G7+L7+Q7+V7+AA7+AF7 | AL7: =C7+H7+M7+R7+W7+AB7+AG7 | AM7: =D7+I7+N7+S7+X7+AC7+AH7 | AN7: =E7+J7+O7+T7+Y7+AD7+AI7 | AO7: =F7+K7+P7+U7+Z7+AE7+AJ7
A8: =A7+7 | AK8: =B8+G8+L8+Q8+V8+AA8+AF8 | AL8: =C8+H8+M8+R8+W8+AB8+AG8 | AM8: =D8+I8+N8+S8+X8+AC8+AH8 | AN8: =E8+J8+O8+T8+Y8+AD8+AI8 | AO8: =F8+K8+P8+U8+Z8+AE8+AJ8
A9: =A8+7 | AK9: =B9+G9+L9+Q9+V9+AA9+AF9 | AL9: =C9+H9+M9+R9+W9+AB9+AG9 | AM9: =D9+I9+N9+S9+X9+AC9+AH9 | AN9: =E9+J9+O9+T9+Y9+AD9+AI9 | AO9: =F9+K9+P9+U9+Z9+AE9+AJ9
A10: =A9+7 | AK10: =B10+G10+L10+Q10+V10+AA10+AF10 | AL10: =C10+H10+M10+R10+W10+AB10+AG10 | AM10: =D10+I10+N10+S10+X10+AC10+AH10 | AN10: =E10+J10+O10+T10+Y10+AD10+AI10 | AO10: =F10+K10+P10+U10+Z10+AE10+AJ10
A11: =A10+7 | AK11: =B11+G11+L11+Q11+V11+AA11+AF11 | AL11: =C11+H11+M11+R11+W11+AB11+AG11 | AM11: =D11+I11+N11+S11+X11+AC11+AH11 | AN11: =E11+J11+O11+T11+Y11+AD11+AI11 | AO11: =F11+K11+P11+U11+Z11+AE11+AJ11
A12: =A11+7 | AK12: =B12+G12+L12+Q12+V12+AA12+AF12 | AL12: =C12+H12+M12+R12+W12+AB12+AG12 | AM12: =D12+I12+N12+S12+X12+AC12+AH12 | AN12: =E12+J12+O12+T12+Y12+AD12+AI12 | AO12: =F12+K12+P12+U12+Z12+AE12+AJ12
A13: =A12+7 | AK13: =B13+G13+L13+Q13+V13+AA13+AF13 | AL13: =C13+H13+M13+R13+W13+AB13+AG13 | AM13: =D13+I13+N13+S13+X13+AC13+AH13 | AN13: =E13+J13+O13+T13+Y13+AD13+AI13 | AO13: =F13+K13+P13+U13+Z13+AE13+AJ13
A14: =A13+7 | AK14: =B14+G14+L14+Q14+V14+AA14+AF14 | AL14: =C14+H14+M14+R14+W14+AB14+AG14 | AM14: =D14+I14+N14+S14+X14+AC14+AH14 | AN14: =E14+J14+O14+T14+Y14+AD14+AI14 | AO14: =F14+K14+P14+U14+Z14+AE14+AJ14
A15: =A14+7 | AK15: =B15+G15+L15+Q15+V15+AA15+AF15 | AL15: =C15+H15+M15+R15+W15+AB15+AG15 | AM15: =D15+I15+N15+S15+X15+AC15+AH15 | AN15: =E15+J15+O15+T15+Y15+AD15+AI15 | AO15: =F15+K15+P15+U15+Z15+AE15+AJ15
A16: =A15+7 | AK16: =B16+G16+L16+Q16+V16+AA16+AF16 | AL16: =C16+H16+M16+R16+W16+AB16+AG16 | AM16: =D16+I16+N16+S16+X16+AC16+AH16 | AN16: =E16+J16+O16+T16+Y16+AD16+AI16 | AO16: =F16+K16+P16+U16+Z16+AE16+AJ16
A17: =A16+7 | AK17: =B17+G17+L17+Q17+V17+AA17+AF17 | AL17: =C17+H17+M17+R17+W17+AB17+AG17 | AM17: =D17+I17+N17+S17+X17+AC17+AH17 | AN17: =E17+J17+O17+T17+Y17+AD17+AI17 | AO17: =F17+K17+P17+U17+Z17+AE17+AJ17
... A52: =A51+7 | AK52: =B52+G52+L52+Q52+V52+AA52+AF52 | AL52: =C52+H52+M52+R52+W52+AB52+AG52 | AM52: =D52+I52+N52+S52+X52+AC52+AH52 | AN52: =E52+J52+O52+T52+Y52+AD52+AI52 | AO52: =F52+K52+P52+U52+Z52+AE52+AJ52

Sheet ФАКТ ЧЕРН К2
A1: ФАКТ ЧЕРН К2 | X1: Итого К2
A2: Дата | B2: Надземная часть
B3: 8.2.1 Отделка лобби/гранд-лобби | E3: 8.2.2 Отделка эвакуац. лестн. клетки надзем. | H3: 8.2.3 Лифт. холлы, тамбур-шлюзы надзем. | K3: 8.2.4 Технич. помещения надзем. | N3: 8.2.5 Прочие помещения надзем. | Q3: 8.2.6 Коммерч. помещения надзем. | T3: 8.2.7 Паркинг и рампы надзем. | X3: Пол | Y3: Стены | Z3: Потолок
B4: Пол | C4: Стены | D4: Потолок | E4: Пол | F4: Стены | G4: Потолок | H4: Пол | I4: Стены | J4: Потолок | K4: Пол | L4: Стены | M4: Потолок | N4: Пол | O4: Стены | P4: Потолок | Q4: Пол | R4: Стены | S4: Потолок | T4: Пол | U4: Стены | V4: Потолок
A5: =СПРАВОЧНИК!$B$35 | X5: =B5+E5+H5+K5+N5+Q5+T5 | Y5: =C5+F5+I5+L5+O5+R5+U5 | Z5: =D5+G5+J5+M5+P5+S5+V5
A6: =A5+7 | X6: =B6+E6+H6+K6+N6+Q6+T6 | Y6: =C6+F6+I6+L6+O6+R6+U6 | Z6: =D6+G6+J6+M6+P6+S6+V6
A7: =A6+7 | X7: =B7+E7+H7+K7+N7+Q7+T7 | Y7: =C7+F7+I7+L7+O7+R7+U7 | Z7: =D7+G7+J7+M7+P7+S7+V7
A8: =A7+7 | X8: =B8+E8+H8+K8+N8+Q8+T8 | Y8: =C8+F8+I8+L8+O8+R8+U8 | Z8: =D8+G8+J8+M8+P8+S8+V8
A9: =A8+7 | X9: =B9+E9+H9+K9+N9+Q9+T9 | Y9: =C9+F9+I9+L9+O9+R9+U9 | Z9: =D9+G9+J9+M9+P9+S9+V9
A10: =A9+7 | X10: =B10+E10+H10+K10+N10+Q10+T10 | Y10: =C10+F10+I10+L10+O10+R10+U10 | Z10: =D10+G10+J10+M10+P10+S10+V10
A11: =A10+7 | X11: =B11+E11+H11+K11+N11+Q11+T11 | Y11: =C11+F11+I11+L11+O11+R11+U11 | Z11: =D11+G11+J11+M11+P11+S11+V11
A12: =A11+7 | X12: =B12+E12+H12+K12+N12+Q12+T12 | Y12: =C12+F12+I12+L12+O12+R12+U12 | Z12: =D12+G12+J12+M12+P12+S12+V12
A13: =A12+7 | X13: =B13+E13+H13+K13+N13+Q13+T13 | Y13: =C13+F13+I13+L13+O13+R13+U13 | Z13: =D13+G13+J13+M13+P13+S13+V13
A14: =A13+7 | X14: =B14+E14+H14+K14+N14+Q14+T14 | Y14: =C14+F14+I14+L14+O14+R14+U14 | Z14: =D14+G14+J14+M14+P14+S14+V14
A15: =A14+7 | X15: =B15+E15+H15+K15+N15+Q15+T15 | Y15: =C15+F15+I15+L15+O15+R15+U15 | Z15: =D15+G15+J15+M15+P15+S15+V15
A16: =A15+7 | X16: =B16+E16+H16+K16+N16+Q16+T16 | Y16: =C16+F16+I16+L16+O16+R16+U16 | Z16: =D16+G16+J16+M16+P16+S16+V16
A17: =A16+7 | X17: =B17+E17+H17+K17+N17+Q17+T17 | Y17: =C17+F17+I17+L17+O17+R17+U17 | Z17: =D17+G17+J17+M17+P17+S17+V17
... A52: =A51+7 | X52: =B52+E52+H52+K52+N52+Q52+T52 | Y52: =C52+F52+I52+L52+O52+R52+U52 | Z52: =D52+G52+J52+M52+P52+S52+V52

Sheet ФАКТ ЧИСТ К2
A1: ФАКТ ЧИСТ К2
A2: Дата | B2: Надземная часть
B3: 8.2.1 Отделка лобби/гранд-лобби | G3: 8.2.2 Отделка эвакуац. лестн. клетки надзем. | L3: 8.2.3 Лифт. холлы, тамбур-шлюзы надзем. | Q3: 8.2.4 Технич. помещения надзем. | V3: 8.2.5 Прочие помещения надзем. | AA3: 8.2.6 Коммерч. помещения надзем. | AF3: 8.2.7 Паркинг и рампы надзем. | AK3: Итого
B4: Пол | C4: Стены | D4: Потолок | E4: Запол. | F4: Мебл. | G4: Пол | H4: Стены | I4: Потолок | J4: Запол. | K4: Мебл. | L4: Пол | M4: Стены | N4: Потолок | O4: Запол. | P4: Мебл. | Q4: Пол | R4: Стены | S4: Потолок | T4: Запол. | U4: Мебл. | V4: Пол | W4: Стены | X4: Потолок | Y4: Запол. | Z4: Мебл. | AA4: Пол | AB4: Стены | AC4: Потолок | AD4: Запол. | AE4: Мебл. | AF4: Пол | AG4: Стены | AH4: Потолок | AI4: Запол. | AJ4: Мебл. | AK4: Пол | AL4: Стены | AM4: Потолок | AN4: Запол. | AO4: Мебл.
A5: =СПРАВОЧНИК!$B$35 | AK5: =B5+G5+L5+Q5+V5+AA5+AF5 | AL5: =C5+H5+M5+R5+W5+AB5+AG5 | AM5: =D5+I5+N5+S5+X5+AC5+AH5 | AN5: =E5+J5+O5+T5+Y5+AD5+AI5 | AO5: =F5+K5+P5+U5+Z5+AE5+AJ5
A6: =A5+7 | AK6: =B6+G6+L6+Q6+V6+AA6+AF6 | AL6: =C6+H6+M6+R6+W6+AB6+AG6 | AM6: =D6+I6+N6+S6+X6+AC6+AH6 | AN6: =E6+J6+O6+T6+Y6+AD6+AI6 | AO6: =F6+K6+P6+U6+Z6+AE6+AJ6
A7: =A6+7 | AK7: =B7+G7+L7+Q7+V7+AA7+AF7 | AL7: =C7+H7+M7+R7+W7+AB7+AG7 | AM7: =D7+I7+N7+S7+X7+AC7+AH7 | AN7: =E7+J7+O7+T7+Y7+AD7+AI7 | AO7: =F7+K7+P7+U7+Z7+AE7+AJ7
A8: =A7+7 | AK8: =B8+G8+L8+Q8+V8+AA8+AF8 | AL8: =C8+H8+M8+R8+W8+AB8+AG8 | AM8: =D8+I8+N8+S8+X8+AC8+AH8 | AN8: =E8+J8+O8+T8+Y8+AD8+AI8 | AO8: =F8+K8+P8+U8+Z8+AE8+AJ8
A9: =A8+7 | AK9: =B9+G9+L9+Q9+V9+AA9+AF9 | AL9: =C9+H9+M9+R9+W9+AB9+AG9 | AM9: =D9+I9+N9+S9+X9+AC9+AH9 | AN9: =E9+J9+O9+T9+Y9+AD9+AI9 | AO9: =F9+K9+P9+U9+Z9+AE9+AJ9
A10: =A9+7 | AK10: =B10+G10+L10+Q10+V10+AA10+AF10 | AL10: =C10+H10+M10+R10+W10+AB10+AG10 | AM10: =D10+I10+N10+S10+X10+AC10+AH10 | AN10: =E10+J10+O10+T10+Y10+AD10+AI10 | AO10: =F10+K10+P10+U10+Z10+AE10+AJ10
A11: =A10+7 | AK11: =B11+G11+L11+Q11+V11+AA11+AF11 | AL11: =C11+H11+M11+R11+W11+AB11+AG11 | AM11: =D11+I11+N11+S11+X11+AC11+AH11 | AN11: =E11+J11+O11+T11+Y11+AD11+AI11 | AO11: =F11+K11+P11+U11+Z11+AE11+AJ11
A12: =A11+7 | AK12: =B12+G12+L12+Q12+V12+AA12+AF12 | AL12: =C12+H12+M12+R12+W12+AB12+AG12 | AM12: =D12+I12+N12+S12+X12+AC12+AH12 | AN12: =E12+J12+O12+T12+Y12+AD12+AI12 | AO12: =F12+K12+P12+U12+Z12+AE12+AJ12
A13: =A12+7 | AK13: =B13+G13+L13+Q13+V13+AA13+AF13 | AL13: =C13+H13+M13+R13+W13+AB13+AG13 | AM13: =D13+I13+N13+S13+X13+AC13+AH13 | AN13: =E13+J13+O13+T13+Y13+AD13+AI13 | AO13: =F13+K13+P13+U13+Z13+AE13+AJ13
A14: =A13+7 | AK14: =B14+G14+L14+Q14+V14+AA14+AF14 | AL14: =C14+H14+M14+R14+W14+AB14+AG14 | AM14: =D14+I14+N14+S14+X14+AC14+AH14 | AN14: =E14+J14+O14+T14+Y14+AD14+AI14 | AO14: =F14+K14+P14+U14+Z14+AE14+AJ14
A15: =A14+7 | AK15: =B15+G15+L15+Q15+V15+AA15+AF15 | AL15: =C15+H15+M15+R15+W15+AB15+AG15 | AM15: =D15+I15+N15+S15+X15+AC15+AH15 | AN15: =E15+J15+O15+T15+Y15+AD15+AI15 | AO15: =F15+K15+P15+U15+Z15+AE15+AJ15
A16: =A15+7 | AK16: =B16+G16+L16+Q16+V16+AA16+AF16 | AL16: =C16+H16+M16+R16+W16+AB16+AG16 | AM16: =D16+I16+N16+S16+X16+AC16+AH16 | AN16: =E16+J16+O16+T16+Y16+AD16+AI16 | AO16: =F16+K16+P16+U16+Z16+AE16+AJ16
A17: =A16+7 | AK17: =B17+G17+L17+Q17+V17+AA17+AF17 | AL17: =C17+H17+M17+R17+W17+AB17+AG17 | AM17: =D17+I17+N17+S17+X17+AC17+AH17 | AN17: =E17+J17+O17+T17+Y17+AD17+AI17 | AO17: =F17+K17+P17+U17+Z17+AE17+AJ17
... A52: =A51+7 | AK52: =B52+G52+L52+Q52+V52+AA52+AF52 | AL52: =C52+H52+M52+R52+W52+AB52+AG52 | AM52: =D52+I52+N52+S52+X52+AC52+AH52 | AN52: =E52+J52+O52+T52+Y52+AD52+AI52 | AO52: =F52+K52+P52+U52+Z52+AE52+AJ52

Sheet ФАКТ ЧЕРН К3
A1: ФАКТ ЧЕРН К3 | X1: Итого К3
A2: Дата | B2: Надземная часть
B3: 8.2.1 Отделка лобби/гранд-лобби | E3: 8.2.2 Отделка эвакуац. лестн. клетки надзем. | H3: 8.2.3 Лифт. холлы, тамбур-шлюзы надзем. | K3: 8.2.4 Технич. помещения надзем. | N3: 8.2.5 Прочие помещения надзем. | Q3: 8.2.6 Коммерч. помещения надзем. | T3: 8.2.7 Паркинг и рампы надзем. | X3: Пол | Y3: Стены | Z3: Потолок
B4: Пол | C4: Стены | D4: Потолок | E4: Пол | F4: Стены | G4: Потолок | H4: Пол | I4: Стены | J4: Потолок | K4: Пол | L4: Стены | M4: Потолок | N4: Пол | O4: Стены | P4: Потолок | Q4: Пол | R4: Стены | S4: Потолок | T4: Пол | U4: Стены | V4: Потолок
A5: =СПРАВОЧНИК!$B$35 | X5: =B5+E5+H5+K5+N5+Q5+T5 | Y5: =C5+F5+I5+L5+O5+R5+U5 | Z5: =D5+G5+J5+M5+P5+S5+V5
A6: =A5+7 | X6: =B6+E6+H6+K6+N6+Q6+T6 | Y6: =C6+F6+I6+L6+O6+R6+U6 | Z6: =D6+G6+J6+M6+P6+S6+V6
A7: =A6+7 | X7: =B7+E7+H7+K7+N7+Q7+T7 | Y7: =C7+F7+I7+L7+O7+R7+U7 | Z7: =D7+G7+J7+M7+P7+S7+V7
A8: =A7+7 | X8: =B8+E8+H8+K8+N8+Q8+T8 | Y8: =C8+F8+I8+L8+O8+R8+U8 | Z8: =D8+G8+J8+M8+P8+S8+V8
A9: =A8+7 | X9: =B9+E9+H9+K9+N9+Q9+T9 | Y9: =C9+F9+I9+L9+O9+R9+U9 | Z9: =D9+G9+J9+M9+P9+S9+V9
A10: =A9+7 | X10: =B10+E10+H10+K10+N10+Q10+T10 | Y10: =C10+F10+I10+L10+O10+R10+U10 | Z10: =D10+G10+J10+M10+P10+S10+V10
A11: =A10+7 | X11: =B11+E11+H11+K11+N11+Q11+T11 | Y11: =C11+F11+I11+L11+O11+R11+U11 | Z11: =D11+G11+J11+M11+P11+S11+V11
A12: =A11+7 | X12: =B12+E12+H12+K12+N12+Q12+T12 | Y12: =C12+F12+I12+L12+O12+R12+U12 | Z12: =D12+G12+J12+M12+P12+S12+V12
A13: =A12+7 | X13: =B13+E13+H13+K13+N13+Q13+T13 | Y13: =C13+F13+I13+L13+O13+R13+U13 | Z13: =D13+G13+J13+M13+P13+S13+V13
A14: =A13+7 | X14: =B14+E14+H14+K14+N14+Q14+T14 | Y14: =C14+F14+I14+L14+O14+R14+U14 | Z14: =D14+G14+J14+M14+P14+S14+V14
A15: =A14+7 | X15: =B15+E15+H15+K15+N15+Q15+T15 | Y15: =C15+F15+I15+L15+O15+R15+U15 | Z15: =D15+G15+J15+M15+P15+S15+V15
A16: =A15+7 | X16: =B16+E16+H16+K16+N16+Q16+T16 | Y16: =C16+F16+I16+L16+O16+R16+U16 | Z16: =D16+G16+J16+M16+P16+S16+V16
A17: =A16+7 | X17: =B17+E17+H17+K17+N17+Q17+T17 | Y17: =C17+F17+I17+L17+O17+R17+U17 | Z17: =D17+G17+J17+M17+P17+S17+V17
... A52: =A51+7 | X52: =B52+E52+H52+K52+N52+Q52+T52 | Y52: =C52+F52+I52+L52+O52+R52+U52 | Z52: =D52+G52+J52+M52+P52+S52+V52

Sheet ФАКТ ЧИСТ К3
A1: ФАКТ ЧИСТ К3
A2: Дата | B2: Надземная часть
B3: 8.2.1 Отделка лобби/гранд-лобби | G3: 8.2.2 Отделка эвакуац. лестн. клетки надзем. | L3: 8.2.3 Лифт. холлы, тамбур-шлюзы надзем. | Q3: 8.2.4 Технич. помещения надзем. | V3: 8.2.5 Прочие помещения надзем. | AA3: 8.2.6 Коммерч. помещения надзем. | AF3: 8.2.7 Паркинг и рампы надзем. | AK3: Итого
B4: Пол | C4: Стены | D4: Потолок | E4: Запол. | F4: Мебл. | G4: Пол | H4: Стены | I4: Потолок | J4: Запол. | K4: Мебл. | L4: Пол | M4: Стены | N4: Потолок | O4: Запол. | P4: Мебл. | Q4: Пол | R4: Стены | S4: Потолок | T4: Запол. | U4: Мебл. | V4: Пол | W4: Стены | X4: Потолок | Y4: Запол. | Z4: Мебл. | AA4: Пол | AB4: Стены | AC4: Потолок | AD4: Запол. | AE4: Мебл. | AF4: Пол | AG4: Стены | AH4: Потолок | AI4: Запол. | AJ4: Мебл. | AK4: Пол | AL4: Стены | AM4: Потолок | AN4: Запол. | AO4: Мебл.
A5: =СПРАВОЧНИК!$B$35 | AK5: =B5+G5+L5+Q5+V5+AA5+AF5 | AL5: =C5+H5+M5+R5+W5+AB5+AG5 | AM5: =D5+I5+N5+S5+X5+AC5+AH5 | AN5: =E5+J5+O5+T5+Y5+AD5+AI5 | AO5: =F5+K5+P5+U5+Z5+AE5+AJ5
A6: =A5+7 | AK6: =B6+G6+L6+Q6+V6+AA6+AF6 | AL6: =C6+H6+M6+R6+W6+AB6+AG6 | AM6: =D6+I6+N6+S6+X6+AC6+AH6 | AN6: =E6+J6+O6+T6+Y6+AD6+AI6 | AO6: =F6+K6+P6+U6+Z6+AE6+AJ6
A7: =A6+7 | AK7: =B7+G7+L7+Q7+V7+AA7+AF7 | AL7: =C7+H7+M7+R7+W7+AB7+AG7 | AM7: =D7+I7+N7+S7+X7+AC7+AH7 | AN7: =E7+J7+O7+T7+Y7+AD7+AI7 | AO7: =F7+K7+P7+U7+Z7+AE7+AJ7
A8: =A7+7 | AK8: =B8+G8+L8+Q8+V8+AA8+AF8 | AL8: =C8+H8+M8+R8+W8+AB8+AG8 | AM8: =D8+I8+N8+S8+X8+AC8+AH8 | AN8: =E8+J8+O8+T8+Y8+AD8+AI8 | AO8: =F8+K8+P8+U8+Z8+AE8+AJ8
A9: =A8+7 | AK9: =B9+G9+L9+Q9+V9+AA9+AF9 | AL9: =C9+H9+M9+R9+W9+AB9+AG9 | AM9: =D9+I9+N9+S9+X9+AC9+AH9 | AN9: =E9+J9+O9+T9+Y9+AD9+AI9 | AO9: =F9+K9+P9+U9+Z9+AE9+AJ9
A10: =A9+7 | AK10: =B10+G10+L10+Q10+V10+AA10+AF10 | AL10: =C10+H10+M10+R10+W10+AB10+AG10 | AM10: =D10+I10+N10+S10+X10+AC10+AH10 | AN10: =E10+J10+O10+T10+Y10+AD10+AI10 | AO10: =F10+K10+P10+U10+Z10+AE10+AJ10
A11: =A10+7 | AK11: =B11+G11+L11+Q11+V11+AA11+AF11 | AL11: =C11+H11+M11+R11+W11+AB11+AG11 | AM11: =D11+I11+N11+S11+X11+AC11+AH11 | AN11: =E11+J11+O11+T11+Y11+AD11+AI11 | AO11: =F11+K11+P11+U11+Z11+AE11+AJ11
A12: =A11+7 | AK12: =B12+G12+L12+Q12+V12+AA12+AF12 | AL12: =C12+H12+M12+R12+W12+AB12+AG12 | AM12: =D12+I12+N12+S12+X12+AC12+AH12 | AN12: =E12+J12+O12+T12+Y12+AD12+AI12 | AO12: =F12+K12+P12+U12+Z12+AE12+AJ12
A13: =A12+7 | AK13: =B13+G13+L13+Q13+V13+AA13+AF13 | AL13: =C13+H13+M13+R13+W13+AB13+AG13 | AM13: =D13+I13+N13+S13+X13+AC13+AH13 | AN13: =E13+J13+O13+T13+Y13+AD13+AI13 | AO13: =F13+K13+P13+U13+Z13+AE13+AJ13
A14: =A13+7 | AK14: =B14+G14+L14+Q14+V14+AA14+AF14 | AL14: =C14+H14+M14+R14+W14+AB14+AG14 | AM14: =D14+I14+N14+S14+X14+AC14+AH14 | AN14: =E14+J14+O14+T14+Y14+AD14+AI14 | AO14: =F14+K14+P14+U14+Z14+AE14+AJ14
A15: =A14+7 | AK15: =B15+G15+L15+Q15+V15+AA15+AF15 | AL15: =C15+H15+M15+R15+W15+AB15+AG15 | AM15: =D15+I15+N15+S15+X15+AC15+AH15 | AN15: =E15+J15+O15+T15+Y15+AD15+AI15 | AO15: =F15+K15+P15+U15+Z15+AE15+AJ15
A16: =A15+7 | AK16: =B16+G16+L16+Q16+V16+AA16+AF16 | AL16: =C16+H16+M16+R16+W16+AB16+AG16 | AM16: =D16+I16+N16+S16+X16+AC16+AH16 | AN16: =E16+J16+O16+T16+Y16+AD16+AI16 | AO16: =F16+K16+P16+U16+Z16+AE16+AJ16
A17: =A16+7 | AK17: =B17+G17+L17+Q17+V17+AA17+AF17 | AL17: =C17+H17+M17+R17+W17+AB17+AG17 | AM17: =D17+I17+N17+S17+X17+AC17+AH17 | AN17: =E17+J17+O17+T17+Y17+AD17+AI17 | AO17: =F17+K17+P17+U17+Z17+AE17+AJ17
... A52: =A51+7 | AK52: =B52+G52+L52+Q52+V52+AA52+AF52 | AL52: =C52+H52+M52+R52+W52+AB52+AG52 | AM52: =D52+I52+N52+S52+X52+AC52+AH52 | AN52: =E52+J52+O52+T52+Y52+AD52+AI52 | AO52: =F52+K52+P52+U52+Z52+AE52+AJ52

Sheet ОТЧЕТ
A1: ОТЧЁТ ПО ОТДЕЛОЧНЫМ РАБОТАМ
A2: ⚠ Автоматический. Не вносите данные напрямую.
A4: ПОДЗЕМНАЯ ЧАСТЬ
A5: Код | B5: Название | C5: Тип | D5: Вес ур.4 | E5: Вес ур.5 | F5: План м² | G5: Факт м² | H5: Факт % | I5: Взвеш. %
A6: 8.1.1 | B6: =СПРАВОЧНИК!C3 | C6: Главная | F6: =СПРАВОЧНИК!D3 | G6: =G7*D7+G11*D11 | H6: =IF(F6=0,0,G6/F6) | I6: =I7+I11
B7: Черновая | C7: Категория | D7: =СПРАВОЧНИК!E3 | F7: =F6 | G7: =G8*E8+G9*E9+G10*E10 | H7: =IF(F7=0,0,G7/F7) | I7: =H7*D7
B8: Пол | C8: Вид | E8: =СПРАВОЧНИК!$H$3 | F8: =F6 | G8: =SUM('ФАКТ ЧЕРН ПОДЗЕМ'!B5:B100) | H8: =IF(F8=0,0,G8/F8) | I8: =H8*E8
B9: Стены | C9: Вид | E9: =СПРАВОЧНИК!$I$3 | F9: =F6 | G9: =SUM('ФАКТ ЧЕРН ПОДЗЕМ'!C5:C100) | H9: =IF(F9=0,0,G9/F9) | I9: =H9*E9
B10: Потолок | C10: Вид | E10: =СПРАВОЧНИК!$J$3 | F10: =F6 | G10: =SUM('ФАКТ ЧЕРН ПОДЗЕМ'!D5:D100) | H10: =IF(F10=0,0,G10/F10) | I10: =H10*E10
B11: Чистовая | C11: Категория | D11: =СПРАВОЧНИК!F3 | F11: =F6 | G11: =G12*E12+G13*E13+G14*E14+G15*E15+G16*E16 | H11: =IF(F11=0,0,G11/F11) | I11: =H11*D11
B12: Пол | C12: Вид | E12: =СПРАВОЧНИК!$L$3 | F12: =F6 | G12: =SUM('ФАКТ ЧИСТ ПОДЗЕМ'!B5:B100) | H12: =IF(F12=0,0,G12/F12) | I12: =H12*E12
B13: Стены | C13: Вид | E13: =СПРАВОЧНИК!$M$3 | F13: =F6 | G13: =SUM('ФАКТ ЧИСТ ПОДЗЕМ'!C5:C100) | H13: =IF(F13=0,0,G13/F13) | I13: =H13*E13
B14: Потолок | C14: Вид | E14: =СПРАВОЧНИК!$N$3 | F14: =F6 | G14: =SUM('ФАКТ ЧИСТ ПОДЗЕМ'!D5:D100) | H14: =IF(F14=0,0,G14/F14) | I14: =H14*E14
B15: Заполн. проемов | C15: Вид | E15: =СПРАВОЧНИК!$O$3 | F15: =F6 | G15: =SUM('ФАКТ ЧИСТ ПОДЗЕМ'!E5:E100) | H15: =IF(F15=0,0,G15/F15) | I15: =H15*E15
B16: Меблировка | C16: Вид | E16: =СПРАВОЧНИК!$P$3 | F16: =F6 | G16: =SUM('ФАКТ ЧИСТ ПОДЗЕМ'!F5:F100) | H16: =IF(F16=0,0,G16/F16) | I16: =H16*E16
B17: ✓ Сумма | D17: =D7+D11
A19: 8.1.2 | B19: =СПРАВОЧНИК!C4 | C19: Главная | F19: =СПРАВОЧНИК!D4 | G19: =G20*D20+G24*D24 | H19: =IF(F19=0,0,G19/F19) | I19: =I20+I24
B20: Черновая | C20: Категория | D20: =СПРАВОЧНИК!E4 | F20: =F19 | G20: =G21*E21+G22*E22+G23*E23 | H20: =IF(F20=0,0,G20/F20) | I20: =H20*D20
B21: Пол | C21: Вид | E21: =СПРАВОЧНИК!$H$4 | F21: =F19 | G21: =SUM('ФАКТ ЧЕРН ПОДЗЕМ'!E5:E100) | H21: =IF(F21=0,0,G21/F21) | I21: =H21*E21
B22: Стены | C22: Вид | E22: =СПРАВОЧНИК!$I$4 | F22: =F19 | G22: =SUM('ФАКТ ЧЕРН ПОДЗЕМ'!F5:F100) | H22: =IF(F22=0,0,G22/F22) | I22: =H22*E22
B23: Потолок | C23: Вид | E23: =СПРАВОЧНИК!$J$4 | F23: =F19 | G23: =SUM('ФАКТ ЧЕРН ПОДЗЕМ'!G5:G100) | H23: =IF(F23=0,0,G23/F23) | I23: =H23*E23
B24: Чистовая | C24: Категория | D24: =СПРАВОЧНИК!F4 | F24: =F19 | G24: =G25*E25+G26*E26+G27*E27+G28*E28+G29*E29 | H24: =IF(F24=0,0,G24/F24) | I24: =H24*D24
B25: Пол | C25: Вид | E25: =СПРАВОЧНИК!$L$4 | F25: =F19 | G25: =SUM('ФАКТ ЧИСТ ПОДЗЕМ'!G5:G100) | H25: =IF(F25=0,0,G25/F25) | I25: =H25*E25
B26: Стены | C26: Вид | E26: =СПРАВОЧНИК!$M$4 | F26: =F19 | G26: =SUM('ФАКТ ЧИСТ ПОДЗЕМ'!H5:H100) | H26: =IF(F26=0,0,G26/F26) | I26: =H26*E26
B27: Потолок | C27: Вид | E27: =СПРАВОЧНИК!$N$4 | F27: =F19 | G27: =SUM('ФАКТ ЧИСТ ПОДЗЕМ'!I5:I100) | H27: =IF(F27=0,0,G27/F27) | I27: =H27*E27
B28: Заполн. проемов | C28: Вид | E28: =СПРАВОЧНИК!$O$4 | F28: =F19 | G28: =SUM('ФАКТ ЧИСТ ПОДЗЕМ'!J5:J100) | H28: =IF(F28=0,0,G28/F28) | I28: =H28*E28
B29: Меблировка | C29: Вид | E29: =СПРАВОЧНИК!$P$4 | F29: =F19 | G29: =SUM('ФАКТ ЧИСТ ПОДЗЕМ'!K5:K100) | H29: =IF(F29=0,0,G29/F29) | I29: =H29*E29
B30: ✓ Сумма | D30: =D20+D24
A32: 8.1.3 | B32: =СПРАВОЧНИК!C5 | C32: Главная | F32: =СПРАВОЧНИК!D5 | G32: =G33*D33+G37*D37 | H32: =IF(F32=0,0,G32/F32) | I32: =I33+I37
B33: Черновая | C33: Категория | D33: =СПРАВОЧНИК!E5 | F33: =F32 | G33: =G34*E34+G35*E35+G36*E36 | H33: =IF(F33=0,0,G33/F33) | I33: =H33*D33
B34: Пол | C34: Вид | E34: =СПРАВОЧНИК!$H$5 | F34: =F32 | G34: =SUM('ФАКТ ЧЕРН ПОДЗЕМ'!H5:H100) | H34: =IF(F34=0,0,G34/F34) | I34: =H34*E34
B35: Стены | C35: Вид | E35: =СПРАВОЧНИК!$I$5 | F35: =F32 | G35: =SUM('ФАКТ ЧЕРН ПОДЗЕМ'!I5:I100) | H35: =IF(F35=0,0,G35/F35) | I35: =H35*E35
B36: Потолок | C36: Вид | E36: =СПРАВОЧНИК!$J$5 | F36: =F32 | G36: =SUM('ФАКТ ЧЕРН ПОДЗЕМ'!J5:J100) | H36: =IF(F36=0,0,G36/F36) | I36: =H36*E36
B37: Чистовая | C37: Категория | D37: =СПРАВОЧНИК!F5 | F37: =F32 | G37: =G38*E38+G39*E39+G40*E40+G41*E41+G42*E42 | H37: =IF(F37=0,0,G37/F37) | I37: =H37*D37
B38: Пол | C38: Вид | E38: =СПРАВОЧНИК!$L$5 | F38: =F32 | G38: =SUM('ФАКТ ЧИСТ ПОДЗЕМ'!L5:L100) | H38: =IF(F38=0,0,G38/F38) | I38: =H38*E38
B39: Стены | C39: Вид | E39: =СПРАВОЧНИК!$M$5 | F39: =F32 | G39: =SUM('ФАКТ ЧИСТ ПОДЗЕМ'!M5:M100) | H39: =IF(F39=0,0,G39/F39) | I39: =H39*E39
B40: Потолок | C40: Вид | E40: =СПРАВОЧНИК!$N$5 | F40: =F32 | G40: =SUM('ФАКТ ЧИСТ ПОДЗЕМ'!N5:N100) | H40: =IF(F40=0,0,G40/F40) | I40: =H40*E40
B41: Заполн. проемов | C41: Вид | E41: =СПРАВОЧНИК!$O$5 | F41: =F32 | G41: =SUM('ФАКТ ЧИСТ ПОДЗЕМ'!O5:O100) | H41: =IF(F41=0,0,G41/F41) | I41: =H41*E41
B42: Меблировка | C42: Вид | E42: =СПРАВОЧНИК!$P$5 | F42: =F32 | G42: =SUM('ФАКТ ЧИСТ ПОДЗЕМ'!P5:P100) | H42: =IF(F42=0,0,G42/F42) | I42: =H42*E42
B43: ✓ Сумма | D43: =D33+D37
A45: 8.1.4 | B45: =СПРАВОЧНИК!C6 | C45: Главная | F45: =СПРАВОЧНИК!D6 | G45: =G46*D46+G50*D50 | H45: =IF(F45=0,0,G45/F45) | I45: =I46+I50
B46: Черновая | C46: Категория | D46: =СПРАВОЧНИК!E6 | F46: =F45 | G46: =G47*E47+G48*E48+G49*E49 | H46: =IF(F46=0,0,G46/F46) | I46: =H46*D46
B47: Пол | C47: Вид | E47: =СПРАВОЧНИК!$H$6 | F47: =F45 | G47: =SUM('ФАКТ ЧЕРН ПОДЗЕМ'!K5:K100) | H47: =IF(F47=0,0,G47/F47) | I47: =H47*E47
B48: Стены | C48: Вид | E48: =СПРАВОЧНИК!$I$6 | F48: =F45 | G48: =SUM('ФАКТ ЧЕРН ПОДЗЕМ'!L5:L100) | H48: =IF(F48=0,0,G48/F48) | I48: =H48*E48
B49: Потолок | C49: Вид | E49: =СПРАВОЧНИК!$J$6 | F49: =F45 | G49: =SUM('ФАКТ ЧЕРН ПОДЗЕМ'!M5:M100) | H49: =IF(F49=0,0,G49/F49) | I49: =H49*E49
B50: Чистовая | C50: Категория | D50: =СПРАВОЧНИК!F6 | F50: =F45 | G50: =G51*E51+G52*E52+G53*E53+G54*E54+G55*E55 | H50: =IF(F50=0,0,G50/F50) | I50: =H50*D50
B51: Пол | C51: Вид | E51: =СПРАВОЧНИК!$L$6 | F51: =F45 | G51: =SUM('ФАКТ ЧИСТ ПОДЗЕМ'!Q5:Q100) | H51: =IF(F51=0,0,G51/F51) | I51: =H51*E51
B52: Стены | C52: Вид | E52: =СПРАВОЧНИК!$M$6 | F52: =F45 | G52: =SUM('ФАКТ ЧИСТ ПОДЗЕМ'!R5:R100) | H52: =IF(F52=0,0,G52/F52) | I52: =H52*E52
B53: Потолок | C53: Вид | E53: =СПРАВОЧНИК!$N$6 | F53: =F45 | G53: =SUM('ФАКТ ЧИСТ ПОДЗЕМ'!S5:S100) | H53: =IF(F53=0,0,G53/F53) | I53: =H53*E53
B54: Заполн. проемов | C54: Вид | E54: =СПРАВОЧНИК!$O$6 | F54: =F45 | G54: =SUM('ФАКТ ЧИСТ ПОДЗЕМ'!T5:T100) | H54: =IF(F54=0,0,G54/F54) | I54: =H54*E54
B55: Меблировка | C55: Вид | E55: =СПРАВОЧНИК!$P$6 | F55: =F45 | G55: =SUM('ФАКТ ЧИСТ ПОДЗЕМ'!U5:U100) | H55: =IF(F55=0,0,G55/F55) | I55: =H55*E55
B56: ✓ Сумма | D56: =D46+D50
A58: 8.1.5 | B58: =СПРАВОЧНИК!C7 | C58: Главная | F58: =СПРАВОЧНИК!D7 | G58: =G59*D59+G63*D63 | H58: =IF(F58=0,0,G58/F58) | I58: =I59+I63
B59: Черновая | C59: Категория | D59: =СПРАВОЧНИК!E7 | F59: =F58 | G59: =G60*E60+G61*E61+G62*E62 | H59: =IF(F59=0,0,G59/F59) | I59: =H59*D59
B60: Пол | C60: Вид | E60: =СПРАВОЧНИК!$H$7 | F60: =F58 | G60: =SUM('ФАКТ ЧЕРН ПОДЗЕМ'!N5:N100) | H60: =IF(F60=0,0,G60/F60) | I60: =H60*E60
B61: Стены | C61: Вид | E61: =СПРАВОЧНИК!$I$7 | F61: =F58 | G61: =SUM('ФАКТ ЧЕРН ПОДЗЕМ'!O5:O100) | H61: =IF(F61=0,0,G61/F61) | I61: =H61*E61
B62: Потолок | C62: Вид | E62: =СПРАВОЧНИК!$J$7 | F62: =F58 | G62: =SUM('ФАКТ ЧЕРН ПОДЗЕМ'!P5:P100) | H62: =IF(F62=0,0,G62/F62) | I62: =H62*E62
B63: Чистовая | C63: Категория | D63: =СПРАВОЧНИК!F7 | F63: =F58 | G63: =G64*E64+G65*E65+G66*E66+G67*E67+G68*E68 | H63: =IF(F63=0,0,G63/F63) | I63: =H63*D63
B64: Пол | C64: Вид | E64: =СПРАВОЧНИК!$L$7 | F64: =F58 | G64: =SUM('ФАКТ ЧИСТ ПОДЗЕМ'!V5:V100) | H64: =IF(F64=0,0,G64/F64) | I64: =H64*E64
B65: Стены | C65: Вид | E65: =СПРАВОЧНИК!$M$7 | F65: =F58 | G65: =SUM('ФАКТ ЧИСТ ПОДЗЕМ'!W5:W100) | H65: =IF(F65=0,0,G65/F65) | I65: =H65*E65
B66: Потолок | C66: Вид | E66: =СПРАВОЧНИК!$N$7 | F66: =F58 | G66: =SUM('ФАКТ ЧИСТ ПОДЗЕМ'!X5:X100) | H66: =IF(F66=0,0,G66/F66) | I66: =H66*E66
B67: Заполн. проемов | C67: Вид | E67: =СПРАВОЧНИК!$O$7 | F67: =F58 | G67: =SUM('ФАКТ ЧИСТ ПОДЗЕМ'!Y5:Y100) | H67: =IF(F67=0,0,G67/F67) | I67: =H67*E67
B68: Меблировка | C68: Вид | E68: =СПРАВОЧНИК!$P$7 | F68: =F58 | G68: =SUM('ФАКТ ЧИСТ ПОДЗЕМ'!Z5:Z100) | H68: =IF(F68=0,0,G68/F68) | I68: =H68*E68
B69: ✓ Сумма | D69: =D59+D63
A71: 8.1.6 | B71: =СПРАВОЧНИК!C8 | C71: Главная | F71: =СПРАВОЧНИК!D8 | G71: =G72*D72+G76*D76 | H71: =IF(F71=0,0,G71/F71) | I71: =I72+I76
B72: Черновая | C72: Категория | D72: =СПРАВОЧНИК!E8 | F72: =F71 | G72: =G73*E73+G74*E74+G75*E75 | H72: =IF(F72=0,0,G72/F72) | I72: =H72*D72
B73: Пол | C73: Вид | E73: =СПРАВОЧНИК!$H$8 | F73: =F71 | G73: =SUM('ФАКТ ЧЕРН ПОДЗЕМ'!Q5:Q100) | H73: =IF(F73=0,0,G73/F73) | I73: =H73*E73
B74: Стены | C74: Вид | E74: =СПРАВОЧНИК!$I$8 | F74: =F71 | G74: =SUM('ФАКТ ЧЕРН ПОДЗЕМ'!R5:R100) | H74: =IF(F74=0,0,G74/F74) | I74: =H74*E74
B75: Потолок | C75: Вид | E75: =СПРАВОЧНИК!$J$8 | F75: =F71 | G75: =SUM('ФАКТ ЧЕРН ПОДЗЕМ'!S5:S100) | H75: =IF(F75=0,0,G75/F75) | I75: =H75*E75
B76: Чистовая | C76: Категория | D76: =СПРАВОЧНИК!F8 | F76: =F71 | G76: =G77*E77+G78*E78+G79*E79+G80*E80+G81*E81 | H76: =IF(F76=0,0,G76/F76) | I76: =H76*D76
B77: Пол | C77: Вид | E77: =СПРАВОЧНИК!$L$8 | F77: =F71 | G77: =SUM('ФАКТ ЧИСТ ПОДЗЕМ'!AA5:AA100) | H77: =IF(F77=0,0,G77/F77) | I77: =H77*E77
B78: Стены | C78: Вид | E78: =СПРАВОЧНИК!$M$8 | F78: =F71 | G78: =SUM('ФАКТ ЧИСТ ПОДЗЕМ'!AB5:AB100) | H78: =IF(F78=0,0,G78/F78) | I78: =H78*E78
B79: Потолок | C79: Вид | E79: =СПРАВОЧНИК!$N$8 | F79: =F71 | G79: =SUM('ФАКТ ЧИСТ ПОДЗЕМ'!AC5:AC100) | H79: =IF(F79=0,0,G79/F79) | I79: =H79*E79
B80: Заполн. проемов | C80: Вид | E80: =СПРАВОЧНИК!$O$8 | F80: =F71 | G80: =SUM('ФАКТ ЧИСТ ПОДЗЕМ'!AD5:AD100) | H80: =IF(F80=0,0,G80/F80) | I80: =H80*E80
B81: Меблировка | C81: Вид | E81: =СПРАВОЧНИК!$P$8 | F81: =F71 | G81: =SUM('ФАКТ ЧИСТ ПОДЗЕМ'!AE5:AE100) | H81: =IF(F81=0,0,G81/F81) | I81: =H81*E81
B82: ✓ Сумма | D82: =D72+D76
A84: НАДЗЕМНАЯ ЧАСТЬ — К1
A85: Код | B85: Название | C85: Тип | D85: Вес ур.4 | E85: Вес ур.5 | F85: План м² | G85: Факт м² | H85: Факт % | I85: Взвеш. %
A86: 8.2.1 | B86: =СПРАВОЧНИК!C9 | C86: Главная | F86: =СПРАВОЧНИК!D9 | G86: =G87*D87+G91*D91 | H86: =IF(F86=0,0,G86/F86) | I86: =I87+I91
B87: Черновая | C87: Категория | D87: =СПРАВОЧНИК!E9 | F87: =F86 | G87: =G88*E88+G89*E89+G90*E90 | H87: =IF(F87=0,0,G87/F87) | I87: =H87*D87
B88: Пол | C88: Вид | E88: =СПРАВОЧНИК!$H$9 | F88: =F86 | G88: =SUM('ФАКТ ЧЕРН К1'!B5:B100) | H88: =IF(F88=0,0,G88/F88) | I88: =H88*E88
B89: Стены | C89: Вид | E89: =СПРАВОЧНИК!$I$9 | F89: =F86 | G89: =SUM('ФАКТ ЧЕРН К1'!C5:C100) | H89: =IF(F89=0,0,G89/F89) | I89: =H89*E89
B90: Потолок | C90: Вид | E90: =СПРАВОЧНИК!$J$9 | F90: =F86 | G90: =SUM('ФАКТ ЧЕРН К1'!D5:D100) | H90: =IF(F90=0,0,G90/F90) | I90: =H90*E90
B91: Чистовая | C91: Категория | D91: =СПРАВОЧНИК!F9 | F91: =F86 | G91: =G92*E92+G93*E93+G94*E94+G95*E95+G96*E96 | H91: =IF(F91=0,0,G91/F91) | I91: =H91*D91
B92: Пол | C92: Вид | E92: =СПРАВОЧНИК!$L$9 | F92: =F86 | G92: =SUM('ФАКТ ЧИСТ К1'!B5:B100) | H92: =IF(F92=0,0,G92/F92) | I92: =H92*E92
B93: Стены | C93: Вид | E93: =СПРАВОЧНИК!$M$9 | F93: =F86 | G93: =SUM('ФАКТ ЧИСТ К1'!C5:C100) | H93: =IF(F93=0,0,G93/F93) | I93: =H93*E93
B94: Потолок | C94: Вид | E94: =СПРАВОЧНИК!$N$9 | F94: =F86 | G94: =SUM('ФАКТ ЧИСТ К1'!D5:D100) | H94: =IF(F94=0,0,G94/F94) | I94: =H94*E94
B95: Заполн. проемов | C95: Вид | E95: =СПРАВОЧНИК!$O$9 | F95: =F86 | G95: =SUM('ФАКТ ЧИСТ К1'!E5:E100) | H95: =IF(F95=0,0,G95/F95) | I95: =H95*E95
B96: Меблировка | C96: Вид | E96: =СПРАВОЧНИК!$P$9 | F96: =F86 | G96: =SUM('ФАКТ ЧИСТ К1'!F5:F100) | H96: =IF(F96=0,0,G96/F96) | I96: =H96*E96
B97: ✓ Сумма | D97: =D87+D91
A99: 8.2.2 | B99: =СПРАВОЧНИК!C10 | C99: Главная | F99: =СПРАВОЧНИК!D10 | G99: =G100*D100+G104*D104 | H99: =IF(F99=0,0,G99/F99) | I99: =I100+I104
B100: Черновая | C100: Категория | D100: =СПРАВОЧНИК!E10 | F100: =F99 | G100: =G101*E101+G102*E102+G103*E103 | H100: =IF(F100=0,0,G100/F100) | I100: =H100*D100
B101: Пол | C101: Вид | E101: =СПРАВОЧНИК!$H$10 | F101: =F99 | G101: =SUM('ФАКТ ЧЕРН К1'!E5:E100) | H101: =IF(F101=0,0,G101/F101) | I101: =H101*E101
B102: Стены | C102: Вид | E102: =СПРАВОЧНИК!$I$10 | F102: =F99 | G102: =SUM('ФАКТ ЧЕРН К1'!F5:F100) | H102: =IF(F102=0,0,G102/F102) | I102: =H102*E102
B103: Потолок | C103: Вид | E103: =СПРАВОЧНИК!$J$10 | F103: =F99 | G103: =SUM('ФАКТ ЧЕРН К1'!G5:G100) | H103: =IF(F103=0,0,G103/F103) | I103: =H103*E103
B104: Чистовая | C104: Категория | D104: =СПРАВОЧНИК!F10 | F104: =F99 | G104: =G105*E105+G106*E106+G107*E107+G108*E108+G109*E109 | H104: =IF(F104=0,0,G104/F104) | I104: =H104*D104
B105: Пол | C105: Вид | E105: =СПРАВОЧНИК!$L$10 | F105: =F99 | G105: =SUM('ФАКТ ЧИСТ К1'!G5:G100) | H105: =IF(F105=0,0,G105/F105) | I105: =H105*E105
B106: Стены | C106: Вид | E106: =СПРАВОЧНИК!$M$10 | F106: =F99 | G106: =SUM('ФАКТ ЧИСТ К1'!H5:H100) | H106: =IF(F106=0,0,G106/F106) | I106: =H106*E106
B107: Потолок | C107: Вид | E107: =СПРАВОЧНИК!$N$10 | F107: =F99 | G107: =SUM('ФАКТ ЧИСТ К1'!I5:I100) | H107: =IF(F107=0,0,G107/F107) | I107: =H107*E107
B108: Заполн. проемов | C108: Вид | E108: =СПРАВОЧНИК!$O$10 | F108: =F99 | G108: =SUM('ФАКТ ЧИСТ К1'!J5:J100) | H108: =IF(F108=0,0,G108/F108) | I108: =H108*E108
...

Sheet SIGNAL
A1: Дата отчета | B1: Заголовок | C1: План-факт по объемам | H1: Заголовок | I1: План-факт по объемам | N1: Заголовок | O1: План-факт по объемам | T1: Заголовок | U1: План-факт по объемам | Z1: Заголовок | AA1: План-факт по объемам | AF1: Заголовок | AG1: План-факт по объемам | AL1: Заголовок | AM1: План-факт по объемам | AR1: Заголовок | AS1: План-факт по объемам | AX1: Заголовок | AY1: План-факт по объемам | BD1: Заголовок | BE1: План-факт по объемам | BJ1: Заголовок | BK1: План-факт по объемам | BP1: Заголовок | BQ1: План-факт по объемам | BV1: Заголовок | BW1: План-факт по объемам | CB1: Заголовок | CC1: План-факт по объемам | CH1: Заголовок | CI1: План-факт по объемам | CN1: Заголовок | CO1: План-факт по объемам | CT1: Заголовок | CU1: План-факт по объемам | CZ1: Заголовок | DA1: План-факт по объемам
A2: 46202 | B2: Статус | C2: true | H2: Статус | I2: true | N2: Статус | O2: true | T2: Статус | U2: true | Z2: Статус | AA2: true | AF2: Статус | AG2: true | AL2: Статус | AM2: true | AR2: Статус | AS2: true | AX2: Статус | AY2: true | BD2: Статус | BE2: true | BJ2: Статус | BK2: true | BP2: Статус | BQ2: true | BV2: Статус | BW2: true | CB2: Статус | CC2: true | CH2: Статус | CI2: true | CN2: Статус | CO2: true | CT2: Статус | CU2: true | CZ2: Статус | DA2: true
B3: Url изображения | H3: Url изображения | N3: Url изображения | T3: Url изображения | Z3: Url изображения | AF3: Url изображения | AL3: Url изображения | AR3: Url изображения | AX3: Url изображения | BD3: Url изображения | BJ3: Url изображения | BP3: Url изображения | BV3: Url изображения | CB3: Url изображения | CH3: Url изображения | CN3: Url изображения | CT3: Url изображения | CZ3: Url изображения
B4: Тип | C4: planFact2 | H4: Тип | I4: planFact2 | N4: Тип | O4: planFact2 | T4: Тип | U4: planFact2 | Z4: Тип | AA4: planFact2 | AF4: Тип | AG4: planFact2 | AL4: Тип | AM4: planFact2 | AR4: Тип | AS4: planFact2 | AX4: Тип | AY4: planFact2 | BD4: Тип | BE4: planFact2 | BJ4: Тип | BK4: planFact2 | BP4: Тип | BQ4: planFact2 | BV4: Тип | BW4: planFact2 | CB4: Тип | CC4: planFact2 | CH4: Тип | CI4: planFact2 | CN4: Тип | CO4: planFact2 | CT4: Тип | CU4: planFact2 | CZ4: Тип | DA4: planFact2
B6: Дата | C6: =$A$2 | H6: Дата | I6: =$A$2 | N6: Дата | O6: =$A$2 | T6: Дата | U6: =$A$2 | Z6: Дата | AA6: =$A$2 | AF6: Дата | AG6: =$A$2 | AL6: Дата | AM6: =$A$2 | AR6: Дата | AS6: =$A$2 | AX6: Дата | AY6: =$A$2 | BD6: Дата | BE6: =$A$2 | BJ6: Дата | BK6: =$A$2 | BP6: Дата | BQ6: =$A$2 | BV6: Дата | BW6: =$A$2 | CB6: Дата | CC6: =$A$2 | CH6: Дата | CI6: =$A$2 | CN6: Дата | CO6: =$A$2 | CT6: Дата | CU6: =$A$2 | CZ6: Дата | DA6: =$A$2
B7: Гистограмма | C7: false | H7: Гистограмма | I7: false | N7: Гистограмма | O7: false | T7: Гистограмма | U7: false | Z7: Гистограмма | AA7: false | AF7: Гистограмма | AG7: false | AL7: Гистограмма | AM7: false | AR7: Гистограмма | AS7: false | AX7: Гистограмма | AY7: false | BD7: Гистограмма | BE7: false | BJ7: Гистограмма | BK7: false | BP7: Гистограмма | BQ7: false | BV7: Гистограмма | BW7: false | CB7: Гистограмма | CC7: false | CH7: Гистограмма | CI7: false | CN7: Гистограмма | CO7: false | CT7: Гистограмма | CU7: false | CZ7: Гистограмма | DA7: false
B8: По месяцам | C8: false | H8: По месяцам | I8: false | N8: По месяцам | O8: false | T8: По месяцам | U8: false | Z8: По месяцам | AA8: false | AF8: По месяцам | AG8: false | AL8: По месяцам | AM8: false | AR8: По месяцам | AS8: false | AX8: По месяцам | AY8: false | BD8: По месяцам | BE8: false | BJ8: По месяцам | BK8: false | BP8: По месяцам | BQ8: false | BV8: По месяцам | BW8: false | CB8: По месяцам | CC8: false | CH8: По месяцам | CI8: false | CN8: По месяцам | CO8: false | CT8: По месяцам | CU8: false | CZ8: По месяцам | DA8: false
B9: Всего | C9: =СПРАВОЧНИК!D18 | H9: Всего | I9: =СПРАВОЧНИК!D18 | N9: Всего | O9: =СПРАВОЧНИК!D18 | T9: Всего | U9: =СПРАВОЧНИК!B28+СПРАВОЧНИК!C28+СПРАВОЧНИК!D28+СПРАВОЧНИК!E28+СПРАВОЧНИК!F28+СПРАВОЧНИК!G28+СПРАВОЧНИК!H28 | Z9: Всего | AA9: =СПРАВОЧНИК!B28+СПРАВОЧНИК!C28+СПРАВОЧНИК!D28+СПРАВОЧНИК!E28+СПРАВОЧНИК!F28+СПРАВОЧНИК!G28+СПРАВОЧНИК!H28 | AF9: Всего | AG9: =СПРАВОЧНИК!B28+СПРАВОЧНИК!C28+СПРАВОЧНИК!D28+СПРАВОЧНИК!E28+СПРАВОЧНИК!F28+СПРАВОЧНИК!G28+СПРАВОЧНИК!H28 | AL9: Всего | AM9: =СПРАВОЧНИК!B29+СПРАВОЧНИК!C29+СПРАВОЧНИК!D29+СПРАВОЧНИК!E29+СПРАВОЧНИК!F29+СПРАВОЧНИК!G29+СПРАВОЧНИК!H29 | AR9: Всего | AS9: =СПРАВОЧНИК!B29+СПРАВОЧНИК!C29+СПРАВОЧНИК!D29+СПРАВОЧНИК!E29+СПРАВОЧНИК!F29+СПРАВОЧНИК!G29+СПРАВОЧНИК!H29 | AX9: Всего | AY9: =СПРАВОЧНИК!B29+СПРАВОЧНИК!C29+СПРАВОЧНИК!D29+СПРАВОЧНИК!E29+СПРАВОЧНИК!F29+СПРАВОЧНИК!G29+СПРАВОЧНИК!H29 | BD9: Всего | BE9: =СПРАВОЧНИК!B30+СПРАВОЧНИК!C30+СПРАВОЧНИК!D30+СПРАВОЧНИК!E30+СПРАВОЧНИК!F30+СПРАВОЧНИК!G30+СПРАВОЧНИК!H30 | BJ9: Всего | BK9: =СПРАВОЧНИК!B30+СПРАВОЧНИК!C30+СПРАВОЧНИК!D30+СПРАВОЧНИК!E30+СПРАВОЧНИК!F30+СПРАВОЧНИК!G30+СПРАВОЧНИК!H30 | BP9: Всего | BQ9: =СПРАВОЧНИК!B30+СПРАВОЧНИК!C30+СПРАВОЧНИК!D30+СПРАВОЧНИК!E30+СПРАВОЧНИК!F30+СПРАВОЧНИК!G30+СПРАВОЧНИК!H30 | BV9: Всего | BW9: =СПРАВОЧНИК!D19 | CB9: Всего | CC9: =СПРАВОЧНИК!D19 | CH9: Всего | CI9: =СПРАВОЧНИК!D19 | CN9: Всего | CO9: =СПРАВОЧНИК!D18+СПРАВОЧНИК!D19 | CT9: Всего | CU9: =СПРАВОЧНИК!D18+СПРАВОЧНИК!D19 | CZ9: Всего | DA9: =СПРАВОЧНИК!D18+СПРАВОЧНИК!D19
B10: Тип | C10: 8.1 Подземная часть: Общий | H10: Тип | I10: 8.1 Подземная часть: Черновая | N10: Тип | O10: 8.1 Подземная часть: Чистовая | T10: Тип | U10: 8.2 Надземная К1: Общий | Z10: Тип | AA10: 8.2 Надземная К1: Черновая | AF10: Тип | AG10: 8.2 Надземная К1: Чистовая | AL10: Тип | AM10: 8.2 Надземная К2: Общий | AR10: Тип | AS10: 8.2 Надземная К2: Черновая | AX10: Тип | AY10: 8.2 Надземная К2: Чистовая | BD10: Тип | BE10: 8.2 Надземная К3: Общий | BJ10: Тип | BK10: 8.2 Надземная К3: Черновая | BP10: Тип | BQ10: 8.2 Надземная К3: Чистовая | BV10: Тип | BW10: 8.2 Надзем. (все): Общий | CB10: Тип | CC10: 8.2 Надзем. (все): Черновая | CH10: Тип | CI10: 8.2 Надзем. (все): Чистовая | CN10: Тип | CO10: 8. Отделка общий: Общий | CT10: Тип | CU10: 8. Отделка общий: Черновая | CZ10: Тип | DA10: 8. Отделка общий: Чистовая
B11: Ед. изм. | C11: м2 | H11: Ед. изм. | I11: м2 | N11: Ед. изм. | O11: м2 | T11: Ед. изм. | U11: м2 | Z11: Ед. изм. | AA11: м2 | AF11: Ед. изм. | AG11: м2 | AL11: Ед. изм. | AM11: м2 | AR11: Ед. изм. | AS11: м2 | AX11: Ед. изм. | AY11: м2 | BD11: Ед. изм. | BE11: м2 | BJ11: Ед. изм. | BK11: м2 | BP11: Ед. изм. | BQ11: м2 | BV11: Ед. изм. | BW11: м2 | CB11: Ед. изм. | CC11: м2 | CH11: Ед. изм. | CI11: м2 | CN11: Ед. изм. | CO11: м2 | CT11: Ед. изм. | CU11: м2 | CZ11: Ед. изм. | DA11: м2
B12: Учитывать дату карточки | C12: true | H12: Учитывать дату карточки | I12: true | N12: Учитывать дату карточки | O12: true | T12: Учитывать дату карточки | U12: true | Z12: Учитывать дату карточки | AA12: true | AF12: Учитывать дату карточки | AG12: true | AL12: Учитывать дату карточки | AM12: true | AR12: Учитывать дату карточки | AS12: true | AX12: Учитывать дату карточки | AY12: true | BD12: Учитывать дату карточки | BE12: true | BJ12: Учитывать дату карточки | BK12: true | BP12: Учитывать дату карточки | BQ12: true | BV12: Учитывать дату карточки | BW12: true | CB12: Учитывать дату карточки | CC12: true | CH12: Учитывать дату карточки | CI12: true | CN12: Учитывать дату карточки | CO12: true | CT12: Учитывать дату карточки | CU12: true | CZ12: Учитывать дату карточки | DA12: true
B13: Данные | H13: Данные | N13: Данные | T13: Данные | Z13: Данные | AF13: Данные | AL13: Данные | AR13: Данные | AX13: Данные | BD13: Данные | BJ13: Данные | BP13: Данные | BV13: Данные | CB13: Данные | CH13: Данные | CN13: Данные | CT13: Данные | CZ13: Данные
B14: =$A$2 | C14: =СПРАВОЧНИК!$E$3*('ПЛАН ЧЕРН ПОДЗЕМ'!B5*СПРАВОЧНИК!$H$3+'ПЛАН ЧЕРН ПОДЗЕМ'!C5*СПРАВОЧНИК!$I$3+'ПЛАН ЧЕРН ПОДЗЕМ'!D5*СПРАВОЧНИК!$J$3)+СПРАВОЧНИК!$F$3*('ПЛАН ЧИСТ ПОДЗЕМ'!B5*СПРАВОЧНИК!$L$3+'ПЛАН ЧИСТ ПОДЗЕМ'!C5*СПРАВОЧНИК!$M$3+'ПЛАН ЧИСТ ПОДЗЕМ'!D5*СПРАВОЧНИК!$N$3+'ПЛАН ЧИСТ ПОДЗЕМ'!E5*СПРАВОЧНИК!$O$3+'ПЛАН ЧИСТ ПОДЗЕМ'!F5*СПРАВОЧНИК!$P$3)+СПРАВОЧНИК!$E$4*('ПЛАН ЧЕРН ПОДЗЕМ'!E5*СПРАВОЧНИК!$H$4+'ПЛАН ЧЕРН ПОДЗЕМ'!F5*СПРАВОЧНИК!$I$4+'ПЛАН ЧЕРН ПОДЗЕМ'!G5*СПРАВОЧНИК!$J$4)+СПРАВОЧНИК!$F$4*('ПЛАН ЧИСТ ПОДЗЕМ'!G5*СПРАВОЧНИК!$L$4+'ПЛАН ЧИСТ ПОДЗЕМ'!H5*СПРАВОЧНИК!$M$4+'ПЛАН ЧИСТ ПОДЗЕМ'!I5*СПРАВОЧНИК!$N$4+'ПЛАН ЧИСТ ПОДЗЕМ'!J5*СПРАВОЧНИК!$O$4+'ПЛАН ЧИСТ ПОДЗЕМ'!K5*СПРАВОЧНИК!$P$4)+СПРАВОЧНИК!$E$5*('ПЛАН ЧЕРН ПОДЗЕМ'!H5*СПРАВОЧНИК!$H$5+'ПЛАН ЧЕРН ПОДЗЕМ'!I5*СПРАВОЧНИК!$I$5+'ПЛАН ЧЕРН ПОДЗЕМ'!J5*СПРАВОЧНИК!$J$5)+СПРАВОЧНИК!$F$5*('ПЛАН ЧИСТ ПОДЗЕМ'!L5*СПРАВОЧНИК!$L$5+'ПЛАН ЧИСТ ПОДЗЕМ'!M5*СПРАВОЧНИК!$M$5+'ПЛАН ЧИСТ ПОДЗЕМ'!N5*СПРАВОЧНИК!$N$5+'ПЛАН ЧИСТ ПОДЗЕМ'!O5*СПРАВОЧНИК!$O$5+'ПЛАН ЧИСТ ПОДЗЕМ'!P5*СПРАВОЧНИК!$P$5)+СПРАВОЧНИК!$E$6*('ПЛАН ЧЕРН ПОДЗЕМ'!K5*СПРАВОЧНИК!$H$6+'ПЛАН ЧЕРН ПОДЗЕМ'!L5*СПРАВОЧНИК!$I$6+'ПЛАН ЧЕРН ПОДЗЕМ'!M5*СПРАВОЧНИК!$J$6)+СПРАВОЧНИК!$F$6*('ПЛАН ЧИСТ ПОДЗЕМ'!Q5*СПРАВОЧНИК!$L$6+'ПЛАН ЧИСТ ПОДЗЕМ'!R5*СПРАВОЧНИК!$M$6+'ПЛАН ЧИСТ ПОДЗЕМ'!S5*СПРАВОЧНИК!$N$6+'ПЛАН ЧИСТ ПОДЗЕМ'!T5*СПРАВОЧНИК!$O$6+'ПЛАН ЧИСТ ПОДЗЕМ'!U5*СПРАВОЧНИК!$P$6)+СПРАВОЧНИК!$E$7*('ПЛАН ЧЕРН ПОДЗЕМ'!N5*СПРАВОЧНИК!$H$7+'ПЛАН ЧЕРН ПОДЗЕМ'!O5*СПРАВОЧНИК!$I$7+'ПЛАН ЧЕРН ПОДЗЕМ'!P5*СПРАВОЧНИК!$J$7)+СПРАВОЧНИК!$F$7*('ПЛАН ЧИСТ ПОДЗЕМ'!V5*СПРАВОЧНИК!$L$7+'ПЛАН ЧИСТ ПОДЗЕМ'!W5*СПРАВОЧНИК!$M$7+'ПЛАН ЧИСТ ПОДЗЕМ'!X5*СПРАВОЧНИК!$N$7+'ПЛАН ЧИСТ ПОДЗЕМ'!Y5*СПРАВОЧНИК!$O$7+'ПЛАН ЧИСТ ПОДЗЕМ'!Z5*СПРАВОЧНИК!$P$7)+СПРАВОЧНИК!$E$8*('ПЛАН ЧЕРН ПОДЗЕМ'!Q5*СПРАВОЧНИК!$H$8+'ПЛАН ЧЕРН ПОДЗЕМ'!R5*СПРАВОЧНИК!$I$8+'ПЛАН ЧЕРН ПОДЗЕМ'!S5*СПРАВОЧНИК!$J$8)+СПРАВОЧНИК!$F$8*('ПЛАН ЧИСТ ПОДЗЕМ'!AA5*СПРАВОЧНИК!$L$8+'ПЛАН ЧИСТ ПОДЗЕМ'!AB5*СПРАВОЧНИК!$M$8+'ПЛАН ЧИСТ ПОДЗЕМ'!AC5*СПРАВОЧНИК!$N$8+'ПЛАН ЧИСТ ПОДЗЕМ'!AD5*СПРАВОЧНИК!$O$8+'ПЛАН ЧИСТ ПОДЗЕМ'!AE5*СПРАВОЧНИК!$P$8) | D14: =СПРАВОЧНИК!$E$3*('ФАКТ ЧЕРН ПОДЗЕМ'!B5*СПРАВОЧНИК!$H$3+'ФАКТ ЧЕРН ПОДЗЕМ'!C5*СПРАВОЧНИК!$I$3+'ФАКТ ЧЕРН ПОДЗЕМ'!D5*СПРАВОЧНИК!$J$3)+СПРАВОЧНИК!$F$3*('ФАКТ ЧИСТ ПОДЗЕМ'!B5*СПРАВОЧНИК!$L$3+'ФАКТ ЧИСТ ПОДЗЕМ'!C5*СПРАВОЧНИК!$M$3+'ФАКТ ЧИСТ ПОДЗЕМ'!D5*СПРАВОЧНИК!$N$3+'ФАКТ ЧИСТ ПОДЗЕМ'!E5*СПРАВОЧНИК!$O$3+'ФАКТ ЧИСТ ПОДЗЕМ'!F5*СПРАВОЧНИК!$P$3)+СПРАВОЧНИК!$E$4*('ФАКТ ЧЕРН ПОДЗЕМ'!E5*СПРАВОЧНИК!$H$4+'ФАКТ ЧЕРН ПОДЗЕМ'!F5*СПРАВОЧНИК!$I$4+'ФАКТ ЧЕРН ПОДЗЕМ'!G5*СПРАВОЧНИК!$J$4)+СПРАВОЧНИК!$F$4*('ФАКТ ЧИСТ ПОДЗЕМ'!G5*СПРАВОЧНИК!$L$4+'ФАКТ ЧИСТ ПОДЗЕМ'!H5*СПРАВОЧНИК!$M$4+'ФАКТ ЧИСТ ПОДЗЕМ'!I5*СПРАВОЧНИК!$N$4+'ФАКТ ЧИСТ ПОДЗЕМ'!J5*СПРАВОЧНИК!$O$4+'ФАКТ ЧИСТ ПОДЗЕМ'!K5*СПРАВОЧНИК!$P$4)+СПРАВОЧНИК!$E$5*('ФАКТ ЧЕРН ПОДЗЕМ'!H5*СПРАВОЧНИК!$H$5+'ФАКТ ЧЕРН ПОДЗЕМ'!I5*СПРАВОЧНИК!$I$5+'ФАКТ ЧЕРН ПОДЗЕМ'!J5*СПРАВОЧНИК!$J$5)+СПРАВОЧНИК!$F$5*('ФАКТ ЧИСТ ПОДЗЕМ'!L5*СПРАВОЧНИК!$L$5+'ФАКТ ЧИСТ ПОДЗЕМ'!M5*СПРАВОЧНИК!$M$5+'ФАКТ ЧИСТ ПОДЗЕМ'!N5*СПРАВОЧНИК!$N$5+'ФАКТ ЧИСТ ПОДЗЕМ'!O5*СПРАВОЧНИК!$O$5+'ФАКТ ЧИСТ ПОДЗЕМ'!P5*СПРАВОЧНИК!$P$5)+СПРАВОЧНИК!$E$6*('ФАКТ ЧЕРН ПОДЗЕМ'!K5*СПРАВОЧНИК!$H$6+'ФАКТ ЧЕРН ПОДЗЕМ'!L5*СПРАВОЧНИК!$I$6+'ФАКТ ЧЕРН ПОДЗЕМ'!M5*СПРАВОЧНИК!$J$6)+СПРАВОЧНИК!$F$6*('ФАКТ ЧИСТ ПОДЗЕМ'!Q5*СПРАВОЧНИК!$L$6+'ФАКТ ЧИСТ ПОДЗЕМ'!R5*СПРАВОЧНИК!$M$6+'ФАКТ ЧИСТ ПОДЗЕМ'!S5*СПРАВОЧНИК!$N$6+'ФАКТ ЧИСТ ПОДЗЕМ'!T5*СПРАВОЧНИК!$O$6+'ФАКТ ЧИСТ ПОДЗЕМ'!U5*СПРАВОЧНИК!$P$6)+СПРАВОЧНИК!$E$7*('ФАКТ ЧЕРН ПОДЗЕМ'!N5*СПРАВОЧНИК!$H$7+'ФАКТ ЧЕРН ПОДЗЕМ'!O5*СПРАВОЧНИК!$I$7+'ФАКТ ЧЕРН ПОДЗЕМ'!P5*СПРАВОЧНИК!$J$7)+СПРАВОЧНИК!$F$7*('ФАКТ ЧИСТ ПОДЗЕМ'!V5*СПРАВОЧНИК!$L$7+'ФАКТ ЧИСТ ПОДЗЕМ'!W5*СПРАВОЧНИК!$M$7+'ФАКТ ЧИСТ ПОДЗЕМ'!X5*СПРАВОЧНИК!$N$7+'ФАКТ ЧИСТ ПОДЗЕМ'!Y5*СПРАВОЧНИК!$O$7+'ФАКТ ЧИСТ ПОДЗЕМ'!Z5*СПРАВОЧНИК!$P$7)+СПРАВОЧНИК!$E$8*('ФАКТ ЧЕРН ПОДЗЕМ'!Q5*СПРАВОЧНИК!$H$8+'ФАКТ ЧЕРН ПОДЗЕМ'!R5*СПРАВОЧНИК!$I$8+'ФАКТ ЧЕРН ПОДЗЕМ'!S5*СПРАВОЧНИК!$J$8)+СПРАВОЧНИК!$F$8*('ФАКТ ЧИСТ ПОДЗЕМ'!AA5*СПРАВОЧНИК!$L$8+'ФАКТ ЧИСТ ПОДЗЕМ'!AB5*СПРАВОЧНИК!$M$8+'ФАКТ ЧИСТ ПОДЗЕМ'!AC5*СПРАВОЧНИК!$N$8+'ФАКТ ЧИСТ ПОДЗЕМ'!AD5*СПРАВОЧНИК!$O$8+'ФАКТ ЧИСТ ПОДЗЕМ'!AE5*СПРАВОЧНИК!$P$8) | H14: =$A$2 | I14: ='ПЛАН ЧЕРН ПОДЗЕМ'!B5*СПРАВОЧНИК!$H$3+'ПЛАН ЧЕРН ПОДЗЕМ'!C5*СПРАВОЧНИК!$I$3+'ПЛАН ЧЕРН ПОДЗЕМ'!D5*СПРАВОЧНИК!$J$3+'ПЛАН ЧЕРН ПОДЗЕМ'!E5*СПРАВОЧНИК!$H$4+'ПЛАН ЧЕРН ПОДЗЕМ'!F5*СПРАВОЧНИК!$I$4+'ПЛАН ЧЕРН ПОДЗЕМ'!G5*СПРАВОЧНИК!$J$4+'ПЛАН ЧЕРН ПОДЗЕМ'!H5*СПРАВОЧНИК!$H$5+'ПЛАН ЧЕРН ПОДЗЕМ'!I5*СПРАВОЧНИК!$I$5+'ПЛАН ЧЕРН ПОДЗЕМ'!J5*СПРАВОЧНИК!$J$5+'ПЛАН ЧЕРН ПОДЗЕМ'!K5*СПРАВОЧНИК!$H$6+'ПЛАН ЧЕРН ПОДЗЕМ'!L5*СПРАВОЧНИК!$I$6+'ПЛАН ЧЕРН ПОДЗЕМ'!M5*СПРАВОЧНИК!$J$6+'ПЛАН ЧЕРН ПОДЗЕМ'!N5*СПРАВОЧНИК!$H$7+'ПЛАН ЧЕРН ПОДЗЕМ'!O5*СПРАВОЧНИК!$I$7+'ПЛАН ЧЕРН ПОДЗЕМ'!P5*СПРАВОЧНИК!$J$7+'ПЛАН ЧЕРН ПОДЗЕМ'!Q5*СПРАВОЧНИК!$H$8+'ПЛАН ЧЕРН ПОДЗЕМ'!R5*СПРАВОЧНИК!$I$8+'ПЛАН ЧЕРН ПОДЗЕМ'!S5*СПРАВОЧНИК!$J$8 | J14: =('ФАКТ ЧЕРН ПОДЗЕМ'!B5)*СПРАВОЧНИК!$H$3+('ФАКТ ЧЕРН ПОДЗЕМ'!C5)*СПРАВОЧНИК!$I$3+('ФАКТ ЧЕРН ПОДЗЕМ'!D5)*СПРАВОЧНИК!$J$3+('ФАКТ ЧЕРН ПОДЗЕМ'!E5)*СПРАВОЧНИК!$H$4+('ФАКТ ЧЕРН ПОДЗЕМ'!F5)*СПРАВОЧНИК!$I$4+('ФАКТ ЧЕРН ПОДЗЕМ'!G5)*СПРАВОЧНИК!$J$4+('ФАКТ ЧЕРН ПОДЗЕМ'!H5)*СПРАВОЧНИК!$H$5+('ФАКТ ЧЕРН ПОДЗЕМ'!I5)*СПРАВОЧНИК!$I$5+('ФАКТ ЧЕРН ПОДЗЕМ'!J5)*СПРАВОЧНИК!$J$5+('ФАКТ ЧЕРН ПОДЗЕМ'!K5)*СПРАВОЧНИК!$H$6+('ФАКТ ЧЕРН ПОДЗЕМ'!L5)*СПРАВОЧНИК!$I$6+('ФАКТ ЧЕРН ПОДЗЕМ'!M5)*СПРАВОЧНИК!$J$6+('ФАКТ ЧЕРН ПОДЗЕМ'!N5)*СПРАВОЧНИК!$H$7+('ФАКТ ЧЕРН ПОДЗЕМ'!O5)*СПРАВОЧНИК!$I$7+('ФАКТ ЧЕРН ПОДЗЕМ'!P5)*СПРАВОЧНИК!$J$7+('ФАКТ ЧЕРН ПОДЗЕМ'!Q5)*СПРАВОЧНИК!$H$8+('ФАКТ ЧЕРН ПОДЗЕМ'!R5)*СПРАВОЧНИК!$I$8+('ФАКТ ЧЕРН ПОДЗЕМ'!S5)*СПРАВОЧНИК!$J$8 | N14: =$A$2 | O14: ='ПЛАН ЧИСТ ПОДЗЕМ'!B5*СПРАВОЧНИК!$L$3+'ПЛАН ЧИСТ ПОДЗЕМ'!C5*СПРАВОЧНИК!$M$3+'ПЛАН ЧИСТ ПОДЗЕМ'!D5*СПРАВОЧНИК!$N$3+'ПЛАН ЧИСТ ПОДЗЕМ'!E5*СПРАВОЧНИК!$O$3+'ПЛАН ЧИСТ ПОДЗЕМ'!F5*СПРАВОЧНИК!$P$3+'ПЛАН ЧИСТ ПОДЗЕМ'!G5*СПРАВОЧНИК!$L$4+'ПЛАН ЧИСТ ПОДЗЕМ'!H5*СПРАВОЧНИК!$M$4+'ПЛАН ЧИСТ ПОДЗЕМ'!I5*СПРАВОЧНИК!$N$4+'ПЛАН ЧИСТ ПОДЗЕМ'!J5*СПРАВОЧНИК!$O$4+'ПЛАН ЧИСТ ПОДЗЕМ'!K5*СПРАВОЧНИК!$P$4+'ПЛАН ЧИСТ ПОДЗЕМ'!L5*СПРАВОЧНИК!$L$5+'ПЛАН ЧИСТ ПОДЗЕМ'!M5*СПРАВОЧНИК!$M$5+'ПЛАН ЧИСТ ПОДЗЕМ'!N5*СПРАВОЧНИК!$N$5+'ПЛАН ЧИСТ ПОДЗЕМ'!O5*СПРАВОЧНИК!$O$5+'ПЛАН ЧИСТ ПОДЗЕМ'!P5*СПРАВОЧНИК!$P$5+'ПЛАН ЧИСТ ПОДЗЕМ'!Q5*СПРАВОЧНИК!$L$6+'ПЛАН ЧИСТ ПОДЗЕМ'!R5*СПРАВОЧНИК!$M$6+'ПЛАН ЧИСТ ПОДЗЕМ'!S5*СПРАВОЧНИК!$N$6+'ПЛАН ЧИСТ ПОДЗЕМ'!T5*СПРАВОЧНИК!$O$6+'ПЛАН ЧИСТ ПОДЗЕМ'!U5*СПРАВОЧНИК!$P$6+'ПЛАН ЧИСТ ПОДЗЕМ'!V5*СПРАВОЧНИК!$L$7+'ПЛАН ЧИСТ ПОДЗЕМ'!W5*СПРАВОЧНИК!$M$7+'ПЛАН ЧИСТ ПОДЗЕМ'!X5*СПРАВОЧНИК!$N$7+'ПЛАН ЧИСТ ПОДЗЕМ'!Y5*СПРАВОЧНИК!$O$7+'ПЛАН ЧИСТ ПОДЗЕМ'!Z5*СПРАВОЧНИК!$P$7+'ПЛАН ЧИСТ ПОДЗЕМ'!AA5*СПРАВОЧНИК!$L$8+'ПЛАН ЧИСТ ПОДЗЕМ'!AB5*СПРАВОЧНИК!$M$8+'ПЛАН ЧИСТ ПОДЗЕМ'!AC5*СПРАВОЧНИК!$N$8+'ПЛАН ЧИСТ ПОДЗЕМ'!AD5*СПРАВОЧНИК!$O$8+'ПЛАН ЧИСТ ПОДЗЕМ'!AE5*СПРАВОЧНИК!$P$8 | P14: =('ФАКТ ЧИСТ ПОДЗЕМ'!B5)*СПРАВОЧНИК!$L$3+('ФАКТ ЧИСТ ПОДЗЕМ'!C5)*СПРАВОЧНИК!$M$3+('ФАКТ ЧИСТ ПОДЗЕМ'!D5)*СПРАВОЧНИК!$N$3+('ФАКТ ЧИСТ ПОДЗЕМ'!E5)*СПРАВОЧНИК!$O$3+('ФАКТ ЧИСТ ПОДЗЕМ'!F5)*СПРАВОЧНИК!$P$3+('ФАКТ ЧИСТ ПОДЗЕМ'!G5)*СПРАВОЧНИК!$L$4+('ФАКТ ЧИСТ ПОДЗЕМ'!H5)*СПРАВОЧНИК!$M$4+('ФАКТ ЧИСТ ПОДЗЕМ'!I5)*СПРАВОЧНИК!$N$4+('ФАКТ ЧИСТ ПОДЗЕМ'!J5)*СПРАВОЧНИК!$O$4+('ФАКТ ЧИСТ ПОДЗЕМ'!K5)*СПРАВОЧНИК!$P$4+('ФАКТ ЧИСТ ПОДЗЕМ'!L5)*СПРАВОЧНИК!$L$5+('ФАКТ ЧИСТ ПОДЗЕМ'!M5)*СПРАВОЧНИК!$M$5+('ФАКТ ЧИСТ ПОДЗЕМ'!N5)*СПРАВОЧНИК!$N$5+('ФАКТ ЧИСТ ПОДЗЕМ'!O5)*СПРАВОЧНИК!$O$5+('ФАКТ ЧИСТ ПОДЗЕМ'!P5)*СПРАВОЧНИК!$P$5+('ФАКТ ЧИСТ ПОДЗЕМ'!Q5)*СПРАВОЧНИК!$L$6+('ФАКТ ЧИСТ ПОДЗЕМ'!R5)*СПРАВОЧНИК!$M$6+('ФАКТ ЧИСТ ПОДЗЕМ'!S5)*СПРАВОЧНИК!$N$6+('ФАКТ ЧИСТ ПОДЗЕМ'!T5)*СПРАВОЧНИК!$O$6+('ФАКТ ЧИСТ ПОДЗЕМ'!U5)*СПРАВОЧНИК!$P$6+('ФАКТ ЧИСТ ПОДЗЕМ'!V5)*СПРАВОЧНИК!$L$7+('ФАКТ ЧИСТ ПОДЗЕМ'!W5)*СПРАВОЧНИК!$M$7+('ФАКТ ЧИСТ ПОДЗЕМ'!X5)*СПРАВОЧНИК!$N$7+('ФАКТ ЧИСТ ПОДЗЕМ'!Y5)*СПРАВОЧНИК!$O$7+('ФАКТ ЧИСТ ПОДЗЕМ'!Z5)*СПРАВОЧНИК!$P$7+('ФАКТ ЧИСТ ПОДЗЕМ'!AA5)*СПРАВОЧНИК!$L$8+('ФАКТ ЧИСТ ПОДЗЕМ'!AB5)*СПРАВОЧНИК!$M$8+('ФАКТ ЧИСТ ПОДЗЕМ'!AC5)*СПРАВОЧНИК!$N$8+('ФАКТ ЧИСТ ПОДЗЕМ'!AD5)*СПРАВОЧНИК!$O$8+('ФАКТ ЧИСТ ПОДЗЕМ'!AE5)*СПРАВОЧНИК!$P$8 | T14: =$A$2 | U14: =СПРАВОЧНИК!$E$9*('ПЛАН ЧЕРН К1'!B5*СПРАВОЧНИК!$H$9+'ПЛАН ЧЕРН К1'!C5*СПРАВОЧНИК!$I$9+'ПЛАН ЧЕРН К1'!D5*СПРАВОЧНИК!$J$9)+СПРАВОЧНИК!$F$9*('ПЛАН ЧИСТ К1'!B5*СПРАВОЧНИК!$L$9+'ПЛАН ЧИСТ К1'!C5*СПРАВОЧНИК!$M$9+'ПЛАН ЧИСТ К1'!D5*СПРАВОЧНИК!$N$9+'ПЛАН ЧИСТ К1'!E5*СПРАВОЧНИК!$O$9+'ПЛАН ЧИСТ К1'!F5*СПРАВОЧНИК!$P$9)+СПРАВОЧНИК!$E$10*('ПЛАН ЧЕРН К1'!E5*СПРАВОЧНИК!$H$10+'ПЛАН ЧЕРН К1'!F5*СПРАВОЧНИК!$I$10+'ПЛАН ЧЕРН К1'!G5*СПРАВОЧНИК!$J$10)+СПРАВОЧНИК!$F$10*('ПЛАН ЧИСТ К1'!G5*СПРАВОЧНИК!$L$10+'ПЛАН ЧИСТ К1'!H5*СПРАВОЧНИК!$M$10+'ПЛАН ЧИСТ К1'!I5*СПРАВОЧНИК!$N$10+'ПЛАН ЧИСТ К1'!J5*СПРАВОЧНИК!$O$10+'ПЛАН ЧИСТ К1'!K5*СПРАВОЧНИК!$P$10)+СПРАВОЧНИК!$E$11*('ПЛАН ЧЕРН К1'!H5*СПРАВОЧНИК!$H$11+'ПЛАН ЧЕРН К1'!I5*СПРАВОЧНИК!$I$11+'ПЛАН ЧЕРН К1'!J5*СПРАВОЧНИК!$J$11)+СПРАВОЧНИК!$F$11*('ПЛАН ЧИСТ К1'!L5*СПРАВОЧНИК!$L$11+'ПЛАН ЧИСТ К1'!M5*СПРАВОЧНИК!$M$11+'ПЛАН ЧИСТ К1'!N5*СПРАВОЧНИК!$N$11+'ПЛАН ЧИСТ К1'!O5*СПРАВОЧНИК!$O$11+'ПЛАН ЧИСТ К1'!P5*СПРАВОЧНИК!$P$11)+СПРАВОЧНИК!$E$12*('ПЛАН ЧЕРН К1'!K5*СПРАВОЧНИК!$H$12+'ПЛАН ЧЕРН К1'!L5*СПРАВОЧНИК!$I$12+'ПЛАН ЧЕРН К1'!M5*СПРАВОЧНИК!$J$12)+СПРАВОЧНИК!$F$12*('ПЛАН ЧИСТ К1'!Q5*СПРАВОЧНИК!$L$12+'ПЛАН ЧИСТ К1'!R5*СПРАВОЧНИК!$M$12+'ПЛАН ЧИСТ К1'!S5*СПРАВОЧНИК!$N$12+'ПЛАН ЧИСТ К1'!T5*СПРАВОЧНИК!$O$12+'ПЛАН ЧИСТ К1'!U5*СПРАВОЧНИК!$P$12)+СПРАВОЧНИК!$E$13*('ПЛАН ЧЕРН К1'!N5*СПРАВОЧНИК!$H$13+'ПЛАН ЧЕРН К1'!O5*СПРАВОЧНИК!$I$13+'ПЛАН ЧЕРН К1'!P5*СПРАВОЧНИК!$J$13)+СПРАВОЧНИК!$F$13*('ПЛАН ЧИСТ К1'!V5*СПРАВОЧНИК!$L$13+'ПЛАН ЧИСТ К1'!W5*СПРАВОЧНИК!$M$13+'ПЛАН ЧИСТ К1'!X5*СПРАВОЧНИК!$N$13+'ПЛАН ЧИСТ К1'!Y5*СПРАВОЧНИК!$O$13+'ПЛАН ЧИСТ К1'!Z5*СПРАВОЧНИК!$P$13)+СПРАВОЧНИК!$E$14*('ПЛАН ЧЕРН К1'!Q5*СПРАВОЧНИК!$H$14+'ПЛАН ЧЕРН К1'!R5*СПРАВОЧНИК!$I$14+'ПЛАН ЧЕРН К1'!S5*СПРАВОЧНИК!$J$14)+СПРАВОЧНИК!$F$14*('ПЛАН ЧИСТ К1'!AA5*СПРАВОЧНИК!$L$14+'ПЛАН ЧИСТ К1'!AB5*СПРАВОЧНИК!$M$14+'ПЛАН ЧИСТ К1'!AC5*СПРАВОЧНИК!$N$14+'ПЛАН ЧИСТ К1'!AD5*СПРАВОЧНИК!$O$14+'ПЛАН ЧИСТ К1'!AE5*СПРАВОЧНИК!$P$14)+СПРАВОЧНИК!$E$15*('ПЛАН ЧЕРН К1'!T5*СПРАВОЧНИК!$H$15+'ПЛАН ЧЕРН К1'!U5*СПРАВОЧНИК!$I$15+'ПЛАН ЧЕРН К1'!V5*СПРАВОЧНИК!$J$15)+СПРАВОЧНИК!$F$15*('ПЛАН ЧИСТ К1'!AF5*СПРАВОЧНИК!$L$15+'ПЛАН ЧИСТ К1'!AG5*СПРАВОЧНИК!$M$15+'ПЛАН ЧИСТ К1'!AH5*СПРАВОЧНИК!$N$15+'ПЛАН ЧИСТ К1'!AI5*СПРАВОЧНИК!$O$15+'ПЛАН ЧИСТ К1'!AJ5*СПРАВОЧНИК!$P$15) | V14: =СПРАВОЧНИК!$E$9*('ФАКТ ЧЕРН К1'!B5*СПРАВОЧНИК!$H$9+'ФАКТ ЧЕРН К1'!C5*СПРАВОЧНИК!$I$9+'ФАКТ ЧЕРН К1'!D5*СПРАВОЧНИК!$J$9)+СПРАВОЧНИК!$F$9*('ФАКТ ЧИСТ К1'!B5*СПРАВОЧНИК!$L$9+'ФАКТ ЧИСТ К1'!C5*СПРАВОЧНИК!$M$9+'ФАКТ ЧИСТ К1'!D5*СПРАВОЧНИК!$N$9+'ФАКТ ЧИСТ К1'!E5*СПРАВОЧНИК!$O$9+'ФАКТ ЧИСТ К1'!F5*СПРАВОЧНИК!$P$9)+СПРАВОЧНИК!$E$10*('ФАКТ ЧЕРН К1'!E5*СПРАВОЧНИК!$H$10+'ФАКТ ЧЕРН К1'!F5*СПРАВОЧНИК!$I$10+'ФАКТ ЧЕРН К1'!G5*СПРАВОЧНИК!$J$10)+СПРАВОЧНИК!$F$10*('ФАКТ ЧИСТ К1'!G5*СПРАВОЧНИК!$L$10+'ФАКТ ЧИСТ К1'!H5*СПРАВОЧНИК!$M$10+'ФАКТ ЧИСТ К1'!I5*СПРАВОЧНИК!$N$10+'ФАКТ ЧИСТ К1'!J5*СПРАВОЧНИК!$O$10+'ФАКТ ЧИСТ К1'!K5*СПРАВОЧНИК!$P$10)+СПРАВОЧНИК!$E$11*('ФАКТ ЧЕРН К1'!H5*СПРАВОЧНИК!$H$11+'ФАКТ ЧЕРН К1'!I5*СПРАВОЧНИК!$I$11+'ФАКТ ЧЕРН К1'!J5*СПРАВОЧНИК!$J$11)+СПРАВОЧНИК!$F$11*('ФАКТ ЧИСТ К1'!L5*СПРАВОЧНИК!$L$11+'ФАКТ ЧИСТ К1'!M5*СПРАВОЧНИК!$M$11+'ФАКТ ЧИСТ К1'!N5*СПРАВОЧНИК!$N$11+'ФАКТ ЧИСТ К1'!O5*СПРАВОЧНИК!$O$11+'ФАКТ ЧИСТ К1'!P5*СПРАВОЧНИК!$P$11)+СПРАВОЧНИК!$E$12*('ФАКТ ЧЕРН К1'!K5*СПРАВОЧНИК!$H$12+'ФАКТ ЧЕРН К1'!L5*СПРАВОЧНИК!$I$12+'ФАКТ ЧЕРН К1'!M5*СПРАВОЧНИК!$J$12)+СПРАВОЧНИК!$F$12*('ФАКТ ЧИСТ К1'!Q5*СПРАВОЧНИК!$L$12+'ФАКТ ЧИСТ К1'!R5*СПРАВОЧНИК!$M$12+'ФАКТ ЧИСТ К1'!S5*СПРАВОЧНИК!$N$12+'ФАКТ ЧИСТ К1'!T5*СПРАВОЧНИК!$O$12+'ФАКТ ЧИСТ К1'!U5*СПРАВОЧНИК!$P$12)+СПРАВОЧНИК!$E$13*('ФАКТ ЧЕРН К1'!N5*СПРАВОЧНИК!$H$13+'ФАКТ ЧЕРН К1'!O5*СПРАВОЧНИК!$I$13+'ФАКТ ЧЕРН К1'!P5*СПРАВОЧНИК!$J$13)+СПРАВОЧНИК!$F$13*('ФАКТ ЧИСТ К1'!V5*СПРАВОЧНИК!$L$13+'ФАКТ ЧИСТ К1'!W5*СПРАВОЧНИК!$M$13+'ФАКТ ЧИСТ К1'!X5*СПРАВОЧНИК!$N$13+'ФАКТ ЧИСТ К1'!Y5*СПРАВОЧНИК!$O$13+'ФАКТ ЧИСТ К1'!Z5*СПРАВОЧНИК!$P$13)+СПРАВОЧНИК!$E$14*('ФАКТ ЧЕРН К1'!Q5*СПРАВОЧНИК!$H$14+'ФАКТ ЧЕРН К1'!R5*СПРАВОЧНИК!$I$14+'ФАКТ ЧЕРН К1'!S5*СПРАВОЧНИК!$J$14)+СПРАВОЧНИК!$F$14*('ФАКТ ЧИСТ К1'!AA5*СПРАВОЧНИК!$L$14+'ФАКТ ЧИСТ К1'!AB5*СПРАВОЧНИК!$M$14+'ФАКТ ЧИСТ К1'!AC5*СПРАВОЧНИК!$N$14+'ФАКТ ЧИСТ К1'!AD5*СПРАВОЧНИК!$O$14+'ФАКТ ЧИСТ К1'!AE5*СПРАВОЧНИК!$P$14)+СПРАВОЧНИК!$E$15*('ФАКТ ЧЕРН К1'!T5*СПРАВОЧНИК!$H$15+'ФАКТ ЧЕРН К1'!U5*СПРАВОЧНИК!$I$15+'ФАКТ ЧЕРН К1'!V5*СПРАВОЧНИК!$J$15)+СПРАВОЧНИК!$F$15*('ФАКТ ЧИСТ К1'!AF5*СПРАВОЧНИК!$L$15+'ФАКТ ЧИСТ К1'!AG5*СПРАВОЧНИК!$M$15+'ФАКТ ЧИСТ К1'!AH5*СПРАВОЧНИК!$N$15+'ФАКТ ЧИСТ К1'!AI5*СПРАВОЧНИК!$O$15+'ФАКТ ЧИСТ К1'!AJ5*СПРАВОЧНИК!$P$15) | Z14: =$A$2 | AA14: ='ПЛАН ЧЕРН К1'!B5*СПРАВОЧНИК!$H$9+'ПЛАН ЧЕРН К1'!C5*СПРАВОЧНИК!$I$9+'ПЛАН ЧЕРН К1'!D5*СПРАВОЧНИК!$J$9+'ПЛАН ЧЕРН К1'!E5*СПРАВОЧНИК!$H$10+'ПЛАН ЧЕРН К1'!F5*СПРАВОЧНИК!$I$10+'ПЛАН ЧЕРН К1'!G5*СПРАВОЧНИК!$J$10+'ПЛАН ЧЕРН К1'!H5*СПРАВОЧНИК!$H$11+'ПЛАН ЧЕРН К1'!I5*СПРАВОЧНИК!$I$11+'ПЛАН ЧЕРН К1'!J5*СПРАВОЧНИК!$J$11+'ПЛАН ЧЕРН К1'!K5*СПРАВОЧНИК!$H$12+'ПЛАН ЧЕРН К1'!L5*СПРАВОЧНИК!$I$12+'ПЛАН ЧЕРН К1'!M5*СПРАВОЧНИК!$J$12+'ПЛАН ЧЕРН К1'!N5*СПРАВОЧНИК!$H$13+'ПЛАН ЧЕРН К1'!O5*СПРАВОЧНИК!$I$13+'ПЛАН ЧЕРН К1'!P5*СПРАВОЧНИК!$J$13+'ПЛАН ЧЕРН К1'!Q5*СПРАВОЧНИК!$H$14+'ПЛАН ЧЕРН К1'!R5*СПРАВОЧНИК!$I$14+'ПЛАН ЧЕРН К1'!S5*СПРАВОЧНИК!$J$14+'ПЛАН ЧЕРН К1'!T5*СПРАВОЧНИК!$H$15+'ПЛАН ЧЕРН К1'!U5*СПРАВОЧНИК!$I$15+'ПЛАН ЧЕРН К1'!V5*СПРАВОЧНИК!$J$15 | AB14: =('ФАКТ ЧЕРН К1'!B5)*СПРАВОЧНИК!$H$9+('ФАКТ ЧЕРН К1'!C5)*СПРАВОЧНИК!$I$9+('ФАКТ ЧЕРН К1'!D5)*СПРАВОЧНИК!$J$9+('ФАКТ ЧЕРН К1'!E5)*СПРАВОЧНИК!$H$10+('ФАКТ ЧЕРН К1'!F5)*СПРАВОЧНИК!$I$10+('ФАКТ ЧЕРН К1'!G5)*СПРАВОЧНИК!$J$10+('ФАКТ ЧЕРН К1'!H5)*СПРАВОЧНИК!$H$11+('ФАКТ ЧЕРН К1'!I5)*СПРАВОЧНИК!$I$11+('ФАКТ ЧЕРН К1'!J5)*СПРАВОЧНИК!$J$11+('ФАКТ ЧЕРН К1'!K5)*СПРАВОЧНИК!$H$12+('ФАКТ ЧЕРН К1'!L5)*СПРАВОЧНИК!$I$12+('ФАКТ ЧЕРН К1'!M5)*СПРАВОЧНИК!$J$12+('ФАКТ ЧЕРН К1'!N5)*СПРАВОЧНИК!$H$13+('ФАКТ ЧЕРН К1'!O5)*СПРАВОЧНИК!$I$13+('ФАКТ ЧЕРН К1'!P5)*СПРАВОЧНИК!$J$13+('ФАКТ ЧЕРН К1'!Q5)*СПРАВОЧНИК!$H$14+('ФАКТ ЧЕРН К1'!R5)*СПРАВОЧНИК!$I$14+('ФАКТ ЧЕРН К1'!S5)*СПРАВОЧНИК!$J$14+('ФАКТ ЧЕРН К1'!T5)*СПРАВОЧНИК!$H$15+('ФАКТ ЧЕРН К1'!U5)*СПРАВОЧНИК!$I$15+('ФАКТ ЧЕРН К1'!V5)*СПРАВОЧНИК!$J$15 | AF14: =$A$2 | AG14: ='ПЛАН ЧИСТ К1'!B5*СПРАВОЧНИК!$L$9+'ПЛАН ЧИСТ К1'!C5*СПРАВОЧНИК!$M$9+'ПЛАН ЧИСТ К1'!D5*СПРАВОЧНИК!$N$9+'ПЛАН ЧИСТ К1'!E5*СПРАВОЧНИК!$O$9+'ПЛАН ЧИСТ К1'!F5*СПРАВОЧНИК!$P$9+'ПЛАН ЧИСТ К1'!G5*СПРАВОЧНИК!$L$10+'ПЛАН ЧИСТ К1'!H5*СПРАВОЧНИК!$M$10+'ПЛАН ЧИСТ К1'!I5*СПРАВОЧНИК!$N$10+'ПЛАН ЧИСТ К1'!J5*СПРАВОЧНИК!$O$10+'ПЛАН ЧИСТ К1'!K5*СПРАВОЧНИК!$P$10+'ПЛАН ЧИСТ К1'!L5*СПРАВОЧНИК!$L$11+'ПЛАН ЧИСТ К1'!M5*СПРАВОЧНИК!$M$11+'ПЛАН ЧИСТ К1'!N5*СПРАВОЧНИК!$N$11+'ПЛАН ЧИСТ К1'!O5*СПРАВОЧНИК!$O$11+'ПЛАН ЧИСТ К1'!P5*СПРАВОЧНИК!$P$11+'ПЛАН ЧИСТ К1'!Q5*СПРАВОЧНИК!$L$12+'ПЛАН ЧИСТ К1'!R5*СПРАВОЧНИК!$M$12+'ПЛАН ЧИСТ К1'!S5*СПРАВОЧНИК!$N$12+'ПЛАН ЧИСТ К1'!T5*СПРАВОЧНИК!$O$12+'ПЛАН ЧИСТ К1'!U5*СПРАВОЧНИК!$P$12+'ПЛАН ЧИСТ К1'!V5*СПРАВОЧНИК!$L$13+'ПЛАН ЧИСТ К1'!W5*СПРАВОЧНИК!$M$13+'ПЛАН ЧИСТ К1'!X5*СПРАВОЧНИК!$N$13+'ПЛАН ЧИСТ К1'!Y5*СПРАВОЧНИК!$O$13+'ПЛАН ЧИСТ К1'!Z5*СПРАВОЧНИК!$P$13+'ПЛАН ЧИСТ К1'!AA5*СПРАВОЧНИК!$L$14+'ПЛАН ЧИСТ К1'!AB5*СПРАВОЧНИК!$M$14+'ПЛАН ЧИСТ К1'!AC5*СПРАВОЧНИК!$N$14+'ПЛАН ЧИСТ К1'!AD5*СПРАВОЧНИК!$O$14+'ПЛАН ЧИСТ К1'!AE5*СПРАВОЧНИК!$P$14+'ПЛАН ЧИСТ К1'!AF5*СПРАВОЧНИК!$L$15+'ПЛАН ЧИСТ К1'!AG5*СПРАВОЧНИК!$M$15+'ПЛАН ЧИСТ К1'!AH5*СПРАВОЧНИК!$N$15+'ПЛАН ЧИСТ К1'!AI5*СПРАВОЧНИК!$O$15+'ПЛАН ЧИСТ К1'!AJ5*СПРАВОЧНИК!$P$15 | AH14: =('ФАКТ ЧИСТ К1'!B5)*СПРАВОЧНИК!$L$9+('ФАКТ ЧИСТ К1'!C5)*СПРАВОЧНИК!$M$9+('ФАКТ ЧИСТ К1'!D5)*СПРАВОЧНИК!$N$9+('ФАКТ ЧИСТ К1'!E5)*СПРАВОЧНИК!$O$9+('ФАКТ ЧИСТ К1'!F5)*СПРАВОЧНИК!$P$9+('ФАКТ ЧИСТ К1'!G5)*СПРАВОЧНИК!$L$10+('ФАКТ ЧИСТ К1'!H5)*СПРАВОЧНИК!$M$10+('ФАКТ ЧИСТ К1'!I5)*СПРАВОЧНИК!$N$10+('ФАКТ ЧИСТ К1'!J5)*СПРАВОЧНИК!$O$10+('ФАКТ ЧИСТ К1'!K5)*СПРАВОЧНИК!$P$10+('ФАКТ ЧИСТ К1'!L5)*СПРАВОЧНИК!$L$11+('ФАКТ ЧИСТ К1'!M5)*СПРАВОЧНИК!$M$11+('ФАКТ ЧИСТ К1'!N5)*СПРАВОЧНИК!$N$11+('ФАКТ ЧИСТ К1'!O5)*СПРАВОЧНИК!$O$11+('ФАКТ ЧИСТ К1'!P5)*СПРАВОЧНИК!$P$11+('ФАКТ ЧИСТ К1'!Q5)*СПРАВОЧНИК!$L$12+('ФАКТ ЧИСТ К1'!R5)*СПРАВОЧНИК!$M$12+('ФАКТ ЧИСТ К1'!S5)*СПРАВОЧНИК!$N$12+('ФАКТ ЧИСТ К1'!T5)*СПРАВОЧНИК!$O$12+('ФАКТ ЧИСТ К1'!U5)*СПРАВОЧНИК!$P$12+('ФАКТ ЧИСТ К1'!V5)*СПРАВОЧНИК!$L$13+('ФАКТ ЧИСТ К1'!W5)*СПРАВОЧНИК!$M$13+('ФАКТ ЧИСТ К1'!X5)*СПРАВОЧНИК!$N$13+('ФАКТ ЧИСТ К1'!Y5)*СПРАВОЧНИК!$O$13+('ФАКТ ЧИСТ К1'!Z5)*СПРАВОЧНИК!$P$13+('ФАКТ ЧИСТ К1'!AA5)*СПРАВОЧНИК!$L$14+('ФАКТ ЧИСТ К1'!AB5)*СПРАВОЧНИК!$M$14+('ФАКТ ЧИСТ К1'!AC5)*СПРАВОЧНИК!$N$14+('ФАКТ ЧИСТ К1'!AD5)*СПРАВОЧНИК!$O$14+('ФАКТ ЧИСТ К1'!AE5)*СПРАВОЧНИК!$P$14+('ФАКТ ЧИСТ К1'!AF5)*СПРАВОЧНИК!$L$15+('ФАКТ ЧИСТ К1'!AG5)*СПРАВОЧНИК!$M$15+('ФАКТ ЧИСТ К1'!AH5)*СПРАВОЧНИК!$N$15+('ФАКТ ЧИСТ К1'!AI5)*СПРАВОЧНИК!$O$15+('ФАКТ ЧИСТ К1'!AJ5)*СПРАВОЧНИК!$P$15 | AL14: =$A$2 | AM14: =СПРАВОЧНИК!$E$9*('ПЛАН ЧЕРН К2'!B5*СПРАВОЧНИК!$H$9+'ПЛАН ЧЕРН К2'!C5*СПРАВОЧНИК!$I$9+'ПЛАН ЧЕРН К2'!D5*СПРАВОЧНИК!$J$9)+СПРАВОЧНИК!$F$9*('ПЛАН ЧИСТ К2'!B5*СПРАВОЧНИК!$L$9+'ПЛАН ЧИСТ К2'!C5*СПРАВОЧНИК!$M$9+'ПЛАН ЧИСТ К2'!D5*СПРАВОЧНИК!$N$9+'ПЛАН ЧИСТ К2'!E5*СПРАВОЧНИК!$O$9+'ПЛАН ЧИСТ К2'!F5*СПРАВОЧНИК!$P$9)+СПРАВОЧНИК!$E$10*('ПЛАН ЧЕРН К2'!E5*СПРАВОЧНИК!$H$10+'ПЛАН ЧЕРН К2'!F5*СПРАВОЧНИК!$I$10+'ПЛАН ЧЕРН К2'!G5*СПРАВОЧНИК!$J$10)+СПРАВОЧНИК!$F$10*('ПЛАН ЧИСТ К2'!G5*СПРАВОЧНИК!$L$10+'ПЛАН ЧИСТ К2'!H5*СПРАВОЧНИК!$M$10+'ПЛАН ЧИСТ К2'!I5*СПРАВОЧНИК!$N$10+'ПЛАН ЧИСТ К2'!J5*СПРАВОЧНИК!$O$10+'ПЛАН ЧИСТ К2'!K5*СПРАВОЧНИК!$P$10)+СПРАВОЧНИК!$E$11*('ПЛАН ЧЕРН К2'!H5*СПРАВОЧНИК!$H$11+'ПЛАН ЧЕРН К2'!I5*СПРАВОЧНИК!$I$11+'ПЛАН ЧЕРН К2'!J5*СПРАВОЧНИК!$J$11)+СПРАВОЧНИК!$F$11*('ПЛАН ЧИСТ К2'!L5*СПРАВОЧНИК!$L$11+'ПЛАН ЧИСТ К2'!M5*СПРАВОЧНИК!$M$11+'ПЛАН ЧИСТ К2'!N5*СПРАВОЧНИК!$N$11+'ПЛАН ЧИСТ К2'!O5*СПРАВОЧНИК!$O$11+'ПЛАН ЧИСТ К2'!P5*СПРАВОЧНИК!$P$11)+СПРАВОЧНИК!$E$12*('ПЛАН ЧЕРН К2'!K5*СПРАВОЧНИК!$H$12+'ПЛАН ЧЕРН К2'!L5*СПРАВОЧНИК!$I$12+'ПЛАН ЧЕРН К2'!M5*СПРАВОЧНИК!$J$12)+СПРАВОЧНИК!$F$12*('ПЛАН ЧИСТ К2'!Q5*СПРАВОЧНИК!$L$12+'ПЛАН ЧИСТ К2'!R5*СПРАВОЧНИК!$M$12+'ПЛАН ЧИСТ К2'!S5*СПРАВОЧНИК!$N$12+'ПЛАН ЧИСТ К2'!T5*СПРАВОЧНИК!$O$12+'ПЛАН ЧИСТ К2'!U5*СПРАВОЧНИК!$P$12)+СПРАВОЧНИК!$E$13*('ПЛАН ЧЕРН К2'!N5*СПРАВОЧНИК!$H$13+'ПЛАН ЧЕРН К2'!O5*СПРАВОЧНИК!$I$13+'ПЛАН ЧЕРН К2'!P5*СПРАВОЧНИК!$J$13)+СПРАВОЧНИК!$F$13*('ПЛАН ЧИСТ К2'!V5*СПРАВОЧНИК!$L$13+'ПЛАН ЧИСТ К2'!W5*СПРАВОЧНИК!$M$13+'ПЛАН ЧИСТ К2'!X5*СПРАВОЧНИК!$N$13+'ПЛАН ЧИСТ К2'!Y5*СПРАВОЧНИК!$O$13+'ПЛАН ЧИСТ К2'!Z5*СПРАВОЧНИК!$P$13)+СПРАВОЧНИК!$E$14*('ПЛАН ЧЕРН К2'!Q5*СПРАВОЧНИК!$H$14+'ПЛАН ЧЕРН К2'!R5*СПРАВОЧНИК!$I$14+'ПЛАН ЧЕРН К2'!S5*СПРАВОЧНИК!$J$14)+СПРАВОЧНИК!$F$14*('ПЛАН ЧИСТ К2'!AA5*СПРАВОЧНИК!$L$14+'ПЛАН ЧИСТ К2'!AB5*СПРАВОЧНИК!$M$14+'ПЛАН ЧИСТ К2'!AC5*СПРАВОЧНИК!$N$14+'ПЛАН ЧИСТ К2'!AD5*СПРАВОЧНИК!$O$14+'ПЛАН ЧИСТ К2'!AE5*СПРАВОЧНИК!$P$14)+СПРАВОЧНИК!$E$15*('ПЛАН ЧЕРН К2'!T5*СПРАВОЧНИК!$H$15+'ПЛАН ЧЕРН К2'!U5*СПРАВОЧНИК!$I$15+'ПЛАН ЧЕРН К2'!V5*СПРАВОЧНИК!$J$15)+СПРАВОЧНИК!$F$15*('ПЛАН ЧИСТ К2'!AF5*СПРАВОЧНИК!$L$15+'ПЛАН ЧИСТ К2'!AG5*СПРАВОЧНИК!$M$15+'ПЛАН ЧИСТ К2'!AH5*СПРАВОЧНИК!$N$15+'ПЛАН ЧИСТ К2'!AI5*СПРАВОЧНИК!$O$15+'ПЛАН ЧИСТ К2'!AJ5*СПРАВОЧНИК!$P$15) | AN14: =СПРАВОЧНИК!$E$9*('ФАКТ ЧЕРН К2'!B5*СПРАВОЧНИК!$H$9+'ФАКТ ЧЕРН К2'!C5*СПРАВОЧНИК!$I$9+'ФАКТ ЧЕРН К2'!D5*СПРАВОЧНИК!$J$9)+СПРАВОЧНИК!$F$9*('ФАКТ ЧИСТ К2'!B5*СПРАВОЧНИК!$L$9+'ФАКТ ЧИСТ К2'!C5*СПРАВОЧНИК!$M$9+'ФАКТ ЧИСТ К2'!D5*СПРАВОЧНИК!$N$9+'ФАКТ ЧИСТ К2'!E5*СПРАВОЧНИК!$O$9+'ФАКТ ЧИСТ К2'!F5*СПРАВОЧНИК!$P$9)+СПРАВОЧНИК!$E$10*('ФАКТ ЧЕРН К2'!E5*СПРАВОЧНИК!$H$10+'ФАКТ ЧЕРН К2'!F5*СПРАВОЧНИК!$I$10+'ФАКТ ЧЕРН К2'!G5*СПРАВОЧНИК!$J$10)+СПРАВОЧНИК!$F$10*('ФАКТ ЧИСТ К2'!G5*СПРАВОЧНИК!$L$10+'ФАКТ ЧИСТ К2'!H5*СПРАВОЧНИК!$M$10+'ФАКТ ЧИСТ К2'!I5*СПРАВОЧНИК!$N$10+'ФАКТ ЧИСТ К2'!J5*СПРАВОЧНИК!$O$10+'ФАКТ ЧИСТ К2'!K5*СПРАВОЧНИК!$P$10)+СПРАВОЧНИК!$E$11*('ФАКТ ЧЕРН К2'!H5*СПРАВОЧНИК!$H$11+'ФАКТ ЧЕРН К2'!I5*СПРАВОЧНИК!$I$11+'ФАКТ ЧЕРН К2'!J5*СПРАВОЧНИК!$J$11)+СПРАВОЧНИК!$F$11*('ФАКТ ЧИСТ К2'!L5*СПРАВОЧНИК!$L$11+'ФАКТ ЧИСТ К2'!M5*СПРАВОЧНИК!$M$11+'ФАКТ ЧИСТ К2'!N5*СПРАВОЧНИК!$N$11+'ФАКТ ЧИСТ К2'!O5*СПРАВОЧНИК!$O$11+'ФАКТ ЧИСТ К2'!P5*СПРАВОЧНИК!$P$11)+СПРАВОЧНИК!$E$12*('ФАКТ ЧЕРН К2'!K5*СПРАВОЧНИК!$H$12+'ФАКТ ЧЕРН К2'!L5*СПРАВОЧНИК!$I$12+'ФАКТ ЧЕРН К2'!M5*СПРАВОЧНИК!$J$12)+СПРАВОЧНИК!$F$12*('ФАКТ ЧИСТ К2'!Q5*СПРАВОЧНИК!$L$12+'ФАКТ ЧИСТ К2'!R5*СПРАВОЧНИК!$M$12+'ФАКТ ЧИСТ К2'!S5*СПРАВОЧНИК!$N$12+'ФАКТ ЧИСТ К2'!T5*СПРАВОЧНИК!$O$12+'ФАКТ ЧИСТ К2'!U5*СПРАВОЧНИК!$P$12)+СПРАВОЧНИК!$E$13*('ФАКТ ЧЕРН К2'!N5*СПРАВОЧНИК!$H$13+'ФАКТ ЧЕРН К2'!O5*СПРАВОЧНИК!$I$13+'ФАКТ ЧЕРН К2'!P5*СПРАВОЧНИК!$J$13)+СПРАВОЧНИК!$F$13*('ФАКТ ЧИСТ К2'!V5*СПРАВОЧНИК!$L$13+'ФАКТ ЧИСТ К2'!W5*СПРАВОЧНИК!$M$13+'ФАКТ ЧИСТ К2'!X5*СПРАВОЧНИК!$N$13+'ФАКТ ЧИСТ К2'!Y5*СПРАВОЧНИК!$O$13+'ФАКТ ЧИСТ К2'!Z5*СПРАВОЧНИК!$P$13)+СПРАВОЧНИК!$E$14*('ФАКТ ЧЕРН К2'!Q5*СПРАВОЧНИК!$H$14+'ФАКТ ЧЕРН К2'!R5*СПРАВОЧНИК!$I$14+'ФАКТ ЧЕРН К2'!S5*СПРАВОЧНИК!$J$14)+СПРАВОЧНИК!$F$14*('ФАКТ ЧИСТ К2'!AA5*СПРАВОЧНИК!$L$14+'ФАКТ ЧИСТ К2'!AB5*СПРАВОЧНИК!$M$14+'ФАКТ ЧИСТ К2'!AC5*СПРАВОЧНИК!$N$14+'ФАКТ ЧИСТ К2'!AD5*СПРАВОЧНИК!$O$14+'ФАКТ ЧИСТ К2'!AE5*СПРАВОЧНИК!$P$14)+СПРАВОЧНИК!$E$15*('ФАКТ ЧЕРН К2'!T5*СПРАВОЧНИК!$H$15+'ФАКТ ЧЕРН К2'!U5*СПРАВОЧНИК!$I$15+'ФАКТ ЧЕРН К2'!V5*СПРАВОЧНИК!$J$15)+СПРАВОЧНИК!$F$15*('ФАКТ ЧИСТ К2'!AF5*СПРАВОЧНИК!$L$15+'ФАКТ ЧИСТ К2'!AG5*СПРАВОЧНИК!$M$15+'ФАКТ ЧИСТ К2'!AH5*СПРАВОЧНИК!$N$15+'ФАКТ ЧИСТ К2'!AI5*СПРАВОЧНИК!$O$15+'ФАКТ ЧИСТ К2'!AJ5*СПРАВОЧНИК!$P$15) | AR14: =$A$2 | AS14: ='ПЛАН ЧЕРН К2'!B5*СПРАВОЧНИК!$H$9+'ПЛАН ЧЕРН К2'!C5*СПРАВОЧНИК!$I$9+'ПЛАН ЧЕРН К2'!D5*СПРАВОЧНИК!$J$9+'ПЛАН ЧЕРН К2'!E5*СПРАВОЧНИК!$H$10+'ПЛАН ЧЕРН К2'!F5*СПРАВОЧНИК!$I$10+'ПЛАН ЧЕРН К2'!G5*СПРАВОЧНИК!$J$10+'ПЛАН ЧЕРН К2'!H5*СПРАВОЧНИК!$H$11+'ПЛАН ЧЕРН К2'!I5*СПРАВОЧНИК!$I$11+'ПЛАН ЧЕРН К2'!J5*СПРАВОЧНИК!$J$11+'ПЛАН ЧЕРН К2'!K5*СПРАВОЧНИК!$H$12+'ПЛАН ЧЕРН К2'!L5*СПРАВОЧНИК!$I$12+'ПЛАН ЧЕРН К2'!M5*СПРАВОЧНИК!$J$12+'ПЛАН ЧЕРН К2'!N5*СПРАВОЧНИК!$H$13+'ПЛАН ЧЕРН К2'!O5*СПРАВОЧНИК!$I$13+'ПЛАН ЧЕРН К2'!P5*СПРАВОЧНИК!$J$13+'ПЛАН ЧЕРН К2'!Q5*СПРАВОЧНИК!$H$14+'ПЛАН ЧЕРН К2'!R5*СПРАВОЧНИК!$I$14+'ПЛАН ЧЕРН К2'!S5*СПРАВОЧНИК!$J$14+'ПЛАН ЧЕРН К2'!T5*СПРАВОЧНИК!$H$15+'ПЛАН ЧЕРН К2'!U5*СПРАВОЧНИК!$I$15+'ПЛАН ЧЕРН К2'!V5*СПРАВОЧНИК!$J$15 | AT14: =('ФАКТ ЧЕРН К2'!B5)*СПРАВОЧНИК!$H$9+('ФАКТ ЧЕРН К2'!C5)*СПРАВОЧНИК!$I$9+('ФАКТ ЧЕРН К2'!D5)*СПРАВОЧНИК!$J$9+('ФАКТ ЧЕРН К2'!E5)*СПРАВОЧНИК!$H$10+('ФАКТ ЧЕРН К2'!F5)*СПРАВОЧНИК!$I$10+('ФАКТ ЧЕРН К2'!G5)*СПРАВОЧНИК!$J$10+('ФАКТ ЧЕРН К2'!H5)*СПРАВОЧНИК!$H$11+('ФАКТ ЧЕРН К2'!I5)*СПРАВОЧНИК!$I$11+('ФАКТ ЧЕРН К2'!J5)*СПРАВОЧНИК!$J$11+('ФАКТ ЧЕРН К2'!K5)*СПРАВОЧНИК!$H$12+('ФАКТ ЧЕРН К2'!L5)*СПРАВОЧНИК!$I$12+('ФАКТ ЧЕРН К2'!M5)*СПРАВОЧНИК!$J$12+('ФАКТ ЧЕРН К2'!N5)*СПРАВОЧНИК!$H$13+('ФАКТ ЧЕРН К2'!O5)*СПРАВОЧНИК!$I$13+('ФАКТ ЧЕРН К2'!P5)*СПРАВОЧНИК!$J$13+('ФАКТ ЧЕРН К2'!Q5)*СПРАВОЧНИК!$H$14+('ФАКТ ЧЕРН К2'!R5)*СПРАВОЧНИК!$I$14+('ФАКТ ЧЕРН К2'!S5)*СПРАВОЧНИК!$J$14+('ФАКТ ЧЕРН К2'!T5)*СПРАВОЧНИК!$H$15+('ФАКТ ЧЕРН К2'!U5)*СПРАВОЧНИК!$I$15+('ФАКТ ЧЕРН К2'!V5)*СПРАВОЧНИК!$J$15 | AX14: =$A$2 | AY14: ='ПЛАН ЧИСТ К2'!B5*СПРАВОЧНИК!$L$9+'ПЛАН ЧИСТ К2'!C5*СПРАВОЧНИК!$M$9+'ПЛАН ЧИСТ К2'!D5*СПРАВОЧНИК!$N$9+'ПЛАН ЧИСТ К2'!E5*СПРАВОЧНИК!$O$9+'ПЛАН ЧИСТ К2'!F5*СПРАВОЧНИК!$P$9+'ПЛАН ЧИСТ К2'!G5*СПРАВОЧНИК!$L$10+'ПЛАН ЧИСТ К2'!H5*СПРАВОЧНИК!$M$10+'ПЛАН ЧИСТ К2'!I5*СПРАВОЧНИК!$N$10+'ПЛАН ЧИСТ К2'!J5*СПРАВОЧНИК!$O$10+'ПЛАН ЧИСТ К2'!K5*СПРАВОЧНИК!$P$10+'ПЛАН ЧИСТ К2'!L5*СПРАВОЧНИК!$L$11+'ПЛАН ЧИСТ К2'!M5*СПРАВОЧНИК!$M$11+'ПЛАН ЧИСТ К2'!N5*СПРАВОЧНИК!$N$11+'ПЛАН ЧИСТ К2'!O5*СПРАВОЧНИК!$O$11+'ПЛАН ЧИСТ К2'!P5*СПРАВОЧНИК!$P$11+'ПЛАН ЧИСТ К2'!Q5*СПРАВОЧНИК!$L$12+'ПЛАН ЧИСТ К2'!R5*СПРАВОЧНИК!$M$12+'ПЛАН ЧИСТ К2'!S5*СПРАВОЧНИК!$N$12+'ПЛАН ЧИСТ К2'!T5*СПРАВОЧНИК!$O$12+'ПЛАН ЧИСТ К2'!U5*СПРАВОЧНИК!$P$12+'ПЛАН ЧИСТ К2'!V5*СПРАВОЧНИК!$L$13+'ПЛАН ЧИСТ К2'!W5*СПРАВОЧНИК!$M$13+'ПЛАН ЧИСТ К2'!X5*СПРАВОЧНИК!$N$13+'ПЛАН ЧИСТ К2'!Y5*СПРАВОЧНИК!$O$13+'ПЛАН ЧИСТ К2'!Z5*СПРАВОЧНИК!$P$13+'ПЛАН ЧИСТ К2'!AA5*СПРАВОЧНИК!$L$14+'ПЛАН ЧИСТ К2'!AB5*СПРАВОЧНИК!$M$14+'ПЛАН ЧИСТ К2'!AC5*СПРАВОЧНИК!$N$14+'ПЛАН ЧИСТ К2'!AD5*СПРАВОЧНИК!$O$14+'ПЛАН ЧИСТ К2'!AE5*СПРАВОЧНИК!$P$14+'ПЛАН ЧИСТ К2'!AF5*СПРАВОЧНИК!$L$15+'ПЛАН ЧИСТ К2'!AG5*СПРАВОЧНИК!$M$15+'ПЛАН ЧИСТ К2'!AH5*СПРАВОЧНИК!$N$15+'ПЛАН ЧИСТ К2'!AI5*СПРАВОЧНИК!$O$15+'ПЛАН ЧИСТ К2'!AJ5*СПРАВОЧНИК!$P$15 | AZ14: =('ФАКТ ЧИСТ К2'!B5)*СПРАВОЧНИК!$L$9+('ФАКТ ЧИСТ К2'!C5)*СПРАВОЧНИК!$M$9+('ФАКТ ЧИСТ К2'!D5)*СПРАВОЧНИК!$N$9+('ФАКТ ЧИСТ К2'!E5)*СПРАВОЧНИК!$O$9+('ФАКТ ЧИСТ К2'!F5)*СПРАВОЧНИК!$P$9+('ФАКТ ЧИСТ К2'!G5)*СПРАВОЧНИК!$L$10+('ФАКТ ЧИСТ К2'!H5)*СПРАВОЧНИК!$M$10+('ФАКТ ЧИСТ К2'!I5)*СПРАВОЧНИК!$N$10+('ФАКТ ЧИСТ К2'!J5)*СПРАВОЧНИК!$O$10+('ФАКТ ЧИСТ К2'!K5)*СПРАВОЧНИК!$P$10+('ФАКТ ЧИСТ К2'!L5)*СПРАВОЧНИК!$L$11+('ФАКТ ЧИСТ К2'!M5)*СПРАВОЧНИК!$M$11+('ФАКТ ЧИСТ К2'!N5)*СПРАВОЧНИК!$N$11+('ФАКТ ЧИСТ К2'!O5)*СПРАВОЧНИК!$O$11+('ФАКТ ЧИСТ К2'!P5)*СПРАВОЧНИК!$P$11+('ФАКТ ЧИСТ К2'!Q5)*СПРАВОЧНИК!$L$12+('ФАКТ ЧИСТ К2'!R5)*СПРАВОЧНИК!$M$12+('ФАКТ ЧИСТ К2'!S5)*СПРАВОЧНИК!$N$12+('ФАКТ ЧИСТ К2'!T5)*СПРАВОЧНИК!$O$12+('ФАКТ ЧИСТ К2'!U5)*СПРАВОЧНИК!$P$12+('ФАКТ ЧИСТ К2'!V5)*СПРАВОЧНИК!$L$13+('ФАКТ ЧИСТ К2'!W5)*СПРАВОЧНИК!$M$13+('ФАКТ ЧИСТ К2'!X5)*СПРАВОЧНИК!$N$13+('ФАКТ ЧИСТ К2'!Y5)*СПРАВОЧНИК!$O$13+('ФАКТ ЧИСТ К2'!Z5)*СПРАВОЧНИК!$P$13+('ФАКТ ЧИСТ К2'!AA5)*СПРАВОЧНИК!$L$14+('ФАКТ ЧИСТ К2'!AB5)*СПРАВОЧНИК!$M$14+('ФАКТ ЧИСТ К2'!AC5)*СПРАВОЧНИК!$N$14+('ФАКТ ЧИСТ К2'!AD5)*СПРАВОЧНИК!$O$14+('ФАКТ ЧИСТ К2'!AE5)*СПРАВОЧНИК!$P$14+('ФАКТ ЧИСТ К2'!AF5)*СПРАВОЧНИК!$L$15+('ФАКТ ЧИСТ К2'!AG5)*СПРАВОЧНИК!$M$15+('ФАКТ ЧИСТ К2'!AH5)*СПРАВОЧНИК!$N$15+('ФАКТ ЧИСТ К2'!AI5)*СПРАВОЧНИК!$O$15+('ФАКТ ЧИСТ К2'!AJ5)*СПРАВОЧНИК!$P$15 | BD14: =$A$2 | BE14: =СПРАВОЧНИК!$E$9*('ПЛАН ЧЕРН К3'!B5*СПРАВОЧНИК!$H$9+'ПЛАН ЧЕРН К3'!C5*СПРАВОЧНИК!$I$9+'ПЛАН ЧЕРН К3'!D5*СПРАВОЧНИК!$J$9)+СПРАВОЧНИК!$F$9*('ПЛАН ЧИСТ К3'!B5*СПРАВОЧНИК!$L$9+'ПЛАН ЧИСТ К3'!C5*СПРАВОЧНИК!$M$9+'ПЛАН ЧИСТ К3'!D5*СПРАВОЧНИК!$N$9+'ПЛАН ЧИСТ К3'!E5*СПРАВОЧНИК!$O$9+'ПЛАН ЧИСТ К3'!F5*СПРАВОЧНИК!$P$9)+СПРАВОЧНИК!$E$10*('ПЛАН ЧЕРН К3'!E5*СПРАВОЧНИК!$H$10+'ПЛАН ЧЕРН К3'!F5*СПРАВОЧНИК!$I$10+'ПЛАН ЧЕРН К3'!G5*СПРАВОЧНИК!$J$10)+СПРАВОЧНИК!$F$10*('ПЛАН ЧИСТ К3'!G5*СПРАВОЧНИК!$L$10+'ПЛАН ЧИСТ К3'!H5*СПРАВОЧНИК!$M$10+'ПЛАН ЧИСТ К3'!I5*СПРАВОЧНИК!$N$10+'ПЛАН ЧИСТ К3'!J5*СПРАВОЧНИК!$O$10+'ПЛАН ЧИСТ К3'!K5*СПРАВОЧНИК!$P$10)+СПРАВОЧНИК!$E$11*('ПЛАН ЧЕРН К3'!H5*СПРАВОЧНИК!$H$11+'ПЛАН ЧЕРН К3'!I5*СПРАВОЧНИК!$I$11+'ПЛАН ЧЕРН К3'!J5*СПРАВОЧНИК!$J$11)+СПРАВОЧНИК!$F$11*('ПЛАН ЧИСТ К3'!L5*СПРАВОЧНИК!$L$11+'ПЛАН ЧИСТ К3'!M5*СПРАВОЧНИК!$M$11+'ПЛАН ЧИСТ К3'!N5*СПРАВОЧНИК!$N$11+'ПЛАН ЧИСТ К3'!O5*СПРАВОЧНИК!$O$11+'ПЛАН ЧИСТ К3'!P5*СПРАВОЧНИК!$P$11)+СПРАВОЧНИК!$E$12*('ПЛАН ЧЕРН К3'!K5*СПРАВОЧНИК!$H$12+'ПЛАН ЧЕРН К3'!L5*СПРАВОЧНИК!$I$12+'ПЛАН ЧЕРН К3'!M5*СПРАВОЧНИК!$J$12)+СПРАВОЧНИК!$F$12*('ПЛАН ЧИСТ К3'!Q5*СПРАВОЧНИК!$L$12+'ПЛАН ЧИСТ К3'!R5*СПРАВОЧНИК!$M$12+'ПЛАН ЧИСТ К3'!S5*СПРАВОЧНИК!$N$12+'ПЛАН ЧИСТ К3'!T5*СПРАВОЧНИК!$O$12+'ПЛАН ЧИСТ К3'!U5*СПРАВОЧНИК!$P$12)+СПРАВОЧНИК!$E$13*('ПЛАН ЧЕРН К3'!N5*СПРАВОЧНИК!$H$13+'ПЛАН ЧЕРН К3'!O5*СПРАВОЧНИК!$I$13+'ПЛАН ЧЕРН К3'!P5*СПРАВОЧНИК!$J$13)+СПРАВОЧНИК!$F$13*('ПЛАН ЧИСТ К3'!V5*СПРАВОЧНИК!$L$13+'ПЛАН ЧИСТ К3'!W5*СПРАВОЧНИК!$M$13+'ПЛАН ЧИСТ К3'!X5*СПРАВОЧНИК!$N$13+'ПЛАН ЧИСТ К3'!Y5*СПРАВОЧНИК!$O$13+'ПЛАН ЧИСТ К3'!Z5*СПРАВОЧНИК!$P$13)+СПРАВОЧНИК!$E$14*('ПЛАН ЧЕРН К3'!Q5*СПРАВОЧНИК!$H$14+'ПЛАН ЧЕРН К3'!R5*СПРАВОЧНИК!$I$14+'ПЛАН ЧЕРН К3'!S5*СПРАВОЧНИК!$J$14)+СПРАВОЧНИК!$F$14*('ПЛАН ЧИСТ К3'!AA5*СПРАВОЧНИК!$L$14+'ПЛАН ЧИСТ К3'!AB5*СПРАВОЧНИК!$M$14+'ПЛАН ЧИСТ К3'!AC5*СПРАВОЧНИК!$N$14+'ПЛАН ЧИСТ К3'!AD5*СПРАВОЧНИК!$O$14+'ПЛАН ЧИСТ К3'!AE5*СПРАВОЧНИК!$P$14)+СПРАВОЧНИК!$E$15*('ПЛАН ЧЕРН К3'!T5*СПРАВОЧНИК!$H$15+'ПЛАН ЧЕРН К3'!U5*СПРАВОЧНИК!$I$15+'ПЛАН ЧЕРН К3'!V5*СПРАВОЧНИК!$J$15)+СПРАВОЧНИК!$F$15*('ПЛАН ЧИСТ К3'!AF5*СПРАВОЧНИК!$L$15+'ПЛАН ЧИСТ К3'!AG5*СПРАВОЧНИК!$M$15+'ПЛАН ЧИСТ К3'!AH5*СПРАВОЧНИК!$N$15+'ПЛАН ЧИСТ К3'!AI5*СПРАВОЧНИК!$O$15+'ПЛАН ЧИСТ К3'!AJ5*СПРАВОЧНИК!$P$15) | BF14: =СПРАВОЧНИК!$E$9*('ФАКТ ЧЕРН К3'!B5*СПРАВОЧНИК!$H$9+'ФАКТ ЧЕРН К3'!C5*СПРАВОЧНИК!$I$9+'ФАКТ ЧЕРН К3'!D5*СПРАВОЧНИК!$J$9)+СПРАВОЧНИК!$F$9*('ФАКТ ЧИСТ К3'!B5*СПРАВОЧНИК!$L$9+'ФАКТ ЧИСТ К3'!C5*СПРАВОЧНИК!$M$9+'ФАКТ ЧИСТ К3'!D5*СПРАВОЧНИК!$N$9+'ФАКТ ЧИСТ К3'!E5*СПРАВОЧНИК!$O$9+'ФАКТ ЧИСТ К3'!F5*СПРАВОЧНИК!$P$9)+СПРАВОЧНИК!$E$10*('ФАКТ ЧЕРН К3'!E5*СПРАВОЧНИК!$H$10+'ФАКТ ЧЕРН К3'!F5*СПРАВОЧНИК!$I$10+'ФАКТ ЧЕРН К3'!G5*СПРАВОЧНИК!$J$10)+СПРАВОЧНИК!$F$10*('ФАКТ ЧИСТ К3'!G5*СПРАВОЧНИК!$L$10+'ФАКТ ЧИСТ К3'!H5*СПРАВОЧНИК!$M$10+'ФАКТ ЧИСТ К3'!I5*СПРАВОЧНИК!$N$10+'ФАКТ ЧИСТ К3'!J5*СПРАВОЧНИК!$O$10+'ФАКТ ЧИСТ К3'!K5*СПРАВОЧНИК!$P$10)+СПРАВОЧНИК!$E$11*('ФАКТ ЧЕРН К3'!H5*СПРАВОЧНИК!$H$11+'ФАКТ ЧЕРН К3'!I5*СПРАВОЧНИК!$I$11+'ФАКТ ЧЕРН К3'!J5*СПРАВОЧНИК!$J$11)+СПРАВОЧНИК!$F$11*('ФАКТ ЧИСТ К3'!L5*СПРАВОЧНИК!$L$11+'ФАКТ ЧИСТ К3'!M5*СПРАВОЧНИК!$M$11+'ФАКТ ЧИСТ К3'!N5*СПРАВОЧНИК!$N$11+'ФАКТ ЧИСТ К3'!O5*СПРАВОЧНИК!$O$11+'ФАКТ ЧИСТ К3'!P5*СПРАВОЧНИК!$P$11)+СПРАВОЧНИК!$E$12*('ФАКТ ЧЕРН К3'!K5*СПРАВОЧНИК!$H$12+'ФАКТ ЧЕРН К3'!L5*СПРАВОЧНИК!$I$12+'ФАКТ ЧЕРН К3'!M5*СПРАВОЧНИК!$J$12)+СПРАВОЧНИК!$F$12*('ФАКТ ЧИСТ К3'!Q5*СПРАВОЧНИК!$L$12+'ФАКТ ЧИСТ К3'!R5*СПРАВОЧНИК!$M$12+'ФАКТ ЧИСТ К3'!S5*СПРАВОЧНИК!$N$12+'ФАКТ ЧИСТ К3'!T5*СПРАВОЧНИК!$O$12+'ФАКТ ЧИСТ К3'!U5*СПРАВОЧНИК!$P$12)+СПРАВОЧНИК!$E$13*('ФАКТ ЧЕРН К3'!N5*СПРАВОЧНИК!$H$13+'ФАКТ ЧЕРН К3'!O5*СПРАВОЧНИК!$I$13+'ФАКТ ЧЕРН К3'!P5*СПРАВОЧНИК!$J$13)+СПРАВОЧНИК!$F$13*('ФАКТ ЧИСТ К3'!V5*СПРАВОЧНИК!$L$13+'ФАКТ ЧИСТ К3'!W5*СПРАВОЧНИК!$M$13+'ФАКТ ЧИСТ К3'!X5*СПРАВОЧНИК!$N$13+'ФАКТ ЧИСТ К3'!Y5*СПРАВОЧНИК!$O$13+'ФАКТ ЧИСТ К3'!Z5*СПРАВОЧНИК!$P$13)+СПРАВОЧНИК!$E$14*('ФАКТ ЧЕРН К3'!Q5*СПРАВОЧНИК!$H$14+'ФАКТ ЧЕРН К3'!R5*СПРАВОЧНИК!$I$14+'ФАКТ ЧЕРН К3'!S5*СПРАВОЧНИК!$J$14)+СПРАВОЧНИК!$F$14*('ФАКТ ЧИСТ К3'!AA5*СПРАВОЧНИК!$L$14+'ФАКТ ЧИСТ К3'!AB5*СПРАВОЧНИК!$M$14+'ФАКТ ЧИСТ К3'!AC5*СПРАВОЧНИК!$N$14+'ФАКТ ЧИСТ К3'!AD5*СПРАВОЧНИК!$O$14+'ФАКТ ЧИСТ К3'!AE5*СПРАВОЧНИК!$P$14)+СПРАВОЧНИК!$E$15*('ФАКТ ЧЕРН К3'!T5*СПРАВОЧНИК!$H$15+'ФАКТ ЧЕРН К3'!U5*СПРАВОЧНИК!$I$15+'ФАКТ ЧЕРН К3'!V5*СПРАВОЧНИК!$J$15)+СПРАВОЧНИК!$F$15*('ФАКТ ЧИСТ К3'!AF5*СПРАВОЧНИК!$L$15+'ФАКТ ЧИСТ К3'!AG5*СПРАВОЧНИК!$M$15+'ФАКТ ЧИСТ К3'!AH5*СПРАВОЧНИК!$N$15+'ФАКТ ЧИСТ К3'!AI5*СПРАВОЧНИК!$O$15+'ФАКТ ЧИСТ К3'!AJ5*СПРАВОЧНИК!$P$15) | BJ14: =$A$2 | BK14: ='ПЛАН ЧЕРН К3'!B5*СПРАВОЧНИК!$H$9+'ПЛАН ЧЕРН К3'!C5*СПРАВОЧНИК!$I$9+'ПЛАН ЧЕРН К3'!D5*СПРАВОЧНИК!$J$9+'ПЛАН ЧЕРН К3'!E5*СПРАВОЧНИК!$H$10+'ПЛАН ЧЕРН К3'!F5*СПРАВОЧНИК!$I$10+'ПЛАН ЧЕРН К3'!G5*СПРАВОЧНИК!$J$10+'ПЛАН ЧЕРН К3'!H5*СПРАВОЧНИК!$H$11+'ПЛАН ЧЕРН К3'!I5*СПРАВОЧНИК!$I$11+'ПЛАН ЧЕРН К3'!J5*СПРАВОЧНИК!$J$11+'ПЛАН ЧЕРН К3'!K5*СПРАВОЧНИК!$H$12+'ПЛАН ЧЕРН К3'!L5*СПРАВОЧНИК!$I$12+'ПЛАН ЧЕРН К3'!M5*СПРАВОЧНИК!$J$12+'ПЛАН ЧЕРН К3'!N5*СПРАВОЧНИК!$H$13+'ПЛАН ЧЕРН К3'!O5*СПРАВОЧНИК!$I$13+'ПЛАН ЧЕРН К3'!P5*СПРАВОЧНИК!$J$13+'ПЛАН ЧЕРН К3'!Q5*СПРАВОЧНИК!$H$14+'ПЛАН ЧЕРН К3'!R5*СПРАВОЧНИК!$I$14+'ПЛАН ЧЕРН К3'!S5*СПРАВОЧНИК!$J$14+'ПЛАН ЧЕРН К3'!T5*СПРАВОЧНИК!$H$15+'ПЛАН ЧЕРН К3'!U5*СПРАВОЧНИК!$I$15+'ПЛАН ЧЕРН К3'!V5*СПРАВОЧНИК!$J$15 | BL14: =('ФАКТ ЧЕРН К3'!B5)*СПРАВОЧНИК!$H$9+('ФАКТ ЧЕРН К3'!C5)*СПРАВОЧНИК!$I$9+('ФАКТ ЧЕРН К3'!D5)*СПРАВОЧНИК!$J$9+('ФАКТ ЧЕРН К3'!E5)*СПРАВОЧНИК!$H$10+('ФАКТ ЧЕРН К3'!F5)*СПРАВОЧНИК!$I$10+('ФАКТ ЧЕРН К3'!G5)*СПРАВОЧНИК!$J$10+('ФАКТ ЧЕРН К3'!H5)*СПРАВОЧНИК!$H$11+('ФАКТ ЧЕРН К3'!I5)*СПРАВОЧНИК!$I$11+('ФАКТ ЧЕРН К3'!J5)*СПРАВОЧНИК!$J$11+('ФАКТ ЧЕРН К3'!K5)*СПРАВОЧНИК!$H$12+('ФАКТ ЧЕРН К3'!L5)*СПРАВОЧНИК!$I$12+('ФАКТ ЧЕРН К3'!M5)*СПРАВОЧНИК!$J$12+('ФАКТ ЧЕРН К3'!N5)*СПРАВОЧНИК!$H$13+('ФАКТ ЧЕРН К3'!O5)*СПРАВОЧНИК!$I$13+('ФАКТ ЧЕРН К3'!P5)*СПРАВОЧНИК!$J$13+('ФАКТ ЧЕРН К3'!Q5)*СПРАВОЧНИК!$H$14+('ФАКТ ЧЕРН К3'!R5)*СПРАВОЧНИК!$I$14+('ФАКТ ЧЕРН К3'!S5)*СПРАВОЧНИК!$J$14+('ФАКТ ЧЕРН К3'!T5)*СПРАВОЧНИК!$H$15+('ФАКТ ЧЕРН К3'!U5)*СПРАВОЧНИК!$I$15+('ФАКТ ЧЕРН К3'!V5)*СПРАВОЧНИК!$J$15 | BP14: =$A$2 | BQ14: ='ПЛАН ЧИСТ К3'!B5*СПРАВОЧНИК!$L$9+'ПЛАН ЧИСТ К3'!C5*СПРАВОЧНИК!$M$9+'ПЛАН ЧИСТ К3'!D5*СПРАВОЧНИК!$N$9+'ПЛАН ЧИСТ К3'!E5*СПРАВОЧНИК!$O$9+'ПЛАН ЧИСТ К3'!F5*СПРАВОЧНИК!$P$9+'ПЛАН ЧИСТ К3'!G5*СПРАВОЧНИК!$L$10+'ПЛАН ЧИСТ К3'!H5*СПРАВОЧНИК!$M$10+'ПЛАН ЧИСТ К3'!I5*СПРАВОЧНИК!$N$10+'ПЛАН ЧИСТ К3'!J5*СПРАВОЧНИК!$O$10+'ПЛАН ЧИСТ К3'!K5*СПРАВОЧНИК!$P$10+'ПЛАН ЧИСТ К3'!L5*СПРАВОЧНИК!$L$11+'ПЛАН ЧИСТ К3'!M5*СПРАВОЧНИК!$M$11+'ПЛАН ЧИСТ К3'!N5*СПРАВОЧНИК!$N$11+'ПЛАН ЧИСТ К3'!O5*СПРАВОЧНИК!$O$11+'ПЛАН ЧИСТ К3'!P5*СПРАВОЧНИК!$P$11+'ПЛАН ЧИСТ К3'!Q5*СПРАВОЧНИК!$L$12+'ПЛАН ЧИСТ К3'!R5*СПРАВОЧНИК!$M$12+'ПЛАН ЧИСТ К3'!S5*СПРАВОЧНИК!$N$12+'ПЛАН ЧИСТ К3'!T5*СПРАВОЧНИК!$O$12+'ПЛАН ЧИСТ К3'!U5*СПРАВОЧНИК!$P$12+'ПЛАН ЧИСТ К3'!V5*СПРАВОЧНИК!$L$13+'ПЛАН ЧИСТ К3'!W5*СПРАВОЧНИК!$M$13+'ПЛАН ЧИСТ К3'!X5*СПРАВОЧНИК!$N$13+'ПЛАН ЧИСТ К3'!Y5*СПРАВОЧНИК!$O$13+'ПЛАН ЧИСТ К3'!Z5*СПРАВОЧНИК!$P$13+'ПЛАН ЧИСТ К3'!AA5*СПРАВОЧНИК!$L$14+'ПЛАН ЧИСТ К3'!AB5*СПРАВОЧНИК!$M$14+'ПЛАН ЧИСТ К3'!AC5*СПРАВОЧНИК!$N$14+'ПЛАН ЧИСТ К3'!AD5*СПРАВОЧНИК!$O$14+'ПЛАН ЧИСТ К3'!AE5*СПРАВОЧНИК!$P$14+'ПЛАН ЧИСТ К3'!AF5*СПРАВОЧНИК!$L$15+'ПЛАН ЧИСТ К3'!AG5*СПРАВОЧНИК!$M$15+'ПЛАН ЧИСТ К3'!AH5*СПРАВОЧНИК!$N$15+'ПЛАН ЧИСТ К3'!AI5*СПРАВОЧНИК!$O$15+'ПЛАН ЧИСТ К3'!AJ5*СПРАВОЧНИК!$P$15 | BR14: =('ФАКТ ЧИСТ К3'!B5)*СПРАВОЧНИК!$L$9+('ФАКТ ЧИСТ К3'!C5)*СПРАВОЧНИК!$M$9+('ФАКТ ЧИСТ К3'!D5)*СПРАВОЧНИК!$N$9+('ФАКТ ЧИСТ К3'!E5)*СПРАВОЧНИК!$O$9+('ФАКТ ЧИСТ К3'!F5)*СПРАВОЧНИК!$P$9+('ФАКТ ЧИСТ К3'!G5)*СПРАВОЧНИК!$L$10+('ФАКТ ЧИСТ К3'!H5)*СПРАВОЧНИК!$M$10+('ФАКТ ЧИСТ К3'!I5)*СПРАВОЧНИК!$N$10+('ФАКТ ЧИСТ К3'!J5)*СПРАВОЧНИК!$O$10+('ФАКТ ЧИСТ К3'!K5)*СПРАВОЧНИК!$P$10+('ФАКТ ЧИСТ К3'!L5)*СПРАВОЧНИК!$L$11+('ФАКТ ЧИСТ К3'!M5)*СПРАВОЧНИК!$M$11+('ФАКТ ЧИСТ К3'!N5)*СПРАВОЧНИК!$N$11+('ФАКТ ЧИСТ К3'!O5)*СПРАВОЧНИК!$O$11+('ФАКТ ЧИСТ К3'!P5)*СПРАВОЧНИК!$P$11+('ФАКТ ЧИСТ К3'!Q5)*СПРАВОЧНИК!$L$12+('ФАКТ ЧИСТ К3'!R5)*СПРАВОЧНИК!$M$12+('ФАКТ ЧИСТ К3'!S5)*СПРАВОЧНИК!$N$12+('ФАКТ ЧИСТ К3'!T5)*СПРАВОЧНИК!$O$12+('ФАКТ ЧИСТ К3'!U5)*СПРАВОЧНИК!$P$12+('ФАКТ ЧИСТ К3'!V5)*СПРАВОЧНИК!$L$13+('ФАКТ ЧИСТ К3'!W5)*СПРАВОЧНИК!$M$13+('ФАКТ ЧИСТ К3'!X5)*СПРАВОЧНИК!$N$13+('ФАКТ ЧИСТ К3'!Y5)*СПРАВОЧНИК!$O$13+('ФАКТ ЧИСТ К3'!Z5)*СПРАВОЧНИК!$P$13+('ФАКТ ЧИСТ К3'!AA5)*СПРАВОЧНИК!$L$14+('ФАКТ ЧИСТ К3'!AB5)*СПРАВОЧНИК!$M$14+('ФАКТ ЧИСТ К3'!AC5)*СПРАВОЧНИК!$N$14+('ФАКТ ЧИСТ К3'!AD5)*СПРАВОЧНИК!$O$14+('ФАКТ ЧИСТ К3'!AE5)*СПРАВОЧНИК!$P$14+('ФАКТ ЧИСТ К3'!AF5)*СПРАВОЧНИК!$L$15+('ФАКТ ЧИСТ К3'!AG5)*СПРАВОЧНИК!$M$15+('ФАКТ ЧИСТ К3'!AH5)*СПРАВОЧНИК!$N$15+('ФАКТ ЧИСТ К3'!AI5)*СПРАВОЧНИК!$O$15+('ФАКТ ЧИСТ К3'!AJ5)*СПРАВОЧНИК!$P$15 | BV14: =$A$2 | BW14: =U14*СПРАВОЧНИК!$K$28+AM14*СПРАВОЧНИК!$K$29+BE14*СПРАВОЧНИК!$K$30 | BX14: =V14*СПРАВОЧНИК!$K$28+AN14*СПРАВОЧНИК!$K$29+BF14*СПРАВОЧНИК!$K$30 | CB14: =$A$2 | CC14: =AA14*СПРАВОЧНИК!$K$28+AS14*СПРАВОЧНИК!$K$29+BK14*СПРАВОЧНИК!$K$30 | CD14: =AB14*СПРАВОЧНИК!$K$28+AT14*СПРАВОЧНИК!$K$29+BL14*СПРАВОЧНИК!$K$30 | CH14: =$A$2 | CI14: =AG14*СПРАВОЧНИК!$K$28+AY14*СПРАВОЧНИК!$K$29+BQ14*СПРАВОЧНИК!$K$30 | CJ14: =AH14*СПРАВОЧНИК!$K$28+AZ14*СПРАВОЧНИК!$K$29+BR14*СПРАВОЧНИК!$K$30 | CN14: =$A$2 | CO14: =C14*СПРАВОЧНИК!$W$18+BW14*СПРАВОЧНИК!$W$19 | CP14: =D14*СПРАВОЧНИК!$W$18+BX14*СПРАВОЧНИК!$W$19 | CT14: =$A$2 | CU14: =I14*СПРАВОЧНИК!$W$18+CC14*СПРАВОЧНИК!$W$19 | CV14: =J14*СПРАВОЧНИК!$W$18+CD14*СПРАВОЧНИК!$W$19 | CZ14: =$A$2 | DA14: =O14*СПРАВОЧНИК!$W$18+CI14*СПРАВОЧНИК!$W$19 | DB14: =P14*СПРАВОЧНИК!$W$18+CJ14*СПРАВОЧНИК!$W$19
B15: =B14+7 | C15: =СПРАВОЧНИК!$E$3*('ПЛАН ЧЕРН ПОДЗЕМ'!B6*СПРАВОЧНИК!$H$3+'ПЛАН ЧЕРН ПОДЗЕМ'!C6*СПРАВОЧНИК!$I$3+'ПЛАН ЧЕРН ПОДЗЕМ'!D6*СПРАВОЧНИК!$J$3)+СПРАВОЧНИК!$F$3*('ПЛАН ЧИСТ ПОДЗЕМ'!B6*СПРАВОЧНИК!$L$3+'ПЛАН ЧИСТ ПОДЗЕМ'!C6*СПРАВОЧНИК!$M$3+'ПЛАН ЧИСТ ПОДЗЕМ'!D6*СПРАВОЧНИК!$N$3+'ПЛАН ЧИСТ ПОДЗЕМ'!E6*СПРАВОЧНИК!$O$3+'ПЛАН ЧИСТ ПОДЗЕМ'!F6*СПРАВОЧНИК!$P$3)+СПРАВОЧНИК!$E$4*('ПЛАН ЧЕРН ПОДЗЕМ'!E6*СПРАВОЧНИК!$H$4+'ПЛАН ЧЕРН ПОДЗЕМ'!F6*СПРАВОЧНИК!$I$4+'ПЛАН ЧЕРН ПОДЗЕМ'!G6*СПРАВОЧНИК!$J$4)+СПРАВОЧНИК!$F$4*('ПЛАН ЧИСТ ПОДЗЕМ'!G6*СПРАВОЧНИК!$L$4+'ПЛАН ЧИСТ ПОДЗЕМ'!H6*СПРАВОЧНИК!$M$4+'ПЛАН ЧИСТ ПОДЗЕМ'!I6*СПРАВОЧНИК!$N$4+'ПЛАН ЧИСТ ПОДЗЕМ'!J6*СПРАВОЧНИК!$O$4+'ПЛАН ЧИСТ ПОДЗЕМ'!K6*СПРАВОЧНИК!$P$4)+СПРАВОЧНИК!$E$5*('ПЛАН ЧЕРН ПОДЗЕМ'!H6*СПРАВОЧНИК!$H$5+'ПЛАН ЧЕРН ПОДЗЕМ'!I6*СПРАВОЧНИК!$I$5+'ПЛАН ЧЕРН ПОДЗЕМ'!J6*СПРАВОЧНИК!$J$5)+СПРАВОЧНИК!$F$5*('ПЛАН ЧИСТ ПОДЗЕМ'!L6*СПРАВОЧНИК!$L$5+'ПЛАН ЧИСТ ПОДЗЕМ'!M6*СПРАВОЧНИК!$M$5+'ПЛАН ЧИСТ ПОДЗЕМ'!N6*СПРАВОЧНИК!$N$5+'ПЛАН ЧИСТ ПОДЗЕМ'!O6*СПРАВОЧНИК!$O$5+'ПЛАН ЧИСТ ПОДЗЕМ'!P6*СПРАВОЧНИК!$P$5)+СПРАВОЧНИК!$E$6*('ПЛАН ЧЕРН ПОДЗЕМ'!K6*СПРАВОЧНИК!$H$6+'ПЛАН ЧЕРН ПОДЗЕМ'!L6*СПРАВОЧНИК!$I$6+'ПЛАН ЧЕРН ПОДЗЕМ'!M6*СПРАВОЧНИК!$J$6)+СПРАВОЧНИК!$F$6*('ПЛАН ЧИСТ ПОДЗЕМ'!Q6*СПРАВОЧНИК!$L$6+'ПЛАН ЧИСТ ПОДЗЕМ'!R6*СПРАВОЧНИК!$M$6+'ПЛАН ЧИСТ ПОДЗЕМ'!S6*СПРАВОЧНИК!$N$6+'ПЛАН ЧИСТ ПОДЗЕМ'!T6*СПРАВОЧНИК!$O$6+'ПЛАН ЧИСТ ПОДЗЕМ'!U6*СПРАВОЧНИК!$P$6)+СПРАВОЧНИК!$E$7*('ПЛАН ЧЕРН ПОДЗЕМ'!N6*СПРАВОЧНИК!$H$7+'ПЛАН ЧЕРН ПОДЗЕМ'!O6*СПРАВОЧНИК!$I$7+'ПЛАН ЧЕРН ПОДЗЕМ'!P6*СПРАВОЧНИК!$J$7)+СПРАВОЧНИК!$F$7*('ПЛАН ЧИСТ ПОДЗЕМ'!V6*СПРАВОЧНИК!$L$7+'ПЛАН ЧИСТ ПОДЗЕМ'!W6*СПРАВОЧНИК!$M$7+'ПЛАН ЧИСТ ПОДЗЕМ'!X6*СПРАВОЧНИК!$N$7+'ПЛАН ЧИСТ ПОДЗЕМ'!Y6*СПРАВОЧНИК!$O$7+'ПЛАН ЧИСТ ПОДЗЕМ'!Z6*СПРАВОЧНИК!$P$7)+СПРАВОЧНИК!$E$8*('ПЛАН ЧЕРН ПОДЗЕМ'!Q6*СПРАВОЧНИК!$H$8+'ПЛАН ЧЕРН ПОДЗЕМ'!R6*СПРАВОЧНИК!$I$8+'ПЛАН ЧЕРН ПОДЗЕМ'!S6*СПРАВОЧНИК!$J$8)+СПРАВОЧНИК!$F$8*('ПЛАН ЧИСТ ПОДЗЕМ'!AA6*СПРАВОЧНИК!$L$8+'ПЛАН ЧИСТ ПОДЗЕМ'!AB6*СПРАВОЧНИК!$M$8+'ПЛАН ЧИСТ ПОДЗЕМ'!AC6*СПРАВОЧНИК!$N$8+'ПЛАН ЧИСТ ПОДЗЕМ'!AD6*СПРАВОЧНИК!$O$8+'ПЛАН ЧИСТ ПОДЗЕМ'!AE6*СПРАВОЧНИК!$P$8) | D15: =СПРАВОЧНИК!$E$3*('ФАКТ ЧЕРН ПОДЗЕМ'!B6*СПРАВОЧНИК!$H$3+'ФАКТ ЧЕРН ПОДЗЕМ'!C6*СПРАВОЧНИК!$I$3+'ФАКТ ЧЕРН ПОДЗЕМ'!D6*СПРАВОЧНИК!$J$3)+СПРАВОЧНИК!$F$3*('ФАКТ ЧИСТ ПОДЗЕМ'!B6*СПРАВОЧНИК!$L$3+'ФАКТ ЧИСТ ПОДЗЕМ'!C6*СПРАВОЧНИК!$M$3+'ФАКТ ЧИСТ ПОДЗЕМ'!D6*СПРАВОЧНИК!$N$3+'ФАКТ ЧИСТ ПОДЗЕМ'!E6*СПРАВОЧНИК!$O$3+'ФАКТ ЧИСТ ПОДЗЕМ'!F6*СПРАВОЧНИК!$P$3)+СПРАВОЧНИК!$E$4*('ФАКТ ЧЕРН ПОДЗЕМ'!E6*СПРАВОЧНИК!$H$4+'ФАКТ ЧЕРН ПОДЗЕМ'!F6*СПРАВОЧНИК!$I$4+'ФАКТ ЧЕРН ПОДЗЕМ'!G6*СПРАВОЧНИК!$J$4)+СПРАВОЧНИК!$F$4*('ФАКТ ЧИСТ ПОДЗЕМ'!G6*СПРАВОЧНИК!$L$4+'ФАКТ ЧИСТ ПОДЗЕМ'!H6*СПРАВОЧНИК!$M$4+'ФАКТ ЧИСТ ПОДЗЕМ'!I6*СПРАВОЧНИК!$N$4+'ФАКТ ЧИСТ ПОДЗЕМ'!J6*СПРАВОЧНИК!$O$4+'ФАКТ ЧИСТ ПОДЗЕМ'!K6*СПРАВОЧНИК!$P$4)+СПРАВОЧНИК!$E$5*('ФАКТ ЧЕРН ПОДЗЕМ'!H6*СПРАВОЧНИК!$H$5+'ФАКТ ЧЕРН ПОДЗЕМ'!I6*СПРАВОЧНИК!$I$5+'ФАКТ ЧЕРН ПОДЗЕМ'!J6*СПРАВОЧНИК!$J$5)+СПРАВОЧНИК!$F$5*('ФАКТ ЧИСТ ПОДЗЕМ'!L6*СПРАВОЧНИК!$L$5+'ФАКТ ЧИСТ ПОДЗЕМ'!M6*СПРАВОЧНИК!$M$5+'ФАКТ ЧИСТ ПОДЗЕМ'!N6*СПРАВОЧНИК!$N$5+'ФАКТ ЧИСТ ПОДЗЕМ'!O6*СПРАВОЧНИК!$O$5+'ФАКТ ЧИСТ ПОДЗЕМ'!P6*СПРАВОЧНИК!$P$5)+СПРАВОЧНИК!$E$6*('ФАКТ ЧЕРН ПОДЗЕМ'!K6*СПРАВОЧНИК!$H$6+'ФАКТ ЧЕРН ПОДЗЕМ'!L6*СПРАВОЧНИК!$I$6+'ФАКТ ЧЕРН ПОДЗЕМ'!M6*СПРАВОЧНИК!$J$6)+СПРАВОЧНИК!$F$6*('ФАКТ ЧИСТ ПОДЗЕМ'!Q6*СПРАВОЧНИК!$L$6+'ФАКТ ЧИСТ ПОДЗЕМ'!R6*СПРАВОЧНИК!$M$6+'ФАКТ ЧИСТ ПОДЗЕМ'!S6*СПРАВОЧНИК!$N$6+'ФАКТ ЧИСТ ПОДЗЕМ'!T6*СПРАВОЧНИК!$O$6+'ФАКТ ЧИСТ ПОДЗЕМ'!U6*СПРАВОЧНИК!$P$6)+СПРАВОЧНИК!$E$7*('ФАКТ ЧЕРН ПОДЗЕМ'!N6*СПРАВОЧНИК!$H$7+'ФАКТ ЧЕРН ПОДЗЕМ'!O6*СПРАВОЧНИК!$I$7+'ФАКТ ЧЕРН ПОДЗЕМ'!P6*СПРАВОЧНИК!$J$7)+СПРАВОЧНИК!$F$7*('ФАКТ ЧИСТ ПОДЗЕМ'!V6*СПРАВОЧНИК!$L$7+'ФАКТ ЧИСТ ПОДЗЕМ'!W6*СПРАВОЧНИК!$M$7+'ФАКТ ЧИСТ ПОДЗЕМ'!X6*СПРАВОЧНИК!$N$7+'ФАКТ ЧИСТ ПОДЗЕМ'!Y6*СПРАВОЧНИК!$O$7+'ФАКТ ЧИСТ ПОДЗЕМ'!Z6*СПРАВОЧНИК!$P$7)+СПРАВОЧНИК!$E$8*('ФАКТ ЧЕРН ПОДЗЕМ'!Q6*СПРАВОЧНИК!$H$8+'ФАКТ ЧЕРН ПОДЗЕМ'!R6*СПРАВОЧНИК!$I$8+'ФАКТ ЧЕРН ПОДЗЕМ'!S6*СПРАВОЧНИК!$J$8)+СПРАВОЧНИК!$F$8*('ФАКТ ЧИСТ ПОДЗЕМ'!AA6*СПРАВОЧНИК!$L$8+'ФАКТ ЧИСТ ПОДЗЕМ'!AB6*СПРАВОЧНИК!$M$8+'ФАКТ ЧИСТ ПОДЗЕМ'!AC6*СПРАВОЧНИК!$N$8+'ФАКТ ЧИСТ ПОДЗЕМ'!AD6*СПРАВОЧНИК!$O$8+'ФАКТ ЧИСТ ПОДЗЕМ'!AE6*СПРАВОЧНИК!$P$8) | H15: =H14+7 | I15: ='ПЛАН ЧЕРН ПОДЗЕМ'!B6*СПРАВОЧНИК!$H$3+'ПЛАН ЧЕРН ПОДЗЕМ'!C6*СПРАВОЧНИК!$I$3+'ПЛАН ЧЕРН ПОДЗЕМ'!D6*СПРАВОЧНИК!$J$3+'ПЛАН ЧЕРН ПОДЗЕМ'!E6*СПРАВОЧНИК!$H$4+'ПЛАН ЧЕРН ПОДЗЕМ'!F6*СПРАВОЧНИК!$I$4+'ПЛАН ЧЕРН ПОДЗЕМ'!G6*СПРАВОЧНИК!$J$4+'ПЛАН ЧЕРН ПОДЗЕМ'!H6*СПРАВОЧНИК!$H$5+'ПЛАН ЧЕРН ПОДЗЕМ'!I6*СПРАВОЧНИК!$I$5+'ПЛАН ЧЕРН ПОДЗЕМ'!J6*СПРАВОЧНИК!$J$5+'ПЛАН ЧЕРН ПОДЗЕМ'!K6*СПРАВОЧНИК!$H$6+'ПЛАН ЧЕРН ПОДЗЕМ'!L6*СПРАВОЧНИК!$I$6+'ПЛАН ЧЕРН ПОДЗЕМ'!M6*СПРАВОЧНИК!$J$6+'ПЛАН ЧЕРН ПОДЗЕМ'!N6*СПРАВОЧНИК!$H$7+'ПЛАН ЧЕРН ПОДЗЕМ'!O6*СПРАВОЧНИК!$I$7+'ПЛАН ЧЕРН ПОДЗЕМ'!P6*СПРАВОЧНИК!$J$7+'ПЛАН ЧЕРН ПОДЗЕМ'!Q6*СПРАВОЧНИК!$H$8+'ПЛАН ЧЕРН ПОДЗЕМ'!R6*СПРАВОЧНИК!$I$8+'ПЛАН ЧЕРН ПОДЗЕМ'!S6*СПРАВОЧНИК!$J$8 | J15: =('ФАКТ ЧЕРН ПОДЗЕМ'!B6)*СПРАВОЧНИК!$H$3+('ФАКТ ЧЕРН ПОДЗЕМ'!C6)*СПРАВОЧНИК!$I$3+('ФАКТ ЧЕРН ПОДЗЕМ'!D6)*СПРАВОЧНИК!$J$3+('ФАКТ ЧЕРН ПОДЗЕМ'!E6)*СПРАВОЧНИК!$H$4+('ФАКТ ЧЕРН ПОДЗЕМ'!F6)*СПРАВОЧНИК!$I$4+('ФАКТ ЧЕРН ПОДЗЕМ'!G6)*СПРАВОЧНИК!$J$4+('ФАКТ ЧЕРН ПОДЗЕМ'!H6)*СПРАВОЧНИК!$H$5+('ФАКТ ЧЕРН ПОДЗЕМ'!I6)*СПРАВОЧНИК!$I$5+('ФАКТ ЧЕРН ПОДЗЕМ'!J6)*СПРАВОЧНИК!$J$5+('ФАКТ ЧЕРН ПОДЗЕМ'!K6)*СПРАВОЧНИК!$H$6+('ФАКТ ЧЕРН ПОДЗЕМ'!L6)*СПРАВОЧНИК!$I$6+('ФАКТ ЧЕРН ПОДЗЕМ'!M6)*СПРАВОЧНИК!$J$6+('ФАКТ ЧЕРН ПОДЗЕМ'!N6)*СПРАВОЧНИК!$H$7+('ФАКТ ЧЕРН ПОДЗЕМ'!O6)*СПРАВОЧНИК!$I$7+('ФАКТ ЧЕРН ПОДЗЕМ'!P6)*СПРАВОЧНИК!$J$7+('ФАКТ ЧЕРН ПОДЗЕМ'!Q6)*СПРАВОЧНИК!$H$8+('ФАКТ ЧЕРН ПОДЗЕМ'!R6)*СПРАВОЧНИК!$I$8+('ФАКТ ЧЕРН ПОДЗЕМ'!S6)*СПРАВОЧНИК!$J$8 | N15: =N14+7 | O15: ='ПЛАН ЧИСТ ПОДЗЕМ'!B6*СПРАВОЧНИК!$L$3+'ПЛАН ЧИСТ ПОДЗЕМ'!C6*СПРАВОЧНИК!$M$3+'ПЛАН ЧИСТ ПОДЗЕМ'!D6*СПРАВОЧНИК!$N$3+'ПЛАН ЧИСТ ПОДЗЕМ'!E6*СПРАВОЧНИК!$O$3+'ПЛАН ЧИСТ ПОДЗЕМ'!F6*СПРАВОЧНИК!$P$3+'ПЛАН ЧИСТ ПОДЗЕМ'!G6*СПРАВОЧНИК!$L$4+'ПЛАН ЧИСТ ПОДЗЕМ'!H6*СПРАВОЧНИК!$M$4+'ПЛАН ЧИСТ ПОДЗЕМ'!I6*СПРАВОЧНИК!$N$4+'ПЛАН ЧИСТ ПОДЗЕМ'!J6*СПРАВОЧНИК!$O$4+'ПЛАН ЧИСТ ПОДЗЕМ'!K6*СПРАВОЧНИК!$P$4+'ПЛАН ЧИСТ ПОДЗЕМ'!L6*СПРАВОЧНИК!$L$5+'ПЛАН ЧИСТ ПОДЗЕМ'!M6*СПРАВОЧНИК!$M$5+'ПЛАН ЧИСТ ПОДЗЕМ'!N6*СПРАВОЧНИК!$N$5+'ПЛАН ЧИСТ ПОДЗЕМ'!O6*СПРАВОЧНИК!$O$5+'ПЛАН ЧИСТ ПОДЗЕМ'!P6*СПРАВОЧНИК!$P$5+'ПЛАН ЧИСТ ПОДЗЕМ'!Q6*СПРАВОЧНИК!$L$6+'ПЛАН ЧИСТ ПОДЗЕМ'!R6*СПРАВОЧНИК!$M$6+'ПЛАН ЧИСТ ПОДЗЕМ'!S6*СПРАВОЧНИК!$N$6+'ПЛАН ЧИСТ ПОДЗЕМ'!T6*СПРАВОЧНИК!$O$6+'ПЛАН ЧИСТ ПОДЗЕМ'!U6*СПРАВОЧНИК!$P$6+'ПЛАН ЧИСТ ПОДЗЕМ'!V6*СПРАВОЧНИК!$L$7+'ПЛАН ЧИСТ ПОДЗЕМ'!W6*СПРАВОЧНИК!$M$7+'ПЛАН ЧИСТ ПОДЗЕМ'!X6*СПРАВОЧНИК!$N$7+'ПЛАН ЧИСТ ПОДЗЕМ'!Y6*СПРАВОЧНИК!$O$7+'ПЛАН ЧИСТ ПОДЗЕМ'!Z6*СПРАВОЧНИК!$P$7+'ПЛАН ЧИСТ ПОДЗЕМ'!AA6*СПРАВОЧНИК!$L$8+'ПЛАН ЧИСТ ПОДЗЕМ'!AB6*СПРАВОЧНИК!$M$8+'ПЛАН ЧИСТ ПОДЗЕМ'!AC6*СПРАВОЧНИК!$N$8+'ПЛАН ЧИСТ ПОДЗЕМ'!AD6*СПРАВОЧНИК!$O$8+'ПЛАН ЧИСТ ПОДЗЕМ'!AE6*СПРАВОЧНИК!$P$8 | P15: =('ФАКТ ЧИСТ ПОДЗЕМ'!B6)*СПРАВОЧНИК!$L$3+('ФАКТ ЧИСТ ПОДЗЕМ'!C6)*СПРАВОЧНИК!$M$3+('ФАКТ ЧИСТ ПОДЗЕМ'!D6)*СПРАВОЧНИК!$N$3+('ФАКТ ЧИСТ ПОДЗЕМ'!E6)*СПРАВОЧНИК!$O$3+('ФАКТ ЧИСТ ПОДЗЕМ'!F6)*СПРАВОЧНИК!$P$3+('ФАКТ ЧИСТ ПОДЗЕМ'!G6)*СПРАВОЧНИК!$L$4+('ФАКТ ЧИСТ ПОДЗЕМ'!H6)*СПРАВОЧНИК!$M$4+('ФАКТ ЧИСТ ПОДЗЕМ'!I6)*СПРАВОЧНИК!$N$4+('ФАКТ ЧИСТ ПОДЗЕМ'!J6)*СПРАВОЧНИК!$O$4+('ФАКТ ЧИСТ ПОДЗЕМ'!K6)*СПРАВОЧНИК!$P$4+('ФАКТ ЧИСТ ПОДЗЕМ'!L6)*СПРАВОЧНИК!$L$5+('ФАКТ ЧИСТ ПОДЗЕМ'!M6)*СПРАВОЧНИК!$M$5+('ФАКТ ЧИСТ ПОДЗЕМ'!N6)*СПРАВОЧНИК!$N$5+('ФАКТ ЧИСТ ПОДЗЕМ'!O6)*СПРАВОЧНИК!$O$5+('ФАКТ ЧИСТ ПОДЗЕМ'!P6)*СПРАВОЧНИК!$P$5+('ФАКТ ЧИСТ ПОДЗЕМ'!Q6)*СПРАВОЧНИК!$L$6+('ФАКТ ЧИСТ ПОДЗЕМ'!R6)*СПРАВОЧНИК!$M$6+('ФАКТ ЧИСТ ПОДЗЕМ'!S6)*СПРАВОЧНИК!$N$6+('ФАКТ ЧИСТ ПОДЗЕМ'!T6)*СПРАВОЧНИК!$O$6+('ФАКТ ЧИСТ ПОДЗЕМ'!U6)*СПРАВОЧНИК!$P$6+('ФАКТ ЧИСТ ПОДЗЕМ'!V6)*СПРАВОЧНИК!$L$7+('ФАКТ ЧИСТ ПОДЗЕМ'!W6)*СПРАВОЧНИК!$M$7+('ФАКТ ЧИСТ ПОДЗЕМ'!X6)*СПРАВОЧНИК!$N$7+('ФАКТ ЧИСТ ПОДЗЕМ'!Y6)*СПРАВОЧНИК!$O$7+('ФАКТ ЧИСТ ПОДЗЕМ'!Z6)*СПРАВОЧНИК!$P$7+('ФАКТ ЧИСТ ПОДЗЕМ'!AA6)*СПРАВОЧНИК!$L$8+('ФАКТ ЧИСТ ПОДЗЕМ'!AB6)*СПРАВОЧНИК!$M$8+('ФАКТ ЧИСТ ПОДЗЕМ'!AC6)*СПРАВОЧНИК!$N$8+('ФАКТ ЧИСТ ПОДЗЕМ'!AD6)*СПРАВОЧНИК!$O$8+('ФАКТ ЧИСТ ПОДЗЕМ'!AE6)*СПРАВОЧНИК!$P$8 | T15: =T14+7 | U15: =СПРАВОЧНИК!$E$9*('ПЛАН ЧЕРН К1'!B6*СПРАВОЧНИК!$H$9+'ПЛАН ЧЕРН К1'!C6*СПРАВОЧНИК!$I$9+'ПЛАН ЧЕРН К1'!D6*СПРАВОЧНИК!$J$9)+СПРАВОЧНИК!$F$9*('ПЛАН ЧИСТ К1'!B6*СПРАВОЧНИК!$L$9+'ПЛАН ЧИСТ К1'!C6*СПРАВОЧНИК!$M$9+'ПЛАН ЧИСТ К1'!D6*СПРАВОЧНИК!$N$9+'ПЛАН ЧИСТ К1'!E6*СПРАВОЧНИК!$O$9+'ПЛАН ЧИСТ К1'!F6*СПРАВОЧНИК!$P$9)+СПРАВОЧНИК!$E$10*('ПЛАН ЧЕРН К1'!E6*СПРАВОЧНИК!$H$10+'ПЛАН ЧЕРН К1'!F6*СПРАВОЧНИК!$I$10+'ПЛАН ЧЕРН К1'!G6*СПРАВОЧНИК!$J$10)+СПРАВОЧНИК!$F$10*('ПЛАН ЧИСТ К1'!G6*СПРАВОЧНИК!$L$10+'ПЛАН ЧИСТ К1'!H6*СПРАВОЧНИК!$M$10+'ПЛАН ЧИСТ К1'!I6*СПРАВОЧНИК!$N$10+'ПЛАН ЧИСТ К1'!J6*СПРАВОЧНИК!$O$10+'ПЛАН ЧИСТ К1'!K6*СПРАВОЧНИК!$P$10)+СПРАВОЧНИК!$E$11*('ПЛАН ЧЕРН К1'!H6*СПРАВОЧНИК!$H$11+'ПЛАН ЧЕРН К1'!I6*СПРАВОЧНИК!$I$11+'ПЛАН ЧЕРН К1'!J6*СПРАВОЧНИК!$J$11)+СПРАВОЧНИК!$F$11*('ПЛАН ЧИСТ К1'!L6*СПРАВОЧНИК!$L$11+'ПЛАН ЧИСТ К1'!M6*СПРАВОЧНИК!$M$11+'ПЛАН ЧИСТ К1'!N6*СПРАВОЧНИК!$N$11+'ПЛАН ЧИСТ К1'!O6*СПРАВОЧНИК!$O$11+'ПЛАН ЧИСТ К1'!P6*СПРАВОЧНИК!$P$11)+СПРАВОЧНИК!$E$12*('ПЛАН ЧЕРН К1'!K6*СПРАВОЧНИК!$H$12+'ПЛАН ЧЕРН К1'!L6*СПРАВОЧНИК!$I$12+'ПЛАН ЧЕРН К1'!M6*СПРАВОЧНИК!$J$12)+СПРАВОЧНИК!$F$12*('ПЛАН ЧИСТ К1'!Q6*СПРАВОЧНИК!$L$12+'ПЛАН ЧИСТ К1'!R6*СПРАВОЧНИК!$M$12+'ПЛАН ЧИСТ К1'!S6*СПРАВОЧНИК!$N$12+'ПЛАН ЧИСТ К1'!T6*СПРАВОЧНИК!$O$12+'ПЛАН ЧИСТ К1'!U6*СПРАВОЧНИК!$P$12)+СПРАВОЧНИК!$E$13*('ПЛАН ЧЕРН К1'!N6*СПРАВОЧНИК!$H$13+'ПЛАН ЧЕРН К1'!O6*СПРАВОЧНИК!$I$13+'ПЛАН ЧЕРН К1'!P6*СПРАВОЧНИК!$J$13)+СПРАВОЧНИК!$F$13*('ПЛАН ЧИСТ К1'!V6*СПРАВОЧНИК!$L$13+'ПЛАН ЧИСТ К1'!W6*СПРАВОЧНИК!$M$13+'ПЛАН ЧИСТ К1'!X6*СПРАВОЧНИК!$N$13+'ПЛАН ЧИСТ К1'!Y6*СПРАВОЧНИК!$O$13+'ПЛАН ЧИСТ К1'!Z6*СПРАВОЧНИК!$P$13)+СПРАВОЧНИК!$E$14*('ПЛАН ЧЕРН К1'!Q6*СПРАВОЧНИК!$H$14+'ПЛАН ЧЕРН К1'!R6*СПРАВОЧНИК!$I$14+'ПЛАН ЧЕРН К1'!S6*СПРАВОЧНИК!$J$14)+СПРАВОЧНИК!$F$14*('ПЛАН ЧИСТ К1'!AA6*СПРАВОЧНИК!$L$14+'ПЛАН ЧИСТ К1'!AB6*СПРАВОЧНИК!$M$14+'ПЛАН ЧИСТ К1'!AC6*СПРАВОЧНИК!$N$14+'ПЛАН ЧИСТ К1'!AD6*СПРАВОЧНИК!$O$14+'ПЛАН ЧИСТ К1'!AE6*СПРАВОЧНИК!$P$14)+СПРАВОЧНИК!$E$15*('ПЛАН ЧЕРН К1'!T6*СПРАВОЧНИК!$H$15+'ПЛАН ЧЕРН К1'!U6*СПРАВОЧНИК!$I$15+'ПЛАН ЧЕРН К1'!V6*СПРАВОЧНИК!$J$15)+СПРАВОЧНИК!$F$15*('ПЛАН ЧИСТ К1'!AF6*СПРАВОЧНИК!$L$15+'ПЛАН ЧИСТ К1'!AG6*СПРАВОЧНИК!$M$15+'ПЛАН ЧИСТ К1'!AH6*СПРАВОЧНИК!$N$15+'ПЛАН ЧИСТ К1'!AI6*СПРАВОЧНИК!$O$15+'ПЛАН ЧИСТ К1'!AJ6*СПРАВОЧНИК!$P$15) | V15: =СПРАВОЧНИК!$E$9*('ФАКТ ЧЕРН К1'!B6*СПРАВОЧНИК!$H$9+'ФАКТ ЧЕРН К1'!C6*СПРАВОЧНИК!$I$9+'ФАКТ ЧЕРН К1'!D6*СПРАВОЧНИК!$J$9)+СПРАВОЧНИК!$F$9*('ФАКТ ЧИСТ К1'!B6*СПРАВОЧНИК!$L$9+'ФАКТ ЧИСТ К1'!C6*СПРАВОЧНИК!$M$9+'ФАКТ ЧИСТ К1'!D6*СПРАВОЧНИК!$N$9+'ФАКТ ЧИСТ К1'!E6*СПРАВОЧНИК!$O$9+'ФАКТ ЧИСТ К1'!F6*СПРАВОЧНИК!$P$9)+СПРАВОЧНИК!$E$10*('ФАКТ ЧЕРН К1'!E6*СПРАВОЧНИК!$H$10+'ФАКТ ЧЕРН К1'!F6*СПРАВОЧНИК!$I$10+'ФАКТ ЧЕРН К1'!G6*СПРАВОЧНИК!$J$10)+СПРАВОЧНИК!$F$10*('ФАКТ ЧИСТ К1'!G6*СПРАВОЧНИК!$L$10+'ФАКТ ЧИСТ К1'!H6*СПРАВОЧНИК!$M$10+'ФАКТ ЧИСТ К1'!I6*СПРАВОЧНИК!$N$10+'ФАКТ ЧИСТ К1'!J6*СПРАВОЧНИК!$O$10+'ФАКТ ЧИСТ К1'!K6*СПРАВОЧНИК!$P$10)+СПРАВОЧНИК!$E$11*('ФАКТ ЧЕРН К1'!H6*СПРАВОЧНИК!$H$11+'ФАКТ ЧЕРН К1'!I6*СПРАВОЧНИК!$I$11+'ФАКТ ЧЕРН К1'!J6*СПРАВОЧНИК!$J$11)+СПРАВОЧНИК!$F$11*('ФАКТ ЧИСТ К1'!L6*СПРАВОЧНИК!$L$11+'ФАКТ ЧИСТ К1'!M6*СПРАВОЧНИК!$M$11+'ФАКТ ЧИСТ К1'!N6*СПРАВОЧНИК!$N$11+'ФАКТ ЧИСТ К1'!O6*СПРАВОЧНИК!$O$11+'ФАКТ ЧИСТ К1'!P6*СПРАВОЧНИК!$P$11)+СПРАВОЧНИК!$E$12*('ФАКТ ЧЕРН К1'!K6*СПРАВОЧНИК!$H$12+'ФАКТ ЧЕРН К1'!L6*СПРАВОЧНИК!$I$12+'ФАКТ ЧЕРН К1'!M6*СПРАВОЧНИК!$J$12)+СПРАВОЧНИК!$F$12*('ФАКТ ЧИСТ К1'!Q6*СПРАВОЧНИК!$L$12+'ФАКТ ЧИСТ К1'!R6*СПРАВОЧНИК!$M$12+'ФАКТ ЧИСТ К1'!S6*СПРАВОЧНИК!$N$12+'ФАКТ ЧИСТ К1'!T6*СПРАВОЧНИК!$O$12+'ФАКТ ЧИСТ К1'!U6*СПРАВОЧНИК!$P$12)+СПРАВОЧНИК!$E$13*('ФАКТ ЧЕРН К1'!N6*СПРАВОЧНИК!$H$13+'ФАКТ ЧЕРН К1'!O6*СПРАВОЧНИК!$I$13+'ФАКТ ЧЕРН К1'!P6*СПРАВОЧНИК!$J$13)+СПРАВОЧНИК!$F$13*('ФАКТ ЧИСТ К1'!V6*СПРАВОЧНИК!$L$13+'ФАКТ ЧИСТ К1'!W6*СПРАВОЧНИК!$M$13+'ФАКТ ЧИСТ К1'!X6*СПРАВОЧНИК!$N$13+'ФАКТ ЧИСТ К1'!Y6*СПРАВОЧНИК!$O$13+'ФАКТ ЧИСТ К1'!Z6*СПРАВОЧНИК!$P$13)+СПРАВОЧНИК!$E$14*('ФАКТ ЧЕРН К1'!Q6*СПРАВОЧНИК!$H$14+'ФАКТ ЧЕРН К1'!R6*СПРАВОЧНИК!$I$14+'ФАКТ ЧЕРН К1'!S6*СПРАВОЧНИК!$J$14)+СПРАВОЧНИК!$F$14*('ФАКТ ЧИСТ К1'!AA6*СПРАВОЧНИК!$L$14+'ФАКТ ЧИСТ К1'!AB6*СПРАВОЧНИК!$M$14+'ФАКТ ЧИСТ К1'!AC6*СПРАВОЧНИК!$N$14+'ФАКТ ЧИСТ К1'!AD6*СПРАВОЧНИК!$O$14+'ФАКТ ЧИСТ К1'!AE6*СПРАВОЧНИК!$P$14)+СПРАВОЧНИК!$E$15*('ФАКТ ЧЕРН К1'!T6*СПРАВОЧНИК!$H$15+'ФАКТ ЧЕРН К1'!U6*СПРАВОЧНИК!$I$15+'ФАКТ ЧЕРН К1'!V6*СПРАВОЧНИК!$J$15)+СПРАВОЧНИК!$F$15*('ФАКТ ЧИСТ К1'!AF6*СПРАВОЧНИК!$L$15+'ФАКТ ЧИСТ К1'!AG6*СПРАВОЧНИК!$M$15+'ФАКТ ЧИСТ К1'!AH6*СПРАВОЧНИК!$N$15+'ФАКТ ЧИСТ К1'!AI6*СПРАВОЧНИК!$O$15+'ФАКТ ЧИСТ К1'!AJ6*СПРАВОЧНИК!$P$15) | Z15: =Z14+7 | AA15: ='ПЛАН ЧЕРН К1'!B6*СПРАВОЧНИК!$H$9+'ПЛАН ЧЕРН К1'!C6*СПРАВОЧНИК!$I$9+'ПЛАН ЧЕРН К1'!D6*СПРАВОЧНИК!$J$9+'ПЛАН ЧЕРН К1'!E6*СПРАВОЧНИК!$H$10+'ПЛАН ЧЕРН К1'!F6*СПРАВОЧНИК!$I$10+'ПЛАН ЧЕРН К1'!G6*СПРАВОЧНИК!$J$10+'ПЛАН ЧЕРН К1'!H6*СПРАВОЧНИК!$H$11+'ПЛАН ЧЕРН К1'!I6*СПРАВОЧНИК!$I$11+'ПЛАН ЧЕРН К1'!J6*СПРАВОЧНИК!$J$11+'ПЛАН ЧЕРН К1'!K6*СПРАВОЧНИК!$H$12+'ПЛАН ЧЕРН К1'!L6*СПРАВОЧНИК!$I$12+'ПЛАН ЧЕРН К1'!M6*СПРАВОЧНИК!$J$12+'ПЛАН ЧЕРН К1'!N6*СПРАВОЧНИК!$H$13+'ПЛАН ЧЕРН К1'!O6*СПРАВОЧНИК!$I$13+'ПЛАН ЧЕРН К1'!P6*СПРАВОЧНИК!$J$13+'ПЛАН ЧЕРН К1'!Q6*СПРАВОЧНИК!$H$14+'ПЛАН ЧЕРН К1'!R6*СПРАВОЧНИК!$I$14+'ПЛАН ЧЕРН К1'!S6*СПРАВОЧНИК!$J$14+'ПЛАН ЧЕРН К1'!T6*СПРАВОЧНИК!$H$15+'ПЛАН ЧЕРН К1'!U6*СПРАВОЧНИК!$I$15+'ПЛАН ЧЕРН К1'!V6*СПРАВОЧНИК!$J$15 | AB15: =('ФАКТ ЧЕРН К1'!B6)*СПРАВОЧНИК!$H$9+('ФАКТ ЧЕРН К1'!C6)*СПРАВОЧНИК!$I$9+('ФАКТ ЧЕРН К1'!D6)*СПРАВОЧНИК!$J$9+('ФАКТ ЧЕРН К1'!E6)*СПРАВОЧНИК!$H$10+('ФАКТ ЧЕРН К1'!F6)*СПРАВОЧНИК!$I$10+('ФАКТ ЧЕРН К1'!G6)*СПРАВОЧНИК!$J$10+('ФАКТ ЧЕРН К1'!H6)*СПРАВОЧНИК!$H$11+('ФАКТ ЧЕРН К1'!I6)*СПРАВОЧНИК!$I$11+('ФАКТ ЧЕРН К1'!J6)*СПРАВОЧНИК!$J$11+('ФАКТ ЧЕРН К1'!K6)*СПРАВОЧНИК!$H$12+('ФАКТ ЧЕРН К1'!L6)*СПРАВОЧНИК!$I$12+('ФАКТ ЧЕРН К1'!M6)*СПРАВОЧНИК!$J$12+('ФАКТ ЧЕРН К1'!N6)*СПРАВОЧНИК!$H$13+('ФАКТ ЧЕРН К1'!O6)*СПРАВОЧНИК!$I$13+('ФАКТ ЧЕРН К1'!P6)*СПРАВОЧНИК!$J$13+('ФАКТ ЧЕРН К1'!Q6)*СПРАВОЧНИК!$H$14+('ФАКТ ЧЕРН К1'!R6)*СПРАВОЧНИК!$I$14+('ФАКТ ЧЕРН К1'!S6)*СПРАВОЧНИК!$J$14+('ФАКТ ЧЕРН К1'!T6)*СПРАВОЧНИК!$H$15+('ФАКТ ЧЕРН К1'!U6)*СПРАВОЧНИК!$I$15+('ФАКТ ЧЕРН К1'!V6)*СПРАВОЧНИК!$J$15 | AF15: =AF14+7 | AG15: ='ПЛАН ЧИСТ К1'!B6*СПРАВОЧНИК!$L$9+'ПЛАН ЧИСТ К1'!C6*СПРАВОЧНИК!$M$9+'ПЛАН ЧИСТ К1'!D6*СПРАВОЧНИК!$N$9+'ПЛАН ЧИСТ К1'!E6*СПРАВОЧНИК!$O$9+'ПЛАН ЧИСТ К1'!F6*СПРАВОЧНИК!$P$9+'ПЛАН ЧИСТ К1'!G6*СПРАВОЧНИК!$L$10+'ПЛАН ЧИСТ К1'!H6*СПРАВОЧНИК!$M$10+'ПЛАН ЧИСТ К1'!I6*СПРАВОЧНИК!$N$10+'ПЛАН ЧИСТ К1'!J6*СПРАВОЧНИК!$O$10+'ПЛАН ЧИСТ К1'!K6*СПРАВОЧНИК!$P$10+'ПЛАН ЧИСТ К1'!L6*СПРАВОЧНИК!$L$11+'ПЛАН ЧИСТ К1'!M6*СПРАВОЧНИК!$M$11+'ПЛАН ЧИСТ К1'!N6*СПРАВОЧНИК!$N$11+'ПЛАН ЧИСТ К1'!O6*СПРАВОЧНИК!$O$11+'ПЛАН ЧИСТ К1'!P6*СПРАВОЧНИК!$P$11+'ПЛАН ЧИСТ К1'!Q6*СПРАВОЧНИК!$L$12+'ПЛАН ЧИСТ К1'!R6*СПРАВОЧНИК!$M$12+'ПЛАН ЧИСТ К1'!S6*СПРАВОЧНИК!$N$12+'ПЛАН ЧИСТ К1'!T6*СПРАВОЧНИК!$O$12+'ПЛАН ЧИСТ К1'!U6*СПРАВОЧНИК!$P$12+'ПЛАН ЧИСТ К1'!V6*СПРАВОЧНИК!$L$13+'ПЛАН ЧИСТ К1'!W6*СПРАВОЧНИК!$M$13+'ПЛАН ЧИСТ К1'!X6*СПРАВОЧНИК!$N$13+'ПЛАН ЧИСТ К1'!Y6*СПРАВОЧНИК!$O$13+'ПЛАН ЧИСТ К1'!Z6*СПРАВОЧНИК!$P$13+'ПЛАН ЧИСТ К1'!AA6*СПРАВОЧНИК!$L$14+'ПЛАН ЧИСТ К1'!AB6*СПРАВОЧНИК!$M$14+'ПЛАН ЧИСТ К1'!AC6*СПРАВОЧНИК!$N$14+'ПЛАН ЧИСТ К1'!AD6*СПРАВОЧНИК!$O$14+'ПЛАН ЧИСТ К1'!AE6*СПРАВОЧНИК!$P$14+'ПЛАН ЧИСТ К1'!AF6*СПРАВОЧНИК!$L$15+'ПЛАН ЧИСТ К1'!AG6*СПРАВОЧНИК!$M$15+'ПЛАН ЧИСТ К1'!AH6*СПРАВОЧНИК!$N$15+'ПЛАН ЧИСТ К1'!AI6*СПРАВОЧНИК!$O$15+'ПЛАН ЧИСТ К1'!AJ6*СПРАВОЧНИК!$P$15 | AH15: =('ФАКТ ЧИСТ К1'!B6)*СПРАВОЧНИК!$L$9+('ФАКТ ЧИСТ К1'!C6)*СПРАВОЧНИК!$M$9+('ФАКТ ЧИСТ К1'!D6)*СПРАВОЧНИК!$N$9+('ФАКТ ЧИСТ К1'!E6)*СПРАВОЧНИК!$O$9+('ФАКТ ЧИСТ К1'!F6)*СПРАВОЧНИК!$P$9+('ФАКТ ЧИСТ К1'!G6)*СПРАВОЧНИК!$L$10+('ФАКТ ЧИСТ К1'!H6)*СПРАВОЧНИК!$M$10+('ФАКТ ЧИСТ К1'!I6)*СПРАВОЧНИК!$N$10+('ФАКТ ЧИСТ К1'!J6)*СПРАВОЧНИК!$O$10+('ФАКТ ЧИСТ К1'!K6)*СПРАВОЧНИК!$P$10+('ФАКТ ЧИСТ К1'!L6)*СПРАВОЧНИК!$L$11+('ФАКТ ЧИСТ К1'!M6)*СПРАВОЧНИК!$M$11+('ФАКТ ЧИСТ К1'!N6)*СПРАВОЧНИК!$N$11+('ФАКТ ЧИСТ К1'!O6)*СПРАВОЧНИК!$O$11+('ФАКТ ЧИСТ К1'!P6)*СПРАВОЧНИК!$P$11+('ФАКТ ЧИСТ К1'!Q6)*СПРАВОЧНИК!$L$12+('ФАКТ ЧИСТ К1'!R6)*СПРАВОЧНИК!$M$12+('ФАКТ ЧИСТ К1'!S6)*СПРАВОЧНИК!$N$12+('ФАКТ ЧИСТ К1'!T6)*СПРАВОЧНИК!$O$12+('ФАКТ ЧИСТ К1'!U6)*СПРАВОЧНИК!$P$12+('ФАКТ ЧИСТ К1'!V6)*СПРАВОЧНИК!$L$13+('ФАКТ ЧИСТ К1'!W6)*СПРАВОЧНИК!$M$13+('ФАКТ ЧИСТ К1'!X6)*СПРАВОЧНИК!$N$13+('ФАКТ ЧИСТ К1'!Y6)*СПРАВОЧНИК!$O$13+('ФАКТ ЧИСТ К1'!Z6)*СПРАВОЧНИК!$P$13+('ФАКТ ЧИСТ К1'!AA6)*СПРАВОЧНИК!$L$14+('ФАКТ ЧИСТ К1'!AB6)*СПРАВОЧНИК!$M$14+('ФАКТ ЧИСТ К1'!AC6)*СПРАВОЧНИК!$N$14+('ФАКТ ЧИСТ К1'!AD6)*СПРАВОЧНИК!$O$14+('ФАКТ ЧИСТ К1'!AE6)*СПРАВОЧНИК!$P$14+('ФАКТ ЧИСТ К1'!AF6)*СПРАВОЧНИК!$L$15+('ФАКТ ЧИСТ К1'!AG6)*СПРАВОЧНИК!$M$15+('ФАКТ ЧИСТ К1'!AH6)*СПРАВОЧНИК!$N$15+('ФАКТ ЧИСТ К1'!AI6)*СПРАВОЧНИК!$O$15+('ФАКТ ЧИСТ К1'!AJ6)*СПРАВОЧНИК!$P$15 | AL15: =AL14+7 | AM15: =СПРАВОЧНИК!$E$9*('ПЛАН ЧЕРН К2'!B6*СПРАВОЧНИК!$H$9+'ПЛАН ЧЕРН К2'!C6*СПРАВОЧНИК!$I$9+'ПЛАН ЧЕРН К2'!D6*СПРАВОЧНИК!$J$9)+СПРАВОЧНИК!$F$9*('ПЛАН ЧИСТ К2'!B6*СПРАВОЧНИК!$L$9+'ПЛАН ЧИСТ К2'!C6*СПРАВОЧНИК!$M$9+'ПЛАН ЧИСТ К2'!D6*СПРАВОЧНИК!$N$9+'ПЛАН ЧИСТ К2'!E6*СПРАВОЧНИК!$O$9+'ПЛАН ЧИСТ К2'!F6*СПРАВОЧНИК!$P$9)+СПРАВОЧНИК!$E$10*('ПЛАН ЧЕРН К2'!E6*СПРАВОЧНИК!$H$10+'ПЛАН ЧЕРН К2'!F6*СПРАВОЧНИК!$I$10+'ПЛАН ЧЕРН К2'!G6*СПРАВОЧНИК!$J$10)+СПРАВОЧНИК!$F$10*('ПЛАН ЧИСТ К2'!G6*СПРАВОЧНИК!$L$10+'ПЛАН ЧИСТ К2'!H6*СПРАВОЧНИК!$M$10+'ПЛАН ЧИСТ К2'!I6*СПРАВОЧНИК!$N$10+'ПЛАН ЧИСТ К2'!J6*СПРАВОЧНИК!$O$10+'ПЛАН ЧИСТ К2'!K6*СПРАВОЧНИК!$P$10)+СПРАВОЧНИК!$E$11*('ПЛАН ЧЕРН К2'!H6*СПРАВОЧНИК!$H$11+'ПЛАН ЧЕРН К2'!I6*СПРАВОЧНИК!$I$11+'ПЛАН ЧЕРН К2'!J6*СПРАВОЧНИК!$J$11)+СПРАВОЧНИК!$F$11*('ПЛАН ЧИСТ К2'!L6*СПРАВОЧНИК!$L$11+'ПЛАН ЧИСТ К2'!M6*СПРАВОЧНИК!$M$11+'ПЛАН ЧИСТ К2'!N6*СПРАВОЧНИК!$N$11+'ПЛАН ЧИСТ К2'!O6*СПРАВОЧНИК!$O$11+'ПЛАН ЧИСТ К2'!P6*СПРАВОЧНИК!$P$11)+СПРАВОЧНИК!$E$12*('ПЛАН ЧЕРН К2'!K6*СПРАВОЧНИК!$H$12+'ПЛАН ЧЕРН К2'!L6*СПРАВОЧНИК!$I$12+'ПЛАН ЧЕРН К2'!M6*СПРАВОЧНИК!$J$12)+СПРАВОЧНИК!$F$12*('ПЛАН ЧИСТ К2'!Q6*СПРАВОЧНИК!$L$12+'ПЛАН ЧИСТ К2'!R6*СПРАВОЧНИК!$M$12+'ПЛАН ЧИСТ К2'!S6*СПРАВОЧНИК!$N$12+'ПЛАН ЧИСТ К2'!T6*СПРАВОЧНИК!$O$12+'ПЛАН ЧИСТ К2'!U6*СПРАВОЧНИК!$P$12)+СПРАВОЧНИК!$E$13*('ПЛАН ЧЕРН К2'!N6*СПРАВОЧНИК!$H$13+'ПЛАН ЧЕРН К2'!O6*СПРАВОЧНИК!$I$13+'ПЛАН ЧЕРН К2'!P6*СПРАВОЧНИК!$J$13)+СПРАВОЧНИК!$F$13*('ПЛАН ЧИСТ К2'!V6*СПРАВОЧНИК!$L$13+'ПЛАН ЧИСТ К2'!W6*СПРАВОЧНИК!$M$13+'ПЛАН ЧИСТ К2'!X6*СПРАВОЧНИК!$N$13+'ПЛАН ЧИСТ К2'!Y6*СПРАВОЧНИК!$O$13+'ПЛАН ЧИСТ К2'!Z6*СПРАВОЧНИК!$P$13)+СПРАВОЧНИК!$E$14*('ПЛАН ЧЕРН К2'!Q6*СПРАВОЧНИК!$H$14+'ПЛАН ЧЕРН К2'!R6*СПРАВОЧНИК!$I$14+'ПЛАН ЧЕРН К2'!S6*СПРАВОЧНИК!$J$14)+СПРАВОЧНИК!$F$14*('ПЛАН ЧИСТ К2'!AA6*СПРАВОЧНИК!$L$14+'ПЛАН ЧИСТ К2'!AB6*СПРАВОЧНИК!$M$14+'ПЛАН ЧИСТ К2'!AC6*СПРАВОЧНИК!$N$14+'ПЛАН ЧИСТ К2'!AD6*СПРАВОЧНИК!$O$14+'ПЛАН ЧИСТ К2'!AE6*СПРАВОЧНИК!$P$14)+СПРАВОЧНИК!$E$15*('ПЛАН ЧЕРН К2'!T6*СПРАВОЧНИК!$H$15+'ПЛАН ЧЕРН К2'!U6*СПРАВОЧНИК!$I$15+'ПЛАН ЧЕРН К2'!V6*СПРАВОЧНИК!$J$15)+СПРАВОЧНИК!$F$15*('ПЛАН ЧИСТ К2'!AF6*СПРАВОЧНИК!$L$15+'ПЛАН ЧИСТ К2'!AG6*СПРАВОЧНИК!$M$15+'ПЛАН ЧИСТ К2'!AH6*СПРАВОЧНИК!$N$15+'ПЛАН ЧИСТ К2'!AI6*СПРАВОЧНИК!$O$15+'ПЛАН ЧИСТ К2'!AJ6*СПРАВОЧНИК!$P$15) | AN15: =СПРАВОЧНИК!$E$9*('ФАКТ ЧЕРН К2'!B6*СПРАВОЧНИК!$H$9+'ФАКТ ЧЕРН К2'!C6*СПРАВОЧНИК!$I$9+'ФАКТ ЧЕРН К2'!D6*СПРАВОЧНИК!$J$9)+СПРАВОЧНИК!$F$9*('ФАКТ ЧИСТ К2'!B6*СПРАВОЧНИК!$L$9+'ФАКТ ЧИСТ К2'!C6*СПРАВОЧНИК!$M$9+'ФАКТ ЧИСТ К2'!D6*СПРАВОЧНИК!$N$9+'ФАКТ ЧИСТ К2'!E6*СПРАВОЧНИК!$O$9+'ФАКТ ЧИСТ К2'!F6*СПРАВОЧНИК!$P$9)+СПРАВОЧНИК!$E$10*('ФАКТ ЧЕРН К2'!E6*СПРАВОЧНИК!$H$10+'ФАКТ ЧЕРН К2'!F6*СПРАВОЧНИК!$I$10+'ФАКТ ЧЕРН К2'!G6*СПРАВОЧНИК!$J$10)+СПРАВОЧНИК!$F$10*('ФАКТ ЧИСТ К2'!G6*СПРАВОЧНИК!$L$10+'ФАКТ ЧИСТ К2'!H6*СПРАВОЧНИК!$M$10+'ФАКТ ЧИСТ К2'!I6*СПРАВОЧНИК!$N$10+'ФАКТ ЧИСТ К2'!J6*СПРАВОЧНИК!$O$10+'ФАКТ ЧИСТ К2'!K6*СПРАВОЧНИК!$P$10)+СПРАВОЧНИК!$E$11*('ФАКТ ЧЕРН К2'!H6*СПРАВОЧНИК!$H$11+'ФАКТ ЧЕРН К2'!I6*СПРАВОЧНИК!$I$11+'ФАКТ ЧЕРН К2'!J6*СПРАВОЧНИК!$J$11)+СПРАВОЧНИК!$F$11*('ФАКТ ЧИСТ К2'!L6*СПРАВОЧНИК!$L$11+'ФАКТ ЧИСТ К2'!M6*СПРАВОЧНИК!$M$11+'ФАКТ ЧИСТ К2'!N6*СПРАВОЧНИК!$N$11+'ФАКТ ЧИСТ К2'!O6*СПРАВОЧНИК!$O$11+'ФАКТ ЧИСТ К2'!P6*СПРАВОЧНИК!$P$11)+СПРАВОЧНИК!$E$12*('ФАКТ ЧЕРН К2'!K6*СПРАВОЧНИК!$H$12+'ФАКТ ЧЕРН К2'!L6*СПРАВОЧНИК!$I$12+'ФАКТ ЧЕРН К2'!M6*СПРАВОЧНИК!$J$12)+СПРАВОЧНИК!$F$12*('ФАКТ ЧИСТ К2'!Q6*СПРАВОЧНИК!$L$12+'ФАКТ ЧИСТ К2'!R6*СПРАВОЧНИК!$M$12+'ФАКТ ЧИСТ К2'!S6*СПРАВОЧНИК!$N$12+'ФАКТ ЧИСТ К2'!T6*СПРАВОЧНИК!$O$12+'ФАКТ ЧИСТ К2'!U6*СПРАВОЧНИК!$P$12)+СПРАВОЧНИК!$E$13*('ФАКТ ЧЕРН К2'!N6*СПРАВОЧНИК!$H$13+'ФАКТ ЧЕРН К2'!O6*СПРАВОЧНИК!$I$13+'ФАКТ ЧЕРН К2'!P6*СПРАВОЧНИК!$J$13)+СПРАВОЧНИК!$F$13*('ФАКТ ЧИСТ К2'!V6*СПРАВОЧНИК!$L$13+'ФАКТ ЧИСТ К2'!W6*СПРАВОЧНИК!$M$13+'ФАКТ ЧИСТ К2'!X6*СПРАВОЧНИК!$N$13+'ФАКТ ЧИСТ К2'!Y6*СПРАВОЧНИК!$O$13+'ФАКТ ЧИСТ К2'!Z6*СПРАВОЧНИК!$P$13)+СПРАВОЧНИК!$E$14*('ФАКТ ЧЕРН К2'!Q6*СПРАВОЧНИК!$H$14+'ФАКТ ЧЕРН К2'!R6*СПРАВОЧНИК!$I$14+'ФАКТ ЧЕРН К2'!S6*СПРАВОЧНИК!$J$14)+СПРАВОЧНИК!$F$14*('ФАКТ ЧИСТ К2'!AA6*СПРАВОЧНИК!$L$14+'ФАКТ ЧИСТ К2'!AB6*СПРАВОЧНИК!$M$14+'ФАКТ ЧИСТ К2'!AC6*СПРАВОЧНИК!$N$14+'ФАКТ ЧИСТ К2'!AD6*СПРАВОЧНИК!$O$14+'ФАКТ ЧИСТ К2'!AE6*СПРАВОЧНИК!$P$14)+СПРАВОЧНИК!$E$15*('ФАКТ ЧЕРН К2'!T6*СПРАВОЧНИК!$H$15+'ФАКТ ЧЕРН К2'!U6*СПРАВОЧНИК!$I$15+'ФАКТ ЧЕРН К2'!V6*СПРАВОЧНИК!$J$15)+СПРАВОЧНИК!$F$15*('ФАКТ ЧИСТ К2'!AF6*СПРАВОЧНИК!$L$15+'ФАКТ ЧИСТ К2'!AG6*СПРАВОЧНИК!$M$15+'ФАКТ ЧИСТ К2'!AH6*СПРАВОЧНИК!$N$15+'ФАКТ ЧИСТ К2'!AI6*СПРАВОЧНИК!$O$15+'ФАКТ ЧИСТ К2'!AJ6*СПРАВОЧНИК!$P$15) | AR15: =AR14+7 | AS15: ='ПЛАН ЧЕРН К2'!B6*СПРАВОЧНИК!$H$9+'ПЛАН ЧЕРН К2'!C6*СПРАВОЧНИК!$I$9+'ПЛАН ЧЕРН К2'!D6*СПРАВОЧНИК!$J$9+'ПЛАН ЧЕРН К2'!E6*СПРАВОЧНИК!$H$10+'ПЛАН ЧЕРН К2'!F6*СПРАВОЧНИК!$I$10+'ПЛАН ЧЕРН К2'!G6*СПРАВОЧНИК!$J$10+'ПЛАН ЧЕРН К2'!H6*СПРАВОЧНИК!$H$11+'ПЛАН ЧЕРН К2'!I6*СПРАВОЧНИК!$I$11+'ПЛАН ЧЕРН К2'!J6*СПРАВОЧНИК!$J$11+'ПЛАН ЧЕРН К2'!K6*СПРАВОЧНИК!$H$12+'ПЛАН ЧЕРН К2'!L6*СПРАВОЧНИК!$I$12+'ПЛАН ЧЕРН К2'!M6*СПРАВОЧНИК!$J$12+'ПЛАН ЧЕРН К2'!N6*СПРАВОЧНИК!$H$13+'ПЛАН ЧЕРН К2'!O6*СПРАВОЧНИК!$I$13+'ПЛАН ЧЕРН К2'!P6*СПРАВОЧНИК!$J$13+'ПЛАН ЧЕРН К2'!Q6*СПРАВОЧНИК!$H$14+'ПЛАН ЧЕРН К2'!R6*СПРАВОЧНИК!$I$14+'ПЛАН ЧЕРН К2'!S6*СПРАВОЧНИК!$J$14+'ПЛАН ЧЕРН К2'!T6*СПРАВОЧНИК!$H$15+'ПЛАН ЧЕРН К2'!U6*СПРАВОЧНИК!$I$15+'ПЛАН ЧЕРН К2'!V6*СПРАВОЧНИК!$J$15 | AT15: =('ФАКТ ЧЕРН К2'!B6)*СПРАВОЧНИК!$H$9+('ФАКТ ЧЕРН К2'!C6)*СПРАВОЧНИК!$I$9+('ФАКТ ЧЕРН К2'!D6)*СПРАВОЧНИК!$J$9+('ФАКТ ЧЕРН К2'!E6)*СПРАВОЧНИК!$H$10+('ФАКТ ЧЕРН К2'!F6)*СПРАВОЧНИК!$I$10+('ФАКТ ЧЕРН К2'!G6)*СПРАВОЧНИК!$J$10+('ФАКТ ЧЕРН К2'!H6)*СПРАВОЧНИК!$H$11+('ФАКТ ЧЕРН К2'!I6)*СПРАВОЧНИК!$I$11+('ФАКТ ЧЕРН К2'!J6)*СПРАВОЧНИК!$J$11+('ФАКТ ЧЕРН К2'!K6)*СПРАВОЧНИК!$H$12+('ФАКТ ЧЕРН К2'!L6)*СПРАВОЧНИК!$I$12+('ФАКТ ЧЕРН К2'!M6)*СПРАВОЧНИК!$J$12+('ФАКТ ЧЕРН К2'!N6)*СПРАВОЧНИК!$H$13+('ФАКТ ЧЕРН К2'!O6)*СПРАВОЧНИК!$I$13+('ФАКТ ЧЕРН К2'!P6)*СПРАВОЧНИК!$J$13+('ФАКТ ЧЕРН К2'!Q6)*СПРАВОЧНИК!$H$14+('ФАКТ ЧЕРН К2'!R6)*СПРАВОЧНИК!$I$14+('ФАКТ ЧЕРН К2'!S6)*СПРАВОЧНИК!$J$14+('ФАКТ ЧЕРН К2'!T6)*СПРАВОЧНИК!$H$15+('ФАКТ ЧЕРН К2'!U6)*СПРАВОЧНИК!$I$15+('ФАКТ ЧЕРН К2'!V6)*СПРАВОЧНИК!$J$15 | AX15: =AX14+7 | AY15: ='ПЛАН ЧИСТ К2'!B6*СПРАВОЧНИК!$L$9+'ПЛАН ЧИСТ К2'!C6*СПРАВОЧНИК!$M$9+'ПЛАН ЧИСТ К2'!D6*СПРАВОЧНИК!$N$9+'ПЛАН ЧИСТ К2'!E6*СПРАВОЧНИК!$O$9+'ПЛАН ЧИСТ К2'!F6*СПРАВОЧНИК!$P$9+'ПЛАН ЧИСТ К2'!G6*СПРАВОЧНИК!$L$10+'ПЛАН ЧИСТ К2'!H6*СПРАВОЧНИК!$M$10+'ПЛАН ЧИСТ К2'!I6*СПРАВОЧНИК!$N$10+'ПЛАН ЧИСТ К2'!J6*СПРАВОЧНИК!$O$10+'ПЛАН ЧИСТ К2'!K6*СПРАВОЧНИК!$P$10+'ПЛАН ЧИСТ К2'!L6*СПРАВОЧНИК!$L$11+'ПЛАН ЧИСТ К2'!M6*СПРАВОЧНИК!$M$11+'ПЛАН ЧИСТ К2'!N6*СПРАВОЧНИК!$N$11+'ПЛАН ЧИСТ К2'!O6*СПРАВОЧНИК!$O$11+'ПЛАН ЧИСТ К2'!P6*СПРАВОЧНИК!$P$11+'ПЛАН ЧИСТ К2'!Q6*СПРАВОЧНИК!$L$12+'ПЛАН ЧИСТ К2'!R6*СПРАВОЧНИК!$M$12+'ПЛАН ЧИСТ К2'!S6*СПРАВОЧНИК!$N$12+'ПЛАН ЧИСТ К2'!T6*СПРАВОЧНИК!$O$12+'ПЛАН ЧИСТ К2'!U6*СПРАВОЧНИК!$P$12+'ПЛАН ЧИСТ К2'!V6*СПРАВОЧНИК!$L$13+'ПЛАН ЧИСТ К2'!W6*СПРАВОЧНИК!$M$13+'ПЛАН ЧИСТ К2'!X6*СПРАВОЧНИК!$N$13+'ПЛАН ЧИСТ К2'!Y6*СПРАВОЧНИК!$O$13+'ПЛАН ЧИСТ К2'!Z6*СПРАВОЧНИК!$P$13+'ПЛАН ЧИСТ К2'!AA6*СПРАВОЧНИК!$L$14+'ПЛАН ЧИСТ К2'!AB6*СПРАВОЧНИК!$M$14+'ПЛАН ЧИСТ К2'!AC6*СПРАВОЧНИК!$N$14+'ПЛАН ЧИСТ К2'!AD6*СПРАВОЧНИК!$O$14+'ПЛАН ЧИСТ К2'!AE6*СПРАВОЧНИК!$P$14+'ПЛАН ЧИСТ К2'!AF6*СПРАВОЧНИК!$L$15+'ПЛАН ЧИСТ К2'!AG6*СПРАВОЧНИК!$M$15+'ПЛАН ЧИСТ К2'!AH6*СПРАВОЧНИК!$N$15+'ПЛАН ЧИСТ К2'!AI6*СПРАВОЧНИК!$O$15+'ПЛАН ЧИСТ К2'!AJ6*СПРАВОЧНИК!$P$15 | AZ15: =('ФАКТ ЧИСТ К2'!B6)*СПРАВОЧНИК!$L$9+('ФАКТ ЧИСТ К2'!C6)*СПРАВОЧНИК!$M$9+('ФАКТ ЧИСТ К2'!D6)*СПРАВОЧНИК!$N$9+('ФАКТ ЧИСТ К2'!E6)*СПРАВОЧНИК!$O$9+('ФАКТ ЧИСТ К2'!F6)*СПРАВОЧНИК!$P$9+('ФАКТ ЧИСТ К2'!G6)*СПРАВОЧНИК!$L$10+('ФАКТ ЧИСТ К2'!H6)*СПРАВОЧНИК!$M$10+('ФАКТ ЧИСТ К2'!I6)*СПРАВОЧНИК!$N$10+('ФАКТ ЧИСТ К2'!J6)*СПРАВОЧНИК!$O$10+('ФАКТ ЧИСТ К2'!K6)*СПРАВОЧНИК!$P$10+('ФАКТ ЧИСТ К2'!L6)*СПРАВОЧНИК!$L$11+('ФАКТ ЧИСТ К2'!M6)*СПРАВОЧНИК!$M$11+('ФАКТ ЧИСТ К2'!N6)*СПРАВОЧНИК!$N$11+('ФАКТ ЧИСТ К2'!O6)*СПРАВОЧНИК!$O$11+('ФАКТ ЧИСТ К2'!P6)*СПРАВОЧНИК!$P$11+('ФАКТ ЧИСТ К2'!Q6)*СПРАВОЧНИК!$L$12+('ФАКТ ЧИСТ К2'!R6)*СПРАВОЧНИК!$M$12+('ФАКТ ЧИСТ К2'!S6)*СПРАВОЧНИК!$N$12+('ФАКТ ЧИСТ К2'!T6)*СПРАВОЧНИК!$O$12+('ФАКТ ЧИСТ К2'!U6)*СПРАВОЧНИК!$P$12+('ФАКТ ЧИСТ К2'!V6)*СПРАВОЧНИК!$L$13+('ФАКТ ЧИСТ К2'!W6)*СПРАВОЧНИК!$M$13+('ФАКТ ЧИСТ К2'!X6)*СПРАВОЧНИК!$N$13+('ФАКТ ЧИСТ К2'!Y6)*СПРАВОЧНИК!$O$13+('ФАКТ ЧИСТ К2'!Z6)*СПРАВОЧНИК!$P$13+('ФАКТ ЧИСТ К2'!AA6)*СПРАВОЧНИК!$L$14+('ФАКТ ЧИСТ К2'!AB6)*СПРАВОЧНИК!$M$14+('ФАКТ ЧИСТ К2'!AC6)*СПРАВОЧНИК!$N$14+('ФАКТ ЧИСТ К2'!AD6)*СПРАВОЧНИК!$O$14+('ФАКТ ЧИСТ К2'!AE6)*СПРАВОЧНИК!$P$14+('ФАКТ ЧИСТ К2'!AF6)*СПРАВОЧНИК!$L$15+('ФАКТ ЧИСТ К2'!AG6)*СПРАВОЧНИК!$M$15+('ФАКТ ЧИСТ К2'!AH6)*СПРАВОЧНИК!$N$15+('ФАКТ ЧИСТ К2'!AI6)*СПРАВОЧНИК!$O$15+('ФАКТ ЧИСТ К2'!AJ6)*СПРАВОЧНИК!$P$15 | BD15: =BD14+7 | BE15: =СПРАВОЧНИК!$E$9*('ПЛАН ЧЕРН К3'!B6*СПРАВОЧНИК!$H$9+'ПЛАН ЧЕРН К3'!C6*СПРАВОЧНИК!$I$9+'ПЛАН ЧЕРН К3'!D6*СПРАВОЧНИК!$J$9)+СПРАВОЧНИК!$F$9*('ПЛАН ЧИСТ К3'!B6*СПРАВОЧНИК!$L$9+'ПЛАН ЧИСТ К3'!C6*СПРАВОЧНИК!$M$9+'ПЛАН ЧИСТ К3'!D6*СПРАВОЧНИК!$N$9+'ПЛАН ЧИСТ К3'!E6*СПРАВОЧНИК!$O$9+'ПЛАН ЧИСТ К3'!F6*СПРАВОЧНИК!$P$9)+СПРАВОЧНИК!$E$10*('ПЛАН ЧЕРН К3'!E6*СПРАВОЧНИК!$H$10+'ПЛАН ЧЕРН К3'!F6*СПРАВОЧНИК!$I$10+'ПЛАН ЧЕРН К3'!G6*СПРАВОЧНИК!$J$10)+СПРАВОЧНИК!$F$10*('ПЛАН ЧИСТ К3'!G6*СПРАВОЧНИК!$L$10+'ПЛАН ЧИСТ К3'!H6*СПРАВОЧНИК!$M$10+'ПЛАН ЧИСТ К3'!I6*СПРАВОЧНИК!$N$10+'ПЛАН ЧИСТ К3'!J6*СПРАВОЧНИК!$O$10+'ПЛАН ЧИСТ К3'!K6*СПРАВОЧНИК!$P$10)+СПРАВОЧНИК!$E$11*('ПЛАН ЧЕРН К3'!H6*СПРАВОЧНИК!$H$11+'ПЛАН ЧЕРН К3'!I6*СПРАВОЧНИК!$I$11+'ПЛАН ЧЕРН К3'!J6*СПРАВОЧНИК!$J$11)+СПРАВОЧНИК!$F$11*('ПЛАН ЧИСТ К3'!L6*СПРАВОЧНИК!$L$11+'ПЛАН ЧИСТ К3'!M6*СПРАВОЧНИК!$M$11+'ПЛАН ЧИСТ К3'!N6*СПРАВОЧНИК!$N$11+'ПЛАН ЧИСТ К3'!O6*СПРАВОЧНИК!$O$11+'ПЛАН ЧИСТ К3'!P6*СПРАВОЧНИК!$P$11)+СПРАВОЧНИК!$E$12*('ПЛАН ЧЕРН К3'!K6*СПРАВОЧНИК!$H$12+'ПЛАН ЧЕРН К3'!L6*СПРАВОЧНИК!$I$12+'ПЛАН ЧЕРН К3'!M6*СПРАВОЧНИК!$J$12)+СПРАВОЧНИК!$F$12*('ПЛАН ЧИСТ К3'!Q6*СПРАВОЧНИК!$L$12+'ПЛАН ЧИСТ К3'!R6*СПРАВОЧНИК!$M$12+'ПЛАН ЧИСТ К3'!S6*СПРАВОЧНИК!$N$12+'ПЛАН ЧИСТ К3'!T6*СПРАВОЧНИК!$O$12+'ПЛАН ЧИСТ К3'!U6*СПРАВОЧНИК!$P$12)+СПРАВОЧНИК!$E$13*('ПЛАН ЧЕРН К3'!N6*СПРАВОЧНИК!$H$13+'ПЛАН ЧЕРН К3'!O6*СПРАВОЧНИК!$I$13+'ПЛАН ЧЕРН К3'!P6*СПРАВОЧНИК!$J$13)+СПРАВОЧНИК!$F$13*('ПЛАН ЧИСТ К3'!V6*СПРАВОЧНИК!$L$13+'ПЛАН ЧИСТ К3'!W6*СПРАВОЧНИК!$M$13+'ПЛАН ЧИСТ К3'!X6*СПРАВОЧНИК!$N$13+'ПЛАН ЧИСТ К3'!Y6*СПРАВОЧНИК!$O$13+'ПЛАН ЧИСТ К3'!Z6*СПРАВОЧНИК!$P$13)+СПРАВОЧНИК!$E$14*('ПЛАН ЧЕРН К3'!Q6*СПРАВОЧНИК!$H$14+'ПЛАН ЧЕРН К3'!R6*СПРАВОЧНИК!$I$14+'ПЛАН ЧЕРН К3'!S6*СПРАВОЧНИК!$J$14)+СПРАВОЧНИК!$F$14*('ПЛАН ЧИСТ К3'!AA6*СПРАВОЧНИК!$L$14+'ПЛАН ЧИСТ К3'!AB6*СПРАВОЧНИК!$M$14+'ПЛАН ЧИСТ К3'!AC6*СПРАВОЧНИК!$N$14+'ПЛАН ЧИСТ К3'!AD6*СПРАВОЧНИК!$O$14+'ПЛАН ЧИСТ К3'!AE6*СПРАВОЧНИК!$P$14)+СПРАВОЧНИК!$E$15*('ПЛАН ЧЕРН К3'!T6*СПРАВОЧНИК!$H$15+'ПЛАН ЧЕРН К3'!U6*СПРАВОЧНИК!$I$15+'ПЛАН ЧЕРН К3'!V6*СПРАВОЧНИК!$J$15)+СПРАВОЧНИК!$F$15*('ПЛАН ЧИСТ К3'!AF6*СПРАВОЧНИК!$L$15+'ПЛАН ЧИСТ К3'!AG6*СПРАВОЧНИК!$M$15+'ПЛАН ЧИСТ К3'!AH6*СПРАВОЧНИК!$N$15+'ПЛАН ЧИСТ К3'!AI6*СПРАВОЧНИК!$O$15+'ПЛАН ЧИСТ К3'!AJ6*СПРАВОЧНИК!$P$15) | BF15: =СПРАВОЧНИК!$E$9*('ФАКТ ЧЕРН К3'!B6*СПРАВОЧНИК!$H$9+'ФАКТ ЧЕРН К3'!C6*СПРАВОЧНИК!$I$9+'ФАКТ ЧЕРН К3'!D6*СПРАВОЧНИК!$J$9)+СПРАВОЧНИК!$F$9*('ФАКТ ЧИСТ К3'!B6*СПРАВОЧНИК!$L$9+'ФАКТ ЧИСТ К3'!C6*СПРАВОЧНИК!$M$9+'ФАКТ ЧИСТ К3'!D6*СПРАВОЧНИК!$N$9+'ФАКТ ЧИСТ К3'!E6*СПРАВОЧНИК!$O$9+'ФАКТ ЧИСТ К3'!F6*СПРАВОЧНИК!$P$9)+СПРАВОЧНИК!$E$10*('ФАКТ ЧЕРН К3'!E6*СПРАВОЧНИК!$H$10+'ФАКТ ЧЕРН К3'!F6*СПРАВОЧНИК!$I$10+'ФАКТ ЧЕРН К3'!G6*СПРАВОЧНИК!$J$10)+СПРАВОЧНИК!$F$10*('ФАКТ ЧИСТ К3'!G6*СПРАВОЧНИК!$L$10+'ФАКТ ЧИСТ К3'!H6*СПРАВОЧНИК!$M$10+'ФАКТ ЧИСТ К3'!I6*СПРАВОЧНИК!$N$10+'ФАКТ ЧИСТ К3'!J6*СПРАВОЧНИК!$O$10+'ФАКТ ЧИСТ К3'!K6*СПРАВОЧНИК!$P$10)+СПРАВОЧНИК!$E$11*('ФАКТ ЧЕРН К3'!H6*СПРАВОЧНИК!$H$11+'ФАКТ ЧЕРН К3'!I6*СПРАВОЧНИК!$I$11+'ФАКТ ЧЕРН К3'!J6*СПРАВОЧНИК!$J$11)+СПРАВОЧНИК!$F$11*('ФАКТ ЧИСТ К3'!L6*СПРАВОЧНИК!$L$11+'ФАКТ ЧИСТ К3'!M6*СПРАВОЧНИК!$M$11+'ФАКТ ЧИСТ К3'!N6*СПРАВОЧНИК!$N$11+'ФАКТ ЧИСТ К3'!O6*СПРАВОЧНИК!$O$11+'ФАКТ ЧИСТ К3'!P6*СПРАВОЧНИК!$P$11)+СПРАВОЧНИК!$E$12*('ФАКТ ЧЕРН К3'!K6*СПРАВОЧНИК!$H$12+'ФАКТ ЧЕРН К3'!L6*СПРАВОЧНИК!$I$12+'ФАКТ ЧЕРН К3'!M6*СПРАВОЧНИК!$J$12)+СПРАВОЧНИК!$F$12*('ФАКТ ЧИСТ К3'!Q6*СПРАВОЧНИК!$L$12+'ФАКТ ЧИСТ К3'!R6*СПРАВОЧНИК!$M$12+'ФАКТ ЧИСТ К3'!S6*СПРАВОЧНИК!$N$12+'ФАКТ ЧИСТ К3'!T6*СПРАВОЧНИК!$O$12+'ФАКТ ЧИСТ К3'!U6*СПРАВОЧНИК!$P$12)+СПРАВОЧНИК!$E$13*('ФАКТ ЧЕРН К3'!N6*СПРАВОЧНИК!$H$13+'ФАКТ ЧЕРН К3'!O6*СПРАВОЧНИК!$I$13+'ФАКТ ЧЕРН К3'!P6*СПРАВОЧНИК!$J$13)+СПРАВОЧНИК!$F$13*('ФАКТ ЧИСТ К3'!V6*СПРАВОЧНИК!$L$13+'ФАКТ ЧИСТ К3'!W6*СПРАВОЧНИК!$M$13+'ФАКТ ЧИСТ К3'!X6*СПРАВОЧНИК!$N$13+'ФАКТ ЧИСТ К3'!Y6*СПРАВОЧНИК!$O$13+'ФАКТ ЧИСТ К3'!Z6*СПРАВОЧНИК!$P$13)+СПРАВОЧНИК!$E$14*('ФАКТ ЧЕРН К3'!Q6*СПРАВОЧНИК!$H$14+'ФАКТ ЧЕРН К3'!R6*СПРАВОЧНИК!$I$14+'ФАКТ ЧЕРН К3'!S6*СПРАВОЧНИК!$J$14)+СПРАВОЧНИК!$F$14*('ФАКТ ЧИСТ К3'!AA6*СПРАВОЧНИК!$L$14+'ФАКТ ЧИСТ К3'!AB6*СПРАВОЧНИК!$M$14+'ФАКТ ЧИСТ К3'!AC6*СПРАВОЧНИК!$N$14+'ФАКТ ЧИСТ К3'!AD6*СПРАВОЧНИК!$O$14+'ФАКТ ЧИСТ К3'!AE6*СПРАВОЧНИК!$P$14)+СПРАВОЧНИК!$E$15*('ФАКТ ЧЕРН К3'!T6*СПРАВОЧНИК!$H$15+'ФАКТ ЧЕРН К3'!U6*СПРАВОЧНИК!$I$15+'ФАКТ ЧЕРН К3'!V6*СПРАВОЧНИК!$J$15)+СПРАВОЧНИК!$F$15*('ФАКТ ЧИСТ К3'!AF6*СПРАВОЧНИК!$L$15+'ФАКТ ЧИСТ К3'!AG6*СПРАВОЧНИК!$M$15+'ФАКТ ЧИСТ К3'!AH6*СПРАВОЧНИК!$N$15+'ФАКТ ЧИСТ К3'!AI6*СПРАВОЧНИК!$O$15+'ФАКТ ЧИСТ К3'!AJ6*СПРАВОЧНИК!$P$15) | BJ15: =BJ14+7 | BK15: ='ПЛАН ЧЕРН К3'!B6*СПРАВОЧНИК!$H$9+'ПЛАН ЧЕРН К3'!C6*СПРАВОЧНИК!$I$9+'ПЛАН ЧЕРН К3'!D6*СПРАВОЧНИК!$J$9+'ПЛАН ЧЕРН К3'!E6*СПРАВОЧНИК!$H$10+'ПЛАН ЧЕРН К3'!F6*СПРАВОЧНИК!$I$10+'ПЛАН ЧЕРН К3'!G6*СПРАВОЧНИК!$J$10+'ПЛАН ЧЕРН К3'!H6*СПРАВОЧНИК!$H$11+'ПЛАН ЧЕРН К3'!I6*СПРАВОЧНИК!$I$11+'ПЛАН ЧЕРН К3'!J6*СПРАВОЧНИК!$J$11+'ПЛАН ЧЕРН К3'!K6*СПРАВОЧНИК!$H$12+'ПЛАН ЧЕРН К3'!L6*СПРАВОЧНИК!$I$12+'ПЛАН ЧЕРН К3'!M6*СПРАВОЧНИК!$J$12+'ПЛАН ЧЕРН К3'!N6*СПРАВОЧНИК!$H$13+'ПЛАН ЧЕРН К3'!O6*СПРАВОЧНИК!$I$13+'ПЛАН ЧЕРН К3'!P6*СПРАВОЧНИК!$J$13+'ПЛАН ЧЕРН К3'!Q6*СПРАВОЧНИК!$H$14+'ПЛАН ЧЕРН К3'!R6*СПРАВОЧНИК!$I$14+'ПЛАН ЧЕРН К3'!S6*СПРАВОЧНИК!$J$14+'ПЛАН ЧЕРН К3'!T6*СПРАВОЧНИК!$H$15+'ПЛАН ЧЕРН К3'!U6*СПРАВОЧНИК!$I$15+'ПЛАН ЧЕРН К3'!V6*СПРАВОЧНИК!$J$15 | BL15: =('ФАКТ ЧЕРН К3'!B6)*СПРАВОЧНИК!$H$9+('ФАКТ ЧЕРН К3'!C6)*СПРАВОЧНИК!$I$9+('ФАКТ ЧЕРН К3'!D6)*СПРАВОЧНИК!$J$9+('ФАКТ ЧЕРН К3'!E6)*СПРАВОЧНИК!$H$10+('ФАКТ ЧЕРН К3'!F6)*СПРАВОЧНИК!$I$10+('ФАКТ ЧЕРН К3'!G6)*СПРАВОЧНИК!$J$10+('ФАКТ ЧЕРН К3'!H6)*СПРАВОЧНИК!$H$11+('ФАКТ ЧЕРН К3'!I6)*СПРАВОЧНИК!$I$11+('ФАКТ ЧЕРН К3'!J6)*СПРАВОЧНИК!$J$11+('ФАКТ ЧЕРН К3'!K6)*СПРАВОЧНИК!$H$12+('ФАКТ ЧЕРН К3'!L6)*СПРАВОЧНИК!$I$12+('ФАКТ ЧЕРН К3'!M6)*СПРАВОЧНИК!$J$12+('ФАКТ ЧЕРН К3'!N6)*СПРАВОЧНИК!$H$13+('ФАКТ ЧЕРН К3'!O6)*СПРАВОЧНИК!$I$13+('ФАКТ ЧЕРН К3'!P6)*СПРАВОЧНИК!$J$13+('ФАКТ ЧЕРН К3'!Q6)*СПРАВОЧНИК!$H$14+('ФАКТ ЧЕРН К3'!R6)*СПРАВОЧНИК!$I$14+('ФАКТ ЧЕРН К3'!S6)*СПРАВОЧНИК!$J$14+('ФАКТ ЧЕРН К3'!T6)*СПРАВОЧНИК!$H$15+('ФАКТ ЧЕРН К3'!U6)*СПРАВОЧНИК!$I$15+('ФАКТ ЧЕРН К3'!V6)*СПРАВОЧНИК!$J$15 | BP15: =BP14+7 | BQ15: ='ПЛАН ЧИСТ К3'!B6*СПРАВОЧНИК!$L$9+'ПЛАН ЧИСТ К3'!C6*СПРАВОЧНИК!$M$9+'ПЛАН ЧИСТ К3'!D6*СПРАВОЧНИК!$N$9+'ПЛАН ЧИСТ К3'!E6*СПРАВОЧНИК!$O$9+'ПЛАН ЧИСТ К3'!F6*СПРАВОЧНИК!$P$9+'ПЛАН ЧИСТ К3'!G6*СПРАВОЧНИК!$L$10+'ПЛАН ЧИСТ К3'!H6*СПРАВОЧНИК!$M$10+'ПЛАН ЧИСТ К3'!I6*СПРАВОЧНИК!$N$10+'ПЛАН ЧИСТ К3'!J6*СПРАВОЧНИК!$O$10+'ПЛАН ЧИСТ К3'!K6*СПРАВОЧНИК!$P$10+'ПЛАН ЧИСТ К3'!L6*СПРАВОЧНИК!$L$11+'ПЛАН ЧИСТ К3'!M6*СПРАВОЧНИК!$M$11+'ПЛАН ЧИСТ К3'!N6*СПРАВОЧНИК!$N$11+'ПЛАН ЧИСТ К3'!O6*СПРАВОЧНИК!$O$11+'ПЛАН ЧИСТ К3'!P6*СПРАВОЧНИК!$P$11+'ПЛАН ЧИСТ К3'!Q6*СПРАВОЧНИК!$L$12+'ПЛАН ЧИСТ К3'!R6*СПРАВОЧНИК!$M$12+'ПЛАН ЧИСТ К3'!S6*СПРАВОЧНИК!$N$12+'ПЛАН ЧИСТ К3'!T6*СПРАВОЧНИК!$O$12+'ПЛАН ЧИСТ К3'!U6*СПРАВОЧНИК!$P$12+'ПЛАН ЧИСТ К3'!V6*СПРАВОЧНИК!$L$13+'ПЛАН ЧИСТ К3'!W6*СПРАВОЧНИК!$M$13+'ПЛАН ЧИСТ К3'!X6*СПРАВОЧНИК!$N$13+'ПЛАН ЧИСТ К3'!Y6*СПРАВОЧНИК!$O$13+'ПЛАН ЧИСТ К3'!Z6*СПРАВОЧНИК!$P$13+'ПЛАН ЧИСТ К3'!AA6*СПРАВОЧНИК!$L$14+'ПЛАН ЧИСТ К3'!AB6*СПРАВОЧНИК!$M$14+'ПЛАН ЧИСТ К3'!AC6*СПРАВОЧНИК!$N$14+'ПЛАН ЧИСТ К3'!AD6*СПРАВОЧНИК!$O$14+'ПЛАН ЧИСТ К3'!AE6*СПРАВОЧНИК!$P$14+'ПЛАН ЧИСТ К3'!AF6*СПРАВОЧНИК!$L$15+'ПЛАН ЧИСТ К3'!AG6*СПРАВОЧНИК!$M$15+'ПЛАН ЧИСТ К3'!AH6*СПРАВОЧНИК!$N$15+'ПЛАН ЧИСТ К3'!AI6*СПРАВОЧНИК!$O$15+'ПЛАН ЧИСТ К3'!AJ6*СПРАВОЧНИК!$P$15 | BR15: =('ФАКТ ЧИСТ К3'!B6)*СПРАВОЧНИК!$L$9+('ФАКТ ЧИСТ К3'!C6)*СПРАВОЧНИК!$M$9+('ФАКТ ЧИСТ К3'!D6)*СПРАВОЧНИК!$N$9+('ФАКТ ЧИСТ К3'!E6)*СПРАВОЧНИК!$O$9+('ФАКТ ЧИСТ К3'!F6)*СПРАВОЧНИК!$P$9+('ФАКТ ЧИСТ К3'!G6)*СПРАВОЧНИК!$L$10+('ФАКТ ЧИСТ К3'!H6)*СПРАВОЧНИК!$M$10+('ФАКТ ЧИСТ К3'!I6)*СПРАВОЧНИК!$N$10+('ФАКТ ЧИСТ К3'!J6)*СПРАВОЧНИК!$O$10+('ФАКТ ЧИСТ К3'!K6)*СПРАВОЧНИК!$P$10+('ФАКТ ЧИСТ К3'!L6)*СПРАВОЧНИК!$L$11+('ФАКТ ЧИСТ К3'!M6)*СПРАВОЧНИК!$M$11+('ФАКТ ЧИСТ К3'!N6)*СПРАВОЧНИК!$N$11+('ФАКТ ЧИСТ К3'!O6)*СПРАВОЧНИК!$O$11+('ФАКТ ЧИСТ К3'!P6)*СПРАВОЧНИК!$P$11+('ФАКТ ЧИСТ К3'!Q6)*СПРАВОЧНИК!$L$12+('ФАКТ ЧИСТ К3'!R6)*СПРАВОЧНИК!$M$12+('ФАКТ ЧИСТ К3'!S6)*СПРАВОЧНИК!$N$12+('ФАКТ ЧИСТ К3'!T6)*СПРАВОЧНИК!$O$12+('ФАКТ ЧИСТ К3'!U6)*СПРАВОЧНИК!$P$12+('ФАКТ ЧИСТ К3'!V6)*СПРАВОЧНИК!$L$13+('ФАКТ ЧИСТ К3'!W6)*СПРАВОЧНИК!$M$13+('ФАКТ ЧИСТ К3'!X6)*СПРАВОЧНИК!$N$13+('ФАКТ ЧИСТ К3'!Y6)*СПРАВОЧНИК!$O$13+('ФАКТ ЧИСТ К3'!Z6)*СПРАВОЧНИК!$P$13+('ФАКТ ЧИСТ К3'!AA6)*СПРАВОЧНИК!$L$14+('ФАКТ ЧИСТ К3'!AB6)*СПРАВОЧНИК!$M$14+('ФАКТ ЧИСТ К3'!AC6)*СПРАВОЧНИК!$N$14+('ФАКТ ЧИСТ К3'!AD6)*СПРАВОЧНИК!$O$14+('ФАКТ ЧИСТ К3'!AE6)*СПРАВОЧНИК!$P$14+('ФАКТ ЧИСТ К3'!AF6)*СПРАВОЧНИК!$L$15+('ФАКТ ЧИСТ К3'!AG6)*СПРАВОЧНИК!$M$15+('ФАКТ ЧИСТ К3'!AH6)*СПРАВОЧНИК!$N$15+('ФАКТ ЧИСТ К3'!AI6)*СПРАВОЧНИК!$O$15+('ФАКТ ЧИСТ К3'!AJ6)*СПРАВОЧНИК!$P$15 | BV15: =BV14+7 | BW15: =U15*СПРАВОЧНИК!$K$28+AM15*СПРАВОЧНИК!$K$29+BE15*СПРАВОЧНИК!$K$30 | BX15: =V15*СПРАВОЧНИК!$K$28+AN15*СПРАВОЧНИК!$K$29+BF15*СПРАВОЧНИК!$K$30 | CB15: =CB14+7 | CC15: =AA15*СПРАВОЧНИК!$K$28+AS15*СПРАВОЧНИК!$K$29+BK15*СПРАВОЧНИК!$K$30 | CD15: =AB15*СПРАВОЧНИК!$K$28+AT15*СПРАВОЧНИК!$K$29+BL15*СПРАВОЧНИК!$K$30 | CH15: =CH14+7 | CI15: =AG15*СПРАВОЧНИК!$K$28+AY15*СПРАВОЧНИК!$K$29+BQ15*СПРАВОЧНИК!$K$30 | CJ15: =AH15*СПРАВОЧНИК!$K$28+AZ15*СПРАВОЧНИК!$K$29+BR15*СПРАВОЧНИК!$K$30 | CN15: =CN14+7 | CO15: =C15*СПРАВОЧНИК!$W$18+BW15*СПРАВОЧНИК!$W$19 | CP15: =D15*СПРАВОЧНИК!$W$18+BX15*СПРАВОЧНИК!$W$19 | CT15: =CT14+7 | CU15: =I15*СПРАВОЧНИК!$W$18+CC15*СПРАВОЧНИК!$W$19 | CV15: =J15*СПРАВОЧНИК!$W$18+CD15*СПРАВОЧНИК!$W$19 | CZ15: =CZ14+7 | DA15: =O15*СПРАВОЧНИК!$W$18+CI15*СПРАВОЧНИК!$W$19 | DB15: =P15*СПРАВОЧНИК!$W$18+CJ15*СПРАВОЧНИК!$W$19
B16: =B15+7 | C16: =СПРАВОЧНИК!$E$3*('ПЛАН ЧЕРН ПОДЗЕМ'!B7*СПРАВОЧНИК!$H$3+'ПЛАН ЧЕРН ПОДЗЕМ'!C7*СПРАВОЧНИК!$I$3+'ПЛАН ЧЕРН ПОДЗЕМ'!D7*СПРАВОЧНИК!$J$3)+СПРАВОЧНИК!$F$3*('ПЛАН ЧИСТ ПОДЗЕМ'!B7*СПРАВОЧНИК!$L$3+'ПЛАН ЧИСТ ПОДЗЕМ'!C7*СПРАВОЧНИК!$M$3+'ПЛАН ЧИСТ ПОДЗЕМ'!D7*СПРАВОЧНИК!$N$3+'ПЛАН ЧИСТ ПОДЗЕМ'!E7*СПРАВОЧНИК!$O$3+'ПЛАН ЧИСТ ПОДЗЕМ'!F7*СПРАВОЧНИК!$P$3)+СПРАВОЧНИК!$E$4*('ПЛАН ЧЕРН ПОДЗЕМ'!E7*СПРАВОЧНИК!$H$4+'ПЛАН ЧЕРН ПОДЗЕМ'!F7*СПРАВОЧНИК!$I$4+'ПЛАН ЧЕРН ПОДЗЕМ'!G7*СПРАВОЧНИК!$J$4)+СПРАВОЧНИК!$F$4*('ПЛАН ЧИСТ ПОДЗЕМ'!G7*СПРАВОЧНИК!$L$4+'ПЛАН ЧИСТ ПОДЗЕМ'!H7*СПРАВОЧНИК!$M$4+'ПЛАН ЧИСТ ПОДЗЕМ'!I7*СПРАВОЧНИК!$N$4+'ПЛАН ЧИСТ ПОДЗЕМ'!J7*СПРАВОЧНИК!$O$4+'ПЛАН ЧИСТ ПОДЗЕМ'!K7*СПРАВОЧНИК!$P$4)+СПРАВОЧНИК!$E$5*('ПЛАН ЧЕРН ПОДЗЕМ'!H7*СПРАВОЧНИК!$H$5+'ПЛАН ЧЕРН ПОДЗЕМ'!I7*СПРАВОЧНИК!$I$5+'ПЛАН ЧЕРН ПОДЗЕМ'!J7*СПРАВОЧНИК!$J$5)+СПРАВОЧНИК!$F$5*('ПЛАН ЧИСТ ПОДЗЕМ'!L7*СПРАВОЧНИК!$L$5+'ПЛАН ЧИСТ ПОДЗЕМ'!M7*СПРАВОЧНИК!$M$5+'ПЛАН ЧИСТ ПОДЗЕМ'!N7*СПРАВОЧНИК!$N$5+'ПЛАН ЧИСТ ПОДЗЕМ'!O7*СПРАВОЧНИК!$O$5+'ПЛАН ЧИСТ ПОДЗЕМ'!P7*СПРАВОЧНИК!$P$5)+СПРАВОЧНИК!$E$6*('ПЛАН ЧЕРН ПОДЗЕМ'!K7*СПРАВОЧНИК!$H$6+'ПЛАН ЧЕРН ПОДЗЕМ'!L7*СПРАВОЧНИК!$I$6+'ПЛАН ЧЕРН ПОДЗЕМ'!M7*СПРАВОЧНИК!$J$6)+СПРАВОЧНИК!$F$6*('ПЛАН ЧИСТ ПОДЗЕМ'!Q7*СПРАВОЧНИК!$L$6+'ПЛАН ЧИСТ ПОДЗЕМ'!R7*СПРАВОЧНИК!$M$6+'ПЛАН ЧИСТ ПОДЗЕМ'!S7*СПРАВОЧНИК!$N$6+'ПЛАН ЧИСТ ПОДЗЕМ'!T7*СПРАВОЧНИК!$O$6+'ПЛАН ЧИСТ ПОДЗЕМ'!U7*СПРАВОЧНИК!$P$6)+СПРАВОЧНИК!$E$7*('ПЛАН ЧЕРН ПОДЗЕМ'!N7*СПРАВОЧНИК!$H$7+'ПЛАН ЧЕРН ПОДЗЕМ'!O7*СПРАВОЧНИК!$I$7+'ПЛАН ЧЕРН ПОДЗЕМ'!P7*СПРАВОЧНИК!$J$7)+СПРАВОЧНИК!$F$7*('ПЛАН ЧИСТ ПОДЗЕМ'!V7*СПРАВОЧНИК!$L$7+'ПЛАН ЧИСТ ПОДЗЕМ'!W7*СПРАВОЧНИК!$M$7+'ПЛАН ЧИСТ ПОДЗЕМ'!X7*СПРАВОЧНИК!$N$7+'ПЛАН ЧИСТ ПОДЗЕМ'!Y7*СПРАВОЧНИК!$O$7+'ПЛАН ЧИСТ ПОДЗЕМ'!Z7*СПРАВОЧНИК!$P$7)+СПРАВОЧНИК!$E$8*('ПЛАН ЧЕРН ПОДЗЕМ'!Q7*СПРАВОЧНИК!$H$8+'ПЛАН ЧЕРН ПОДЗЕМ'!R7*СПРАВОЧНИК!$I$8+'ПЛАН ЧЕРН ПОДЗЕМ'!S7*СПРАВОЧНИК!$J$8)+СПРАВОЧНИК!$F$8*('ПЛАН ЧИСТ ПОДЗЕМ'!AA7*СПРАВОЧНИК!$L$8+'ПЛАН ЧИСТ ПОДЗЕМ'!AB7*СПРАВОЧНИК!$M$8+'ПЛАН ЧИСТ ПОДЗЕМ'!AC7*СПРАВОЧНИК!$N$8+'ПЛАН ЧИСТ ПОДЗЕМ'!AD7*СПРАВОЧНИК!$O$8+'ПЛАН ЧИСТ ПОДЗЕМ'!AE7*СПРАВОЧНИК!$P$8) | D16: =СПРАВОЧНИК!$E$3*('ФАКТ ЧЕРН ПОДЗЕМ'!B7*СПРАВОЧНИК!$H$3+'ФАКТ ЧЕРН ПОДЗЕМ'!C7*СПРАВОЧНИК!$I$3+'ФАКТ ЧЕРН ПОДЗЕМ'!D7*СПРАВОЧНИК!$J$3)+СПРАВОЧНИК!$F$3*('ФАКТ ЧИСТ ПОДЗЕМ'!B7*СПРАВОЧНИК!$L$3+'ФАКТ ЧИСТ ПОДЗЕМ'!C7*СПРАВОЧНИК!$M$3+'ФАКТ ЧИСТ ПОДЗЕМ'!D7*СПРАВОЧНИК!$N$3+'ФАКТ ЧИСТ ПОДЗЕМ'!E7*СПРАВОЧНИК!$O$3+'ФАКТ ЧИСТ ПОДЗЕМ'!F7*СПРАВОЧНИК!$P$3)+СПРАВОЧНИК!$E$4*('ФАКТ ЧЕРН ПОДЗЕМ'!E7*СПРАВОЧНИК!$H$4+'ФАКТ ЧЕРН ПОДЗЕМ'!F7*СПРАВОЧНИК!$I$4+'ФАКТ ЧЕРН ПОДЗЕМ'!G7*СПРАВОЧНИК!$J$4)+СПРАВОЧНИК!$F$4*('ФАКТ ЧИСТ ПОДЗЕМ'!G7*СПРАВОЧНИК!$L$4+'ФАКТ ЧИСТ ПОДЗЕМ'!H7*СПРАВОЧНИК!$M$4+'ФАКТ ЧИСТ ПОДЗЕМ'!I7*СПРАВОЧНИК!$N$4+'ФАКТ ЧИСТ ПОДЗЕМ'!J7*СПРАВОЧНИК!$O$4+'ФАКТ ЧИСТ ПОДЗЕМ'!K7*СПРАВОЧНИК!$P$4)+СПРАВОЧНИК!$E$5*('ФАКТ ЧЕРН ПОДЗЕМ'!H7*СПРАВОЧНИК!$H$5+'ФАКТ ЧЕРН ПОДЗЕМ'!I7*СПРАВОЧНИК!$I$5+'ФАКТ ЧЕРН ПОДЗЕМ'!J7*СПРАВОЧНИК!$J$5)+СПРАВОЧНИК!$F$5*('ФАКТ ЧИСТ ПОДЗЕМ'!L7*СПРАВОЧНИК!$L$5+'ФАКТ ЧИСТ ПОДЗЕМ'!M7*СПРАВОЧНИК!$M$5+'ФАКТ ЧИСТ ПОДЗЕМ'!N7*СПРАВОЧНИК!$N$5+'ФАКТ ЧИСТ ПОДЗЕМ'!O7*СПРАВОЧНИК!$O$5+'ФАКТ ЧИСТ ПОДЗЕМ'!P7*СПРАВОЧНИК!$P$5)+СПРАВОЧНИК!$E$6*('ФАКТ ЧЕРН ПОДЗЕМ'!K7*СПРАВОЧНИК!$H$6+'ФАКТ ЧЕРН ПОДЗЕМ'!L7*СПРАВОЧНИК!$I$6+'ФАКТ ЧЕРН ПОДЗЕМ'!M7*СПРАВОЧНИК!$J$6)+СПРАВОЧНИК!$F$6*('ФАКТ ЧИСТ ПОДЗЕМ'!Q7*СПРАВОЧНИК!$L$6+'ФАКТ ЧИСТ ПОДЗЕМ'!R7*СПРАВОЧНИК!$M$6+'ФАКТ ЧИСТ ПОДЗЕМ'!S7*СПРАВОЧНИК!$N$6+'ФАКТ ЧИСТ ПОДЗЕМ'!T7*СПРАВОЧНИК!$O$6+'ФАКТ ЧИСТ ПОДЗЕМ'!U7*СПРАВОЧНИК!$P$6)+СПРАВОЧНИК!$E$7*('ФАКТ ЧЕРН ПОДЗЕМ'!N7*СПРАВОЧНИК!$H$7+'ФАКТ ЧЕРН ПОДЗЕМ'!O7*СПРАВОЧНИК!$I$7+'ФАКТ ЧЕРН ПОДЗЕМ'!P7*СПРАВОЧНИК!$J$7)+СПРАВОЧНИК!$F$7*('ФАКТ ЧИСТ ПОДЗЕМ'!V7*СПРАВОЧНИК!$L$7+'ФАКТ ЧИСТ ПОДЗЕМ'!W7*СПРАВОЧНИК!$M$7+'ФАКТ ЧИСТ ПОДЗЕМ'!X7*СПРАВОЧНИК!$N$7+'ФАКТ ЧИСТ ПОДЗЕМ'!Y7*СПРАВОЧНИК!$O$7+'ФАКТ ЧИСТ ПОДЗЕМ'!Z7*СПРАВОЧНИК!$P$7)+СПРАВОЧНИК!$E$8*('ФАКТ ЧЕРН ПОДЗЕМ'!Q7*СПРАВОЧНИК!$H$8+'ФАКТ ЧЕРН ПОДЗЕМ'!R7*СПРАВОЧНИК!$I$8+'ФАКТ ЧЕРН ПОДЗЕМ'!S7*СПРАВОЧНИК!$J$8)+СПРАВОЧНИК!$F$8*('ФАКТ ЧИСТ ПОДЗЕМ'!AA7*СПРАВОЧНИК!$L$8+'ФАКТ ЧИСТ ПОДЗЕМ'!AB7*СПРАВОЧНИК!$M$8+'ФАКТ ЧИСТ ПОДЗЕМ'!AC7*СПРАВОЧНИК!$N$8+'ФАКТ ЧИСТ ПОДЗЕМ'!AD7*СПРАВОЧНИК!$O$8+'ФАКТ ЧИСТ ПОДЗЕМ'!AE7*СПРАВОЧНИК!$P$8) | H16: =H15+7 | I16: ='ПЛАН ЧЕРН ПОДЗЕМ'!B7*СПРАВОЧНИК!$H$3+'ПЛАН ЧЕРН ПОДЗЕМ'!C7*СПРАВОЧНИК!$I$3+'ПЛАН ЧЕРН ПОДЗЕМ'!D7*СПРАВОЧНИК!$J$3+'ПЛАН ЧЕРН ПОДЗЕМ'!E7*СПРАВОЧНИК!$H$4+'ПЛАН ЧЕРН ПОДЗЕМ'!F7*СПРАВОЧНИК!$I$4+'ПЛАН ЧЕРН ПОДЗЕМ'!G7*СПРАВОЧНИК!$J$4+'ПЛАН ЧЕРН ПОДЗЕМ'!H7*СПРАВОЧНИК!$H$5+'ПЛАН ЧЕРН ПОДЗЕМ'!I7*СПРАВОЧНИК!$I$5+'ПЛАН ЧЕРН ПОДЗЕМ'!J7*СПРАВОЧНИК!$J$5+'ПЛАН ЧЕРН ПОДЗЕМ'!K7*СПРАВОЧНИК!$H$6+'ПЛАН ЧЕРН ПОДЗЕМ'!L7*СПРАВОЧНИК!$I$6+'ПЛАН ЧЕРН ПОДЗЕМ'!M7*СПРАВОЧНИК!$J$6+'ПЛАН ЧЕРН ПОДЗЕМ'!N7*СПРАВОЧНИК!$H$7+'ПЛАН ЧЕРН ПОДЗЕМ'!O7*СПРАВОЧНИК!$I$7+'ПЛАН ЧЕРН ПОДЗЕМ'!P7*СПРАВОЧНИК!$J$7+'ПЛАН ЧЕРН ПОДЗЕМ'!Q7*СПРАВОЧНИК!$H$8+'ПЛАН ЧЕРН ПОДЗЕМ'!R7*СПРАВОЧНИК!$I$8+'ПЛАН ЧЕРН ПОДЗЕМ'!S7*СПРАВОЧНИК!$J$8 | J16: =('ФАКТ ЧЕРН ПОДЗЕМ'!B7)*СПРАВОЧНИК!$H$3+('ФАКТ ЧЕРН ПОДЗЕМ'!C7)*СПРАВОЧНИК!$I$3+('ФАКТ ЧЕРН ПОДЗЕМ'!D7)*СПРАВОЧНИК!$J$3+('ФАКТ ЧЕРН ПОДЗЕМ'!E7)*СПРАВОЧНИК!$H$4+('ФАКТ ЧЕРН ПОДЗЕМ'!F7)*СПРАВОЧНИК!$I$4+('ФАКТ ЧЕРН ПОДЗЕМ'!G7)*СПРАВОЧНИК!$J$4+('ФАКТ ЧЕРН ПОДЗЕМ'!H7)*СПРАВОЧНИК!$H$5+('ФАКТ ЧЕРН ПОДЗЕМ'!I7)*СПРАВОЧНИК!$I$5+('ФАКТ ЧЕРН ПОДЗЕМ'!J7)*СПРАВОЧНИК!$J$5+('ФАКТ ЧЕРН ПОДЗЕМ'!K7)*СПРАВОЧНИК!$H$6+('ФАКТ ЧЕРН ПОДЗЕМ'!L7)*СПРАВОЧНИК!$I$6+('ФАКТ ЧЕРН ПОДЗЕМ'!M7)*СПРАВОЧНИК!$J$6+('ФАКТ ЧЕРН ПОДЗЕМ'!N7)*СПРАВОЧНИК!$H$7+('ФАКТ ЧЕРН ПОДЗЕМ'!O7)*СПРАВОЧНИК!$I$7+('ФАКТ ЧЕРН ПОДЗЕМ'!P7)*СПРАВОЧНИК!$J$7+('ФАКТ ЧЕРН ПОДЗЕМ'!Q7)*СПРАВОЧНИК!$H$8+('ФАКТ ЧЕРН ПОДЗЕМ'!R7)*СПРАВОЧНИК!$I$8+('ФАКТ ЧЕРН ПОДЗЕМ'!S7)*СПРАВОЧНИК!$J$8 | N16: =N15+7 | O16: ='ПЛАН ЧИСТ ПОДЗЕМ'!B7*СПРАВОЧНИК!$L$3+'ПЛАН ЧИСТ ПОДЗЕМ'!C7*СПРАВОЧНИК!$M$3+'ПЛАН ЧИСТ ПОДЗЕМ'!D7*СПРАВОЧНИК!$N$3+'ПЛАН ЧИСТ ПОДЗЕМ'!E7*СПРАВОЧНИК!$O$3+'ПЛАН ЧИСТ ПОДЗЕМ'!F7*СПРАВОЧНИК!$P$3+'ПЛАН ЧИСТ ПОДЗЕМ'!G7*СПРАВОЧНИК!$L$4+'ПЛАН ЧИСТ ПОДЗЕМ'!H7*СПРАВОЧНИК!$M$4+'ПЛАН ЧИСТ ПОДЗЕМ'!I7*СПРАВОЧНИК!$N$4+'ПЛАН ЧИСТ ПОДЗЕМ'!J7*СПРАВОЧНИК!$O$4+'ПЛАН ЧИСТ ПОДЗЕМ'!K7*СПРАВОЧНИК!$P$4+'ПЛАН ЧИСТ ПОДЗЕМ'!L7*СПРАВОЧНИК!$L$5+'ПЛАН ЧИСТ ПОДЗЕМ'!M7*СПРАВОЧНИК!$M$5+'ПЛАН ЧИСТ ПОДЗЕМ'!N7*СПРАВОЧНИК!$N$5+'ПЛАН ЧИСТ ПОДЗЕМ'!O7*СПРАВОЧНИК!$O$5+'ПЛАН ЧИСТ ПОДЗЕМ'!P7*СПРАВОЧНИК!$P$5+'ПЛАН ЧИСТ ПОДЗЕМ'!Q7*СПРАВОЧНИК!$L$6+'ПЛАН ЧИСТ ПОДЗЕМ'!R7*СПРАВОЧНИК!$M$6+'ПЛАН ЧИСТ ПОДЗЕМ'!S7*СПРАВОЧНИК!$N$6+'ПЛАН ЧИСТ ПОДЗЕМ'!T7*СПРАВОЧНИК!$O$6+'ПЛАН ЧИСТ ПОДЗЕМ'!U7*СПРАВОЧНИК!$P$6+'ПЛАН ЧИСТ ПОДЗЕМ'!V7*СПРАВОЧНИК!$L$7+'ПЛАН ЧИСТ ПОДЗЕМ'!W7*СПРАВОЧНИК!$M$7+'ПЛАН ЧИСТ ПОДЗЕМ'!X7*СПРАВОЧНИК!$N$7+'ПЛАН ЧИСТ ПОДЗЕМ'!Y7*СПРАВОЧНИК!$O$7+'ПЛАН ЧИСТ ПОДЗЕМ'!Z7*СПРАВОЧНИК!$P$7+'ПЛАН ЧИСТ ПОДЗЕМ'!AA7*СПРАВОЧНИК!$L$8+'ПЛАН ЧИСТ ПОДЗЕМ'!AB7*СПРАВОЧНИК!$M$8+'ПЛАН ЧИСТ ПОДЗЕМ'!AC7*СПРАВОЧНИК!$N$8+'ПЛАН ЧИСТ ПОДЗЕМ'!AD7*СПРАВОЧНИК!$O$8+'ПЛАН ЧИСТ ПОДЗЕМ'!AE7*СПРАВОЧНИК!$P$8 | P16: =('ФАКТ ЧИСТ ПОДЗЕМ'!B7)*СПРАВОЧНИК!$L$3+('ФАКТ ЧИСТ ПОДЗЕМ'!C7)*СПРАВОЧНИК!$M$3+('ФАКТ ЧИСТ ПОДЗЕМ'!D7)*СПРАВОЧНИК!$N$3+('ФАКТ ЧИСТ ПОДЗЕМ'!E7)*СПРАВОЧНИК!$O$3+('ФАКТ ЧИСТ ПОДЗЕМ'!F7)*СПРАВОЧНИК!$P$3+('ФАКТ ЧИСТ ПОДЗЕМ'!G7)*СПРАВОЧНИК!$L$4+('ФАКТ ЧИСТ ПОДЗЕМ'!H7)*СПРАВОЧНИК!$M$4+('ФАКТ ЧИСТ ПОДЗЕМ'!I7)*СПРАВОЧНИК!$N$4+('ФАКТ ЧИСТ ПОДЗЕМ'!J7)*СПРАВОЧНИК!$O$4+('ФАКТ ЧИСТ ПОДЗЕМ'!K7)*СПРАВОЧНИК!$P$4+('ФАКТ ЧИСТ ПОДЗЕМ'!L7)*СПРАВОЧНИК!$L$5+('ФАКТ ЧИСТ ПОДЗЕМ'!M7)*СПРАВОЧНИК!$M$5+('ФАКТ ЧИСТ ПОДЗЕМ'!N7)*СПРАВОЧНИК!$N$5+('ФАКТ ЧИСТ ПОДЗЕМ'!O7)*СПРАВОЧНИК!$O$5+('ФАКТ ЧИСТ ПОДЗЕМ'!P7)*СПРАВОЧНИК!$P$5+('ФАКТ ЧИСТ ПОДЗЕМ'!Q7)*СПРАВОЧНИК!$L$6+('ФАКТ ЧИСТ ПОДЗЕМ'!R7)*СПРАВОЧНИК!$M$6+('ФАКТ ЧИСТ ПОДЗЕМ'!S7)*СПРАВОЧНИК!$N$6+('ФАКТ ЧИСТ ПОДЗЕМ'!T7)*СПРАВОЧНИК!$O$6+('ФАКТ ЧИСТ ПОДЗЕМ'!U7)*СПРАВОЧНИК!$P$6+('ФАКТ ЧИСТ ПОДЗЕМ'!V7)*СПРАВОЧНИК!$L$7+('ФАКТ ЧИСТ ПОДЗЕМ'!W7)*СПРАВОЧНИК!$M$7+('ФАКТ ЧИСТ ПОДЗЕМ'!X7)*СПРАВОЧНИК!$N$7+('ФАКТ ЧИСТ ПОДЗЕМ'!Y7)*СПРАВОЧНИК!$O$7+('ФАКТ ЧИСТ ПОДЗЕМ'!Z7)*СПРАВОЧНИК!$P$7+('ФАКТ ЧИСТ ПОДЗЕМ'!AA7)*СПРАВОЧНИК!$L$8+('ФАКТ ЧИСТ ПОДЗЕМ'!AB7)*СПРАВОЧНИК!$M$8+('ФАКТ ЧИСТ ПОДЗЕМ'!AC7)*СПРАВОЧНИК!$N$8+('ФАКТ ЧИСТ ПОДЗЕМ'!AD7)*СПРАВОЧНИК!$O$8+('ФАКТ ЧИСТ ПОДЗЕМ'!AE7)*СПРАВОЧНИК!$P$8 | T16: =T15+7 | U16: =СПРАВОЧНИК!$E$9*('ПЛАН ЧЕРН К1'!B7*СПРАВОЧНИК!$H$9+'ПЛАН ЧЕРН К1'!C7*СПРАВОЧНИК!$I$9+'ПЛАН ЧЕРН К1'!D7*СПРАВОЧНИК!$J$9)+СПРАВОЧНИК!$F$9*('ПЛАН ЧИСТ К1'!B7*СПРАВОЧНИК!$L$9+'ПЛАН ЧИСТ К1'!C7*СПРАВОЧНИК!$M$9+'ПЛАН ЧИСТ К1'!D7*СПРАВОЧНИК!$N$9+'ПЛАН ЧИСТ К1'!E7*СПРАВОЧНИК!$O$9+'ПЛАН ЧИСТ К1'!F7*СПРАВОЧНИК!$P$9)+СПРАВОЧНИК!$E$10*('ПЛАН ЧЕРН К1'!E7*СПРАВОЧНИК!$H$10+'ПЛАН ЧЕРН К1'!F7*СПРАВОЧНИК!$I$10+'ПЛАН ЧЕРН К1'!G7*СПРАВОЧНИК!$J$10)+СПРАВОЧНИК!$F$10*('ПЛАН ЧИСТ К1'!G7*СПРАВОЧНИК!$L$10+'ПЛАН ЧИСТ К1'!H7*СПРАВОЧНИК!$M$10+'ПЛАН ЧИСТ К1'!I7*СПРАВОЧНИК!$N$10+'ПЛАН ЧИСТ К1'!J7*СПРАВОЧНИК!$O$10+'ПЛАН ЧИСТ К1'!K7*СПРАВОЧНИК!$P$10)+СПРАВОЧНИК!$E$11*('ПЛАН ЧЕРН К1'!H7*СПРАВОЧНИК!$H$11+'ПЛАН ЧЕРН К1'!I7*СПРАВОЧНИК!$I$11+'ПЛАН ЧЕРН К1'!J7*СПРАВОЧНИК!$J$11)+СПРАВОЧНИК!$F$11*('ПЛАН ЧИСТ К1'!L7*СПРАВОЧНИК!$L$11+'ПЛАН ЧИСТ К1'!M7*СПРАВОЧНИК!$M$11+'ПЛАН ЧИСТ К1'!N7*СПРАВОЧНИК!$N$11+'ПЛАН ЧИСТ К1'!O7*СПРАВОЧНИК!$O$11+'ПЛАН ЧИСТ К1'!P7*СПРАВОЧНИК!$P$11)+СПРАВОЧНИК!$E$12*('ПЛАН ЧЕРН К1'!K7*СПРАВОЧНИК!$H$12+'ПЛАН ЧЕРН К1'!L7*СПРАВОЧНИК!$I$12+'ПЛАН ЧЕРН К1'!M7*СПРАВОЧНИК!$J$12)+СПРАВОЧНИК!$F$12*('ПЛАН ЧИСТ К1'!Q7*СПРАВОЧНИК!$L$12+'ПЛАН ЧИСТ К1'!R7*СПРАВОЧНИК!$M$12+'ПЛАН ЧИСТ К1'!S7*СПРАВОЧНИК!$N$12+'ПЛАН ЧИСТ К1'!T7*СПРАВОЧНИК!$O$12+'ПЛАН ЧИСТ К1'!U7*СПРАВОЧНИК!$P$12)+СПРАВОЧНИК!$E$13*('ПЛАН ЧЕРН К1'!N7*СПРАВОЧНИК!$H$13+'ПЛАН ЧЕРН К1'!O7*СПРАВОЧНИК!$I$13+'ПЛАН ЧЕРН К1'!P7*СПРАВОЧНИК!$J$13)+СПРАВОЧНИК!$F$13*('ПЛАН ЧИСТ К1'!V7*СПРАВОЧНИК!$L$13+'ПЛАН ЧИСТ К1'!W7*СПРАВОЧНИК!$M$13+'ПЛАН ЧИСТ К1'!X7*СПРАВОЧНИК!$N$13+'ПЛАН ЧИСТ К1'!Y7*СПРАВОЧНИК!$O$13+'ПЛАН ЧИСТ К1'!Z7*СПРАВОЧНИК!$P$13)+СПРАВОЧНИК!$E$14*('ПЛАН ЧЕРН К1'!Q7*СПРАВОЧНИК!$H$14+'ПЛАН ЧЕРН К1'!R7*СПРАВОЧНИК!$I$14+'ПЛАН ЧЕРН К1'!S7*СПРАВОЧНИК!$J$14)+СПРАВОЧНИК!$F$14*('ПЛАН ЧИСТ К1'!AA7*СПРАВОЧНИК!$L$14+'ПЛАН ЧИСТ К1'!AB7*СПРАВОЧНИК!$M$14+'ПЛАН ЧИСТ К1'!AC7*СПРАВОЧНИК!$N$14+'ПЛАН ЧИСТ К1'!AD7*СПРАВОЧНИК!$O$14+'ПЛАН ЧИСТ К1'!AE7*СПРАВОЧНИК!$P$14)+СПРАВОЧНИК!$E$15*('ПЛАН ЧЕРН К1'!T7*СПРАВОЧНИК!$H$15+'ПЛАН ЧЕРН К1'!U7*СПРАВОЧНИК!$I$15+'ПЛАН ЧЕРН К1'!V7*СПРАВОЧНИК!$J$15)+СПРАВОЧНИК!$F$15*('ПЛАН ЧИСТ К1'!AF7*СПРАВОЧНИК!$L$15+'ПЛАН ЧИСТ К1'!AG7*СПРАВОЧНИК!$M$15+'ПЛАН ЧИСТ К1'!AH7*СПРАВОЧНИК!$N$15+'ПЛАН ЧИСТ К1'!AI7*СПРАВОЧНИК!$O$15+'ПЛАН ЧИСТ К1'!AJ7*СПРАВОЧНИК!$P$15) | V16: =СПРАВОЧНИК!$E$9*('ФАКТ ЧЕРН К1'!B7*СПРАВОЧНИК!$H$9+'ФАКТ ЧЕРН К1'!C7*СПРАВОЧНИК!$I$9+'ФАКТ ЧЕРН К1'!D7*СПРАВОЧНИК!$J$9)+СПРАВОЧНИК!$F$9*('ФАКТ ЧИСТ К1'!B7*СПРАВОЧНИК!$L$9+'ФАКТ ЧИСТ К1'!C7*СПРАВОЧНИК!$M$9+'ФАКТ ЧИСТ К1'!D7*СПРАВОЧНИК!$N$9+'ФАКТ ЧИСТ К1'!E7*СПРАВОЧНИК!$O$9+'ФАКТ ЧИСТ К1'!F7*СПРАВОЧНИК!$P$9)+СПРАВОЧНИК!$E$10*('ФАКТ ЧЕРН К1'!E7*СПРАВОЧНИК!$H$10+'ФАКТ ЧЕРН К1'!F7*СПРАВОЧНИК!$I$10+'ФАКТ ЧЕРН К1'!G7*СПРАВОЧНИК!$J$10)+СПРАВОЧНИК!$F$10*('ФАКТ ЧИСТ К1'!G7*СПРАВОЧНИК!$L$10+'ФАКТ ЧИСТ К1'!H7*СПРАВОЧНИК!$M$10+'ФАКТ ЧИСТ К1'!I7*СПРАВОЧНИК!$N$10+'ФАКТ ЧИСТ К1'!J7*СПРАВОЧНИК!$O$10+'ФАКТ ЧИСТ К1'!K7*СПРАВОЧНИК!$P$10)+СПРАВОЧНИК!$E$11*('ФАКТ ЧЕРН К1'!H7*СПРАВОЧНИК!$H$11+'ФАКТ ЧЕРН К1'!I7*СПРАВОЧНИК!$I$11+'ФАКТ ЧЕРН К1'!J7*СПРАВОЧНИК!$J$11)+СПРАВОЧНИК!$F$11*('ФАКТ ЧИСТ К1'!L7*СПРАВОЧНИК!$L$11+'ФАКТ ЧИСТ К1'!M7*СПРАВОЧНИК!$M$11+'ФАКТ ЧИСТ К1'!N7*СПРАВОЧНИК!$N$11+'ФАКТ ЧИСТ К1'!O7*СПРАВОЧНИК!$O$11+'ФАКТ ЧИСТ К1'!P7*СПРАВОЧНИК!$P$11)+СПРАВОЧНИК!$E$12*('ФАКТ ЧЕРН К1'!K7*СПРАВОЧНИК!$H$12+'ФАКТ ЧЕРН К1'!L7*СПРАВОЧНИК!$I$12+'ФАКТ ЧЕРН К1'!M7*СПРАВОЧНИК!$J$12)+СПРАВОЧНИК!$F$12*('ФАКТ ЧИСТ К1'!Q7*СПРАВОЧНИК!$L$12+'ФАКТ ЧИСТ К1'!R7*СПРАВОЧНИК!$M$12+'ФАКТ ЧИСТ К1'!S7*СПРАВОЧНИК!$N$12+'ФАКТ ЧИСТ К1'!T7*СПРАВОЧНИК!$O$12+'ФАКТ ЧИСТ К1'!U7*СПРАВОЧНИК!$P$12)+СПРАВОЧНИК!$E$13*('ФАКТ ЧЕРН К1'!N7*СПРАВОЧНИК!$H$13+'ФАКТ ЧЕРН К1'!O7*СПРАВОЧНИК!$I$13+'ФАКТ ЧЕРН К1'!P7*СПРАВОЧНИК!$J$13)+СПРАВОЧНИК!$F$13*('ФАКТ ЧИСТ К1'!V7*СПРАВОЧНИК!$L$13+'ФАКТ ЧИСТ К1'!W7*СПРАВОЧНИК!$M$13+'ФАКТ ЧИСТ К1'!X7*СПРАВОЧНИК!$N$13+'ФАКТ ЧИСТ К1'!Y7*СПРАВОЧНИК!$O$13+'ФАКТ ЧИСТ К1'!Z7*СПРАВОЧНИК!$P$13)+СПРАВОЧНИК!$E$14*('ФАКТ ЧЕРН К1'!Q7*СПРАВОЧНИК!$H$14+'ФАКТ ЧЕРН К1'!R7*СПРАВОЧНИК!$I$14+'ФАКТ ЧЕРН К1'!S7*СПРАВОЧНИК!$J$14)+СПРАВОЧНИК!$F$14*('ФАКТ ЧИСТ К1'!AA7*СПРАВОЧНИК!$L$14+'ФАКТ ЧИСТ К1'!AB7*СПРАВОЧНИК!$M$14+'ФАКТ ЧИСТ К1'!AC7*СПРАВОЧНИК!$N$14+'ФАКТ ЧИСТ К1'!AD7*СПРАВОЧНИК!$O$14+'ФАКТ ЧИСТ К1'!AE7*СПРАВОЧНИК!$P$14)+СПРАВОЧНИК!$E$15*('ФАКТ ЧЕРН К1'!T7*СПРАВОЧНИК!$H$15+'ФАКТ ЧЕРН К1'!U7*СПРАВОЧНИК!$I$15+'ФАКТ ЧЕРН К1'!V7*СПРАВОЧНИК!$J$15)+СПРАВОЧНИК!$F$15*('ФАКТ ЧИСТ К1'!AF7*СПРАВОЧНИК!$L$15+'ФАКТ ЧИСТ К1'!AG7*СПРАВОЧНИК!$M$15+'ФАКТ ЧИСТ К1'!AH7*СПРАВОЧНИК!$N$15+'ФАКТ ЧИСТ К1'!AI7*СПРАВОЧНИК!$O$15+'ФАКТ ЧИСТ К1'!AJ7*СПРАВОЧНИК!$P$15) | Z16: =Z15+7 | AA16: ='ПЛАН ЧЕРН К1'!B7*СПРАВОЧНИК!$H$9+'ПЛАН ЧЕРН К1'!C7*СПРАВОЧНИК!$I$9+'ПЛАН ЧЕРН К1'!D7*СПРАВОЧНИК!$J$9+'ПЛАН ЧЕРН К1'!E7*СПРАВОЧНИК!$H$10+'ПЛАН ЧЕРН К1'!F7*СПРАВОЧНИК!$I$10+'ПЛАН ЧЕРН К1'!G7*СПРАВОЧНИК!$J$10+'ПЛАН ЧЕРН К1'!H7*СПРАВОЧНИК!$H$11+'ПЛАН ЧЕРН К1'!I7*СПРАВОЧНИК!$I$11+'ПЛАН ЧЕРН К1'!J7*СПРАВОЧНИК!$J$11+'ПЛАН ЧЕРН К1'!K7*СПРАВОЧНИК!$H$12+'ПЛАН ЧЕРН К1'!L7*СПРАВОЧНИК!$I$12+'ПЛАН ЧЕРН К1'!M7*СПРАВОЧНИК!$J$12+'ПЛАН ЧЕРН К1'!N7*СПРАВОЧНИК!$H$13+'ПЛАН ЧЕРН К1'!O7*СПРАВОЧНИК!$I$13+'ПЛАН ЧЕРН К1'!P7*СПРАВОЧНИК!$J$13+'ПЛАН ЧЕРН К1'!Q7*СПРАВОЧНИК!$H$14+'ПЛАН ЧЕРН К1'!R7*СПРАВОЧНИК!$I$14+'ПЛАН ЧЕРН К1'!S7*СПРАВОЧНИК!$J$14+'ПЛАН ЧЕРН К1'!T7*СПРАВОЧНИК!$H$15+'ПЛАН ЧЕРН К1'!U7*СПРАВОЧНИК!$I$15+'ПЛАН ЧЕРН К1'!V7*СПРАВОЧНИК!$J$15 | AB16: =('ФАКТ ЧЕРН К1'!B7)*СПРАВОЧНИК!$H$9+('ФАКТ ЧЕРН К1'!C7)*СПРАВОЧНИК!$I$9+('ФАКТ ЧЕРН К1'!D7)*СПРАВОЧНИК!$J$9+('ФАКТ ЧЕРН К1'!E7)*СПРАВОЧНИК!$H$10+('ФАКТ ЧЕРН К1'!F7)*СПРАВОЧНИК!$I$10+('ФАКТ ЧЕРН К1'!G7)*СПРАВОЧНИК!$J$10+('ФАКТ ЧЕРН К1'!H7)*СПРАВОЧНИК!$H$11+('ФАКТ ЧЕРН К1'!I7)*СПРАВОЧНИК!$I$11+('ФАКТ ЧЕРН К1'!J7)*СПРАВОЧНИК!$J$11+('ФАКТ ЧЕРН К1'!K7)*СПРАВОЧНИК!$H$12+('ФАКТ ЧЕРН К1'!L7)*СПРАВОЧНИК!$I$12+('ФАКТ ЧЕРН К1'!M7)*СПРАВОЧНИК!$J$12+('ФАКТ ЧЕРН К1'!N7)*СПРАВОЧНИК!$H$13+('ФАКТ ЧЕРН К1'!O7)*СПРАВОЧНИК!$I$13+('ФАКТ ЧЕРН К1'!P7)*СПРАВОЧНИК!$J$13+('ФАКТ ЧЕРН К1'!Q7)*СПРАВОЧНИК!$H$14+('ФАКТ ЧЕРН К1'!R7)*СПРАВОЧНИК!$I$14+('ФАКТ ЧЕРН К1'!S7)*СПРАВОЧНИК!$J$14+('ФАКТ ЧЕРН К1'!T7)*СПРАВОЧНИК!$H$15+('ФАКТ ЧЕРН К1'!U7)*СПРАВОЧНИК!$I$15+('ФАКТ ЧЕРН К1'!V7)*СПРАВОЧНИК!$J$15 | AF16: =AF15+7 | AG16: ='ПЛАН ЧИСТ К1'!B7*СПРАВОЧНИК!$L$9+'ПЛАН ЧИСТ К1'!C7*СПРАВОЧНИК!$M$9+'ПЛАН ЧИСТ К1'!D7*СПРАВОЧНИК!$N$9+'ПЛАН ЧИСТ К1'!E7*СПРАВОЧНИК!$O$9+'ПЛАН ЧИСТ К1'!F7*СПРАВОЧНИК!$P$9+'ПЛАН ЧИСТ К1'!G7*СПРАВОЧНИК!$L$10+'ПЛАН ЧИСТ К1'!H7*СПРАВОЧНИК!$M$10+'ПЛАН ЧИСТ К1'!I7*СПРАВОЧНИК!$N$10+'ПЛАН ЧИСТ К1'!J7*СПРАВОЧНИК!$O$10+'ПЛАН ЧИСТ К1'!K7*СПРАВОЧНИК!$P$10+'ПЛАН ЧИСТ К1'!L7*СПРАВОЧНИК!$L$11+'ПЛАН ЧИСТ К1'!M7*СПРАВОЧНИК!$M$11+'ПЛАН ЧИСТ К1'!N7*СПРАВОЧНИК!$N$11+'ПЛАН ЧИСТ К1'!O7*СПРАВОЧНИК!$O$11+'ПЛАН ЧИСТ К1'!P7*СПРАВОЧНИК!$P$11+'ПЛАН ЧИСТ К1'!Q7*СПРАВОЧНИК!$L$12+'ПЛАН ЧИСТ К1'!R7*СПРАВОЧНИК!$M$12+'ПЛАН ЧИСТ К1'!S7*СПРАВОЧНИК!$N$12+'ПЛАН ЧИСТ К1'!T7*СПРАВОЧНИК!$O$12+'ПЛАН ЧИСТ К1'!U7*СПРАВОЧНИК!$P$12+'ПЛАН ЧИСТ К1'!V7*СПРАВОЧНИК!$L$13+'ПЛАН ЧИСТ К1'!W7*СПРАВОЧНИК!$M$13+'ПЛАН ЧИСТ К1'!X7*СПРАВОЧНИК!$N$13+'ПЛАН ЧИСТ К1'!Y7*СПРАВОЧНИК!$O$13+'ПЛАН ЧИСТ К1'!Z7*СПРАВОЧНИК!$P$13+'ПЛАН ЧИСТ К1'!AA7*СПРАВОЧНИК!$L$14+'ПЛАН ЧИСТ К1'!AB7*СПРАВОЧНИК!$M$14+'ПЛАН ЧИСТ К1'!AC7*СПРАВОЧНИК!$N$14+'ПЛАН ЧИСТ К1'!AD7*СПРАВОЧНИК!$O$14+'ПЛАН ЧИСТ К1'!AE7*СПРАВОЧНИК!$P$14+'ПЛАН ЧИСТ К1'!AF7*СПРАВОЧНИК!$L$15+'ПЛАН ЧИСТ К1'!AG7*СПРАВОЧНИК!$M$15+'ПЛАН ЧИСТ К1'!AH7*СПРАВОЧНИК!$N$15+'ПЛАН ЧИСТ К1'!AI7*СПРАВОЧНИК!$O$15+'ПЛАН ЧИСТ К1'!AJ7*СПРАВОЧНИК!$P$15 | AH16: =('ФАКТ ЧИСТ К1'!B7)*СПРАВОЧНИК!$L$9+('ФАКТ ЧИСТ К1'!C7)*СПРАВОЧНИК!$M$9+('ФАКТ ЧИСТ К1'!D7)*СПРАВОЧНИК!$N$9+('ФАКТ ЧИСТ К1'!E7)*СПРАВОЧНИК!$O$9+('ФАКТ ЧИСТ К1'!F7)*СПРАВОЧНИК!$P$9+('ФАКТ ЧИСТ К1'!G7)*СПРАВОЧНИК!$L$10+('ФАКТ ЧИСТ К1'!H7)*СПРАВОЧНИК!$M$10+('ФАКТ ЧИСТ К1'!I7)*СПРАВОЧНИК!$N$10+('ФАКТ ЧИСТ К1'!J7)*СПРАВОЧНИК!$O$10+('ФАКТ ЧИСТ К1'!K7)*СПРАВОЧНИК!$P$10+('ФАКТ ЧИСТ К1'!L7)*СПРАВОЧНИК!$L$11+('ФАКТ ЧИСТ К1'!M7)*СПРАВОЧНИК!$M$11+('ФАКТ ЧИСТ К1'!N7)*СПРАВОЧНИК!$N$11+('ФАКТ ЧИСТ К1'!O7)*СПРАВОЧНИК!$O$11+('ФАКТ ЧИСТ К1'!P7)*СПРАВОЧНИК!$P$11+('ФАКТ ЧИСТ К1'!Q7)*СПРАВОЧНИК!$L$12+('ФАКТ ЧИСТ К1'!R7)*СПРАВОЧНИК!$M$12+('ФАКТ ЧИСТ К1'!S7)*СПРАВОЧНИК!$N$12+('ФАКТ ЧИСТ К1'!T7)*СПРАВОЧНИК!$O$12+('ФАКТ ЧИСТ К1'!U7)*СПРАВОЧНИК!$P$12+('ФАКТ ЧИСТ К1'!V7)*СПРАВОЧНИК!$L$13+('ФАКТ ЧИСТ К1'!W7)*СПРАВОЧНИК!$M$13+('ФАКТ ЧИСТ К1'!X7)*СПРАВОЧНИК!$N$13+('ФАКТ ЧИСТ К1'!Y7)*СПРАВОЧНИК!$O$13+('ФАКТ ЧИСТ К1'!Z7)*СПРАВОЧНИК!$P$13+('ФАКТ ЧИСТ К1'!AA7)*СПРАВОЧНИК!$L$14+('ФАКТ ЧИСТ К1'!AB7)*СПРАВОЧНИК!$M$14+('ФАКТ ЧИСТ К1'!AC7)*СПРАВОЧНИК!$N$14+('ФАКТ ЧИСТ К1'!AD7)*СПРАВОЧНИК!$O$14+('ФАКТ ЧИСТ К1'!AE7)*СПРАВОЧНИК!$P$14+('ФАКТ ЧИСТ К1'!AF7)*СПРАВОЧНИК!$L$15+('ФАКТ ЧИСТ К1'!AG7)*СПРАВОЧНИК!$M$15+('ФАКТ ЧИСТ К1'!AH7)*СПРАВОЧНИК!$N$15+('ФАКТ ЧИСТ К1'!AI7)*СПРАВОЧНИК!$O$15+('ФАКТ ЧИСТ К1'!AJ7)*СПРАВОЧНИК!$P$15 | AL16: =AL15+7 | AM16: =СПРАВОЧНИК!$E$9*('ПЛАН ЧЕРН К2'!B7*СПРАВОЧНИК!$H$9+'ПЛАН ЧЕРН К2'!C7*СПРАВОЧНИК!$I$9+'ПЛАН ЧЕРН К2'!D7*СПРАВОЧНИК!$J$9)+СПРАВОЧНИК!$F$9*('ПЛАН ЧИСТ К2'!B7*СПРАВОЧНИК!$L$9+'ПЛАН ЧИСТ К2'!C7*СПРАВОЧНИК!$M$9+'ПЛАН ЧИСТ К2'!D7*СПРАВОЧНИК!$N$9+'ПЛАН ЧИСТ К2'!E7*СПРАВОЧНИК!$O$9+'ПЛАН ЧИСТ К2'!F7*СПРАВОЧНИК!$P$9)+СПРАВОЧНИК!$E$10*('ПЛАН ЧЕРН К2'!E7*СПРАВОЧНИК!$H$10+'ПЛАН ЧЕРН К2'!F7*СПРАВОЧНИК!$I$10+'ПЛАН ЧЕРН К2'!G7*СПРАВОЧНИК!$J$10)+СПРАВОЧНИК!$F$10*('ПЛАН ЧИСТ К2'!G7*СПРАВОЧНИК!$L$10+'ПЛАН ЧИСТ К2'!H7*СПРАВОЧНИК!$M$10+'ПЛАН ЧИСТ К2'!I7*СПРАВОЧНИК!$N$10+'ПЛАН ЧИСТ К2'!J7*СПРАВОЧНИК!$O$10+'ПЛАН ЧИСТ К2'!K7*СПРАВОЧНИК!$P$10)+СПРАВОЧНИК!$E$11*('ПЛАН ЧЕРН К2'!H7*СПРАВОЧНИК!$H$11+'ПЛАН ЧЕРН К2'!I7*СПРАВОЧНИК!$I$11+'ПЛАН ЧЕРН К2'!J7*СПРАВОЧНИК!$J$11)+СПРАВОЧНИК!$F$11*('ПЛАН ЧИСТ К2'!L7*СПРАВОЧНИК!$L$11+'ПЛАН ЧИСТ К2'!M7*СПРАВОЧНИК!$M$11+'ПЛАН ЧИСТ К2'!N7*СПРАВОЧНИК!$N$11+'ПЛАН ЧИСТ К2'!O7*СПРАВОЧНИК!$O$11+'ПЛАН ЧИСТ К2'!P7*СПРАВОЧНИК!$P$11)+СПРАВОЧНИК!$E$12*('ПЛАН ЧЕРН К2'!K7*СПРАВОЧНИК!$H$12+'ПЛАН ЧЕРН К2'!L7*СПРАВОЧНИК!$I$12+'ПЛАН ЧЕРН К2'!M7*СПРАВОЧНИК!$J$12)+СПРАВОЧНИК!$F$12*('ПЛАН ЧИСТ К2'!Q7*СПРАВОЧНИК!$L$12+'ПЛАН ЧИСТ К2'!R7*СПРАВОЧНИК!$M$12+'ПЛАН ЧИСТ К2'!S7*СПРАВОЧНИК!$N$12+'ПЛАН ЧИСТ К2'!T7*СПРАВОЧНИК!$O$12+'ПЛАН ЧИСТ К2'!U7*СПРАВОЧНИК!$P$12)+СПРАВОЧНИК!$E$13*('ПЛАН ЧЕРН К2'!N7*СПРАВОЧНИК!$H$13+'ПЛАН ЧЕРН К2'!O7*СПРАВОЧНИК!$I$13+'ПЛАН ЧЕРН К2'!P7*СПРАВОЧНИК!$J$13)+СПРАВОЧНИК!$F$13*('ПЛАН ЧИСТ К2'!V7*СПРАВОЧНИК!$L$13+'ПЛАН ЧИСТ К2'!W7*СПРАВОЧНИК!$M$13+'ПЛАН ЧИСТ К2'!X7*СПРАВОЧНИК!$N$13+'ПЛАН ЧИСТ К2'!Y7*СПРАВОЧНИК!$O$13+'ПЛАН ЧИСТ К2'!Z7*СПРАВОЧНИК!$P$13)+СПРАВОЧНИК!$E$14*('ПЛАН ЧЕРН К2'!Q7*СПРАВОЧНИК!$H$14+'ПЛАН ЧЕРН К2'!R7*СПРАВОЧНИК!$I$14+'ПЛАН ЧЕРН К2'!S7*СПРАВОЧНИК!$J$14)+СПРАВОЧНИК!$F$14*('ПЛАН ЧИСТ К2'!AA7*СПРАВОЧНИК!$L$14+'ПЛАН ЧИСТ К2'!AB7*СПРАВОЧНИК!$M$14+'ПЛАН ЧИСТ К2'!AC7*СПРАВОЧНИК!$N$14+'ПЛАН ЧИСТ К2'!AD7*СПРАВОЧНИК!$O$14+'ПЛАН ЧИСТ К2'!AE7*СПРАВОЧНИК!$P$14)+СПРАВОЧНИК!$E$15*('ПЛАН ЧЕРН К2'!T7*СПРАВОЧНИК!$H$15+'ПЛАН ЧЕРН К2'!U7*СПРАВОЧНИК!$I$15+'ПЛАН ЧЕРН К2'!V7*СПРАВОЧНИК!$J$15)+СПРАВОЧНИК!$F$15*('ПЛАН ЧИСТ К2'!AF7*СПРАВОЧНИК!$L$15+'ПЛАН ЧИСТ К2'!AG7*СПРАВОЧНИК!$M$15+'ПЛАН ЧИСТ К2'!AH7*СПРАВОЧНИК!$N$15+'ПЛАН ЧИСТ К2'!AI7*СПРАВОЧНИК!$O$15+'ПЛАН ЧИСТ К2'!AJ7*СПРАВОЧНИК!$P$15) | AN16: =СПРАВОЧНИК!$E$9*('ФАКТ ЧЕРН К2'!B7*СПРАВОЧНИК!$H$9+'ФАКТ ЧЕРН К2'!C7*СПРАВОЧНИК!$I$9+'ФАКТ ЧЕРН К2'!D7*СПРАВОЧНИК!$J$9)+СПРАВОЧНИК!$F$9*('ФАКТ ЧИСТ К2'!B7*СПРАВОЧНИК!$L$9+'ФАКТ ЧИСТ К2'!C7*СПРАВОЧНИК!$M$9+'ФАКТ ЧИСТ К2'!D7*СПРАВОЧНИК!$N$9+'ФАКТ ЧИСТ К2'!E7*СПРАВОЧНИК!$O$9+'ФАКТ ЧИСТ К2'!F7*СПРАВОЧНИК!$P$9)+СПРАВОЧНИК!$E$10*('ФАКТ ЧЕРН К2'!E7*СПРАВОЧНИК!$H$10+'ФАКТ ЧЕРН К2'!F7*СПРАВОЧНИК!$I$10+'ФАКТ ЧЕРН К2'!G7*СПРАВОЧНИК!$J$10)+СПРАВОЧНИК!$F$10*('ФАКТ ЧИСТ К2'!G7*СПРАВОЧНИК!$L$10+'ФАКТ ЧИСТ К2'!H7*СПРАВОЧНИК!$M$10+'ФАКТ ЧИСТ К2'!I7*СПРАВОЧНИК!$N$10+'ФАКТ ЧИСТ К2'!J7*СПРАВОЧНИК!$O$10+'ФАКТ ЧИСТ К2'!K7*СПРАВОЧНИК!$P$10)+СПРАВОЧНИК!$E$11*('ФАКТ ЧЕРН К2'!H7*СПРАВОЧНИК!$H$11+'ФАКТ ЧЕРН К2'!I7*СПРАВОЧНИК!$I$11+'ФАКТ ЧЕРН К2'!J7*СПРАВОЧНИК!$J$11)+СПРАВОЧНИК!$F$11*('ФАКТ ЧИСТ К2'!L7*СПРАВОЧНИК!$L$11+'ФАКТ ЧИСТ К2'!M7*СПРАВОЧНИК!$M$11+'ФАКТ ЧИСТ К2'!N7*СПРАВОЧНИК!$N$11+'ФАКТ ЧИСТ К2'!O7*СПРАВОЧНИК!$O$11+'ФАКТ ЧИСТ К2'!P7*СПРАВОЧНИК!$P$11)+СПРАВОЧНИК!$E$12*('ФАКТ ЧЕРН К2'!K7*СПРАВОЧНИК!$H$12+'ФАКТ ЧЕРН К2'!L7*СПРАВОЧНИК!$I$12+'ФАКТ ЧЕРН К2'!M7*СПРАВОЧНИК!$J$12)+СПРАВОЧНИК!$F$12*('ФАКТ ЧИСТ К2'!Q7*СПРАВОЧНИК!$L$12+'ФАКТ ЧИСТ К2'!R7*СПРАВОЧНИК!$M$12+'ФАКТ ЧИСТ К2'!S7*СПРАВОЧНИК!$N$12+'ФАКТ ЧИСТ К2'!T7*СПРАВОЧНИК!$O$12+'ФАКТ ЧИСТ К2'!U7*СПРАВОЧНИК!$P$12)+СПРАВОЧНИК!$E$13*('ФАКТ ЧЕРН К2'!N7*СПРАВОЧНИК!$H$13+'ФАКТ ЧЕРН К2'!O7*СПРАВОЧНИК!$I$13+'ФАКТ ЧЕРН К2'!P7*СПРАВОЧНИК!$J$13)+СПРАВОЧНИК!$F$13*('ФАКТ ЧИСТ К2'!V7*СПРАВОЧНИК!$L$13+'ФАКТ ЧИСТ К2'!W7*СПРАВОЧНИК!$M$13+'ФАКТ ЧИСТ К2'!X7*СПРАВОЧНИК!$N$13+'ФАКТ ЧИСТ К2'!Y7*СПРАВОЧНИК!$O$13+'ФАКТ ЧИСТ К2'!Z7*СПРАВОЧНИК!$P$13)+СПРАВОЧНИК!$E$14*('ФАКТ ЧЕРН К2'!Q7*СПРАВОЧНИК!$H$14+'ФАКТ ЧЕРН К2'!R7*СПРАВОЧНИК!$I$14+'ФАКТ ЧЕРН К2'!S7*СПРАВОЧНИК!$J$14)+СПРАВОЧНИК!$F$14*('ФАКТ ЧИСТ К2'!AA7*СПРАВОЧНИК!$L$14+'ФАКТ ЧИСТ К2'!AB7*СПРАВОЧНИК!$M$14+'ФАКТ ЧИСТ К2'!AC7*СПРАВОЧНИК!$N$14+'ФАКТ ЧИСТ К2'!AD7*СПРАВОЧНИК!$O$14+'ФАКТ ЧИСТ К2'!AE7*СПРАВОЧНИК!$P$14)+СПРАВОЧНИК!$E$15*('ФАКТ ЧЕРН К2'!T7*СПРАВОЧНИК!$H$15+'ФАКТ ЧЕРН К2'!U7*СПРАВОЧНИК!$I$15+'ФАКТ ЧЕРН К2'!V7*СПРАВОЧНИК!$J$15)+СПРАВОЧНИК!$F$15*('ФАКТ ЧИСТ К2'!AF7*СПРАВОЧНИК!$L$15+'ФАКТ ЧИСТ К2'!AG7*СПРАВОЧНИК!$M$15+'ФАКТ ЧИСТ К2'!AH7*СПРАВОЧНИК!$N$15+'ФАКТ ЧИСТ К2'!AI7*СПРАВОЧНИК!$O$15+'ФАКТ ЧИСТ К2'!AJ7*СПРАВОЧНИК!$P$15) | AR16: =AR15+7 | AS16: ='ПЛАН ЧЕРН К2'!B7*СПРАВОЧНИК!$H$9+'ПЛАН ЧЕРН К2'!C7*СПРАВОЧНИК!$I$9+'ПЛАН ЧЕРН К2'!D7*СПРАВОЧНИК!$J$9+'ПЛАН ЧЕРН К2'!E7*СПРАВОЧНИК!$H$10+'ПЛАН ЧЕРН К2'!F7*СПРАВОЧНИК!$I$10+'ПЛАН ЧЕРН К2'!G7*СПРАВОЧНИК!$J$10+'ПЛАН ЧЕРН К2'!H7*СПРАВОЧНИК!$H$11+'ПЛАН ЧЕРН К2'!I7*СПРАВОЧНИК!$I$11+'ПЛАН ЧЕРН К2'!J7*СПРАВОЧНИК!$J$11+'ПЛАН ЧЕРН К2'!K7*СПРАВОЧНИК!$H$12+'ПЛАН ЧЕРН К2'!L7*СПРАВОЧНИК!$I$12+'ПЛАН ЧЕРН К2'!M7*СПРАВОЧНИК!$J$12+'ПЛАН ЧЕРН К2'!N7*СПРАВОЧНИК!$H$13+'ПЛАН ЧЕРН К2'!O7*СПРАВОЧНИК!$I$13+'ПЛАН ЧЕРН К2'!P7*СПРАВОЧНИК!$J$13+'ПЛАН ЧЕРН К2'!Q7*СПРАВОЧНИК!$H$14+'ПЛАН ЧЕРН К2'!R7*СПРАВОЧНИК!$I$14+'ПЛАН ЧЕРН К2'!S7*СПРАВОЧНИК!$J$14+'ПЛАН ЧЕРН К2'!T7*СПРАВОЧНИК!$H$15+'ПЛАН ЧЕРН К2'!U7*СПРАВОЧНИК!$I$15+'ПЛАН ЧЕРН К2'!V7*СПРАВОЧНИК!$J$15 | AT16: =('ФАКТ ЧЕРН К2'!B7)*СПРАВОЧНИК!$H$9+('ФАКТ ЧЕРН К2'!C7)*СПРАВОЧНИК!$I$9+('ФАКТ ЧЕРН К2'!D7)*СПРАВОЧНИК!$J$9+('ФАКТ ЧЕРН К2'!E7)*СПРАВОЧНИК!$H$10+('ФАКТ ЧЕРН К2'!F7)*СПРАВОЧНИК!$I$10+('ФАКТ ЧЕРН К2'!G7)*СПРАВОЧНИК!$J$10+('ФАКТ ЧЕРН К2'!H7)*СПРАВОЧНИК!$H$11+('ФАКТ ЧЕРН К2'!I7)*СПРАВОЧНИК!$I$11+('ФАКТ ЧЕРН К2'!J7)*СПРАВОЧНИК!$J$11+('ФАКТ ЧЕРН К2'!K7)*СПРАВОЧНИК!$H$12+('ФАКТ ЧЕРН К2'!L7)*СПРАВОЧНИК!$I$12+('ФАКТ ЧЕРН К2'!M7)*СПРАВОЧНИК!$J$12+('ФАКТ ЧЕРН К2'!N7)*СПРАВОЧНИК!$H$13+('ФАКТ ЧЕРН К2'!O7)*СПРАВОЧНИК!$I$13+('ФАКТ ЧЕРН К2'!P7)*СПРАВОЧНИК!$J$13+('ФАКТ ЧЕРН К2'!Q7)*СПРАВОЧНИК!$H$14+('ФАКТ ЧЕРН К2'!R7)*СПРАВОЧНИК!$I$14+('ФАКТ ЧЕРН К2'!S7)*СПРАВОЧНИК!$J$14+('ФАКТ ЧЕРН К2'!T7)*СПРАВОЧНИК!$H$15+('ФАКТ ЧЕРН К2'!U7)*СПРАВОЧНИК!$I$15+('ФАКТ ЧЕРН К2'!V7)*СПРАВОЧНИК!$J$15 | AX16: =AX15+7 | AY16: ='ПЛАН ЧИСТ К2'!B7*СПРАВОЧНИК!$L$9+'ПЛАН ЧИСТ К2'!C7*СПРАВОЧНИК!$M$9+'ПЛАН ЧИСТ К2'!D7*СПРАВОЧНИК!$N$9+'ПЛАН ЧИСТ К2'!E7*СПРАВОЧНИК!$O$9+'ПЛАН ЧИСТ К2'!F7*СПРАВОЧНИК!$P$9+'ПЛАН ЧИСТ К2'!G7*СПРАВОЧНИК!$L$10+'ПЛАН ЧИСТ К2'!H7*СПРАВОЧНИК!$M$10+'ПЛАН ЧИСТ К2'!I7*СПРАВОЧНИК!$N$10+'ПЛАН ЧИСТ К2'!J7*СПРАВОЧНИК!$O$10+'ПЛАН ЧИСТ К2'!K7*СПРАВОЧНИК!$P$10+'ПЛАН ЧИСТ К2'!L7*СПРАВОЧНИК!$L$11+'ПЛАН ЧИСТ К2'!M7*СПРАВОЧНИК!$M$11+'ПЛАН ЧИСТ К2'!N7*СПРАВОЧНИК!$N$11+'ПЛАН ЧИСТ К2'!O7*СПРАВОЧНИК!$O$11+'ПЛАН ЧИСТ К2'!P7*СПРАВОЧНИК!$P$11+'ПЛАН ЧИСТ К2'!Q7*СПРАВОЧНИК!$L$12+'ПЛАН ЧИСТ К2'!R7*СПРАВОЧНИК!$M$12+'ПЛАН ЧИСТ К2'!S7*СПРАВОЧНИК!$N$12+'ПЛАН ЧИСТ К2'!T7*СПРАВОЧНИК!$O$12+'ПЛАН ЧИСТ К2'!U7*СПРАВОЧНИК!$P$12+'ПЛАН ЧИСТ К2'!V7*СПРАВОЧНИК!$L$13+'ПЛАН ЧИСТ К2'!W7*СПРАВОЧНИК!$M$13+'ПЛАН ЧИСТ К2'!X7*СПРАВОЧНИК!$N$13+'ПЛАН ЧИСТ К2'!Y7*СПРАВОЧНИК!$O$13+'ПЛАН ЧИСТ К2'!Z7*СПРАВОЧНИК!$P$13+'ПЛАН ЧИСТ К2'!AA7*СПРАВОЧНИК!$L$14+'ПЛАН ЧИСТ К2'!AB7*СПРАВОЧНИК!$M$14+'ПЛАН ЧИСТ К2'!AC7*СПРАВОЧНИК!$N$14+'ПЛАН ЧИСТ К2'!AD7*СПРАВОЧНИК!$O$14+'ПЛАН ЧИСТ К2'!AE7*СПРАВОЧНИК!$P$14+'ПЛАН ЧИСТ К2'!AF7*СПРАВОЧНИК!$L$15+'ПЛАН ЧИСТ К2'!AG7*СПРАВОЧНИК!$M$15+'ПЛАН ЧИСТ К2'!AH7*СПРАВОЧНИК!$N$15+'ПЛАН ЧИСТ К2'!AI7*СПРАВОЧНИК!$O$15+'ПЛАН ЧИСТ К2'!AJ7*СПРАВОЧНИК!$P$15 | AZ16: =('ФАКТ ЧИСТ К2'!B7)*СПРАВОЧНИК!$L$9+('ФАКТ ЧИСТ К2'!C7)*СПРАВОЧНИК!$M$9+('ФАКТ ЧИСТ К2'!D7)*СПРАВОЧНИК!$N$9+('ФАКТ ЧИСТ К2'!E7)*СПРАВОЧНИК!$O$9+('ФАКТ ЧИСТ К2'!F7)*СПРАВОЧНИК!$P$9+('ФАКТ ЧИСТ К2'!G7)*СПРАВОЧНИК!$L$10+('ФАКТ ЧИСТ К2'!H7)*СПРАВОЧНИК!$M$10+('ФАКТ ЧИСТ К2'!I7)*СПРАВОЧНИК!$N$10+('ФАКТ ЧИСТ К2'!J7)*СПРАВОЧНИК!$O$10+('ФАКТ ЧИСТ К2'!K7)*СПРАВОЧНИК!$P$10+('ФАКТ ЧИСТ К2'!L7)*СПРАВОЧНИК!$L$11+('ФАКТ ЧИСТ К2'!M7)*СПРАВОЧНИК!$M$11+('ФАКТ ЧИСТ К2'!N7)*СПРАВОЧНИК!$N$11+('ФАКТ ЧИСТ К2'!O7)*СПРАВОЧНИК!$O$11+('ФАКТ ЧИСТ К2'!P7)*СПРАВОЧНИК!$P$11+('ФАКТ ЧИСТ К2'!Q7)*СПРАВОЧНИК!$L$12+('ФАКТ ЧИСТ К2'!R7)*СПРАВОЧНИК!$M$12+('ФАКТ ЧИСТ К2'!S7)*СПРАВОЧНИК!$N$12+('ФАКТ ЧИСТ К2'!T7)*СПРАВОЧНИК!$O$12+('ФАКТ ЧИСТ К2'!U7)*СПРАВОЧНИК!$P$12+('ФАКТ ЧИСТ К2'!V7)*СПРАВОЧНИК!$L$13+('ФАКТ ЧИСТ К2'!W7)*СПРАВОЧНИК!$M$13+('ФАКТ ЧИСТ К2'!X7)*СПРАВОЧНИК!$N$13+('ФАКТ ЧИСТ К2'!Y7)*СПРАВОЧНИК!$O$13+('ФАКТ ЧИСТ К2'!Z7)*СПРАВОЧНИК!$P$13+('ФАКТ ЧИСТ К2'!AA7)*СПРАВОЧНИК!$L$14+('ФАКТ ЧИСТ К2'!AB7)*СПРАВОЧНИК!$M$14+('ФАКТ ЧИСТ К2'!AC7)*СПРАВОЧНИК!$N$14+('ФАКТ ЧИСТ К2'!AD7)*СПРАВОЧНИК!$O$14+('ФАКТ ЧИСТ К2'!AE7)*СПРАВОЧНИК!$P$14+('ФАКТ ЧИСТ К2'!AF7)*СПРАВОЧНИК!$L$15+('ФАКТ ЧИСТ К2'!AG7)*СПРАВОЧНИК!$M$15+('ФАКТ ЧИСТ К2'!AH7)*СПРАВОЧНИК!$N$15+('ФАКТ ЧИСТ К2'!AI7)*СПРАВОЧНИК!$O$15+('ФАКТ ЧИСТ К2'!AJ7)*СПРАВОЧНИК!$P$15 | BD16: =BD15+7 | BE16: =СПРАВОЧНИК!$E$9*('ПЛАН ЧЕРН К3'!B7*СПРАВОЧНИК!$H$9+'ПЛАН ЧЕРН К3'!C7*СПРАВОЧНИК!$I$9+'ПЛАН ЧЕРН К3'!D7*СПРАВОЧНИК!$J$9)+СПРАВОЧНИК!$F$9*('ПЛАН ЧИСТ К3'!B7*СПРАВОЧНИК!$L$9+'ПЛАН ЧИСТ К3'!C7*СПРАВОЧНИК!$M$9+'ПЛАН ЧИСТ К3'!D7*СПРАВОЧНИК!$N$9+'ПЛАН ЧИСТ К3'!E7*СПРАВОЧНИК!$O$9+'ПЛАН ЧИСТ К3'!F7*СПРАВОЧНИК!$P$9)+СПРАВОЧНИК!$E$10*('ПЛАН ЧЕРН К3'!E7*СПРАВОЧНИК!$H$10+'ПЛАН ЧЕРН К3'!F7*СПРАВОЧНИК!$I$10+'ПЛАН ЧЕРН К3'!G7*СПРАВОЧНИК!$J$10)+СПРАВОЧНИК!$F$10*('ПЛАН ЧИСТ К3'!G7*СПРАВОЧНИК!$L$10+'ПЛАН ЧИСТ К3'!H7*СПРАВОЧНИК!$M$10+'ПЛАН ЧИСТ К3'!I7*СПРАВОЧНИК!$N$10+'ПЛАН ЧИСТ К3'!J7*СПРАВОЧНИК!$O$10+'ПЛАН ЧИСТ К3'!K7*СПРАВОЧНИК!$P$10)+СПРАВОЧНИК!$E$11*('ПЛАН ЧЕРН К3'!H7*СПРАВОЧНИК!$H$11+'ПЛАН ЧЕРН К3'!I7*СПРАВОЧНИК!$I$11+'ПЛАН ЧЕРН К3'!J7*СПРАВОЧНИК!$J$11)+СПРАВОЧНИК!$F$11*('ПЛАН ЧИСТ К3'!L7*СПРАВОЧНИК!$L$11+'ПЛАН ЧИСТ К3'!M7*СПРАВОЧНИК!$M$11+'ПЛАН ЧИСТ К3'!N7*СПРАВОЧНИК!$N$11+'ПЛАН ЧИСТ К3'!O7*СПРАВОЧНИК!$O$11+'ПЛАН ЧИСТ К3'!P7*СПРАВОЧНИК!$P$11)+СПРАВОЧНИК!$E$12*('ПЛАН ЧЕРН К3'!K7*СПРАВОЧНИК!$H$12+'ПЛАН ЧЕРН К3'!L7*СПРАВОЧНИК!$I$12+'ПЛАН ЧЕРН К3'!M7*СПРАВОЧНИК!$J$12)+СПРАВОЧНИК!$F$12*('ПЛАН ЧИСТ К3'!Q7*СПРАВОЧНИК!$L$12+'ПЛАН ЧИСТ К3'!R7*СПРАВОЧНИК!$M$12+'ПЛАН ЧИСТ К3'!S7*СПРАВОЧНИК!$N$12+'ПЛАН ЧИСТ К3'!T7*СПРАВОЧНИК!$O$12+'ПЛАН ЧИСТ К3'!U7*СПРАВОЧНИК!$P$12)+СПРАВОЧНИК!$E$13*('ПЛАН ЧЕРН К3'!N7*СПРАВОЧНИК!$H$13+'ПЛАН ЧЕРН К3'!O7*СПРАВОЧНИК!$I$13+'ПЛАН ЧЕРН К3'!P7*СПРАВОЧНИК!$J$13)+СПРАВОЧНИК!$F$13*('ПЛАН ЧИСТ К3'!V7*СПРАВОЧНИК!$L$13+'ПЛАН ЧИСТ К3'!W7*СПРАВОЧНИК!$M$13+'ПЛАН ЧИСТ К3'!X7*СПРАВОЧНИК!$N$13+'ПЛАН ЧИСТ К3'!Y7*СПРАВОЧНИК!$O$13+'ПЛАН ЧИСТ К3'!Z7*СПРАВОЧНИК!$P$13)+СПРАВОЧНИК!$E$14*('ПЛАН ЧЕРН К3'!Q7*СПРАВОЧНИК!$H$14+'ПЛАН ЧЕРН К3'!R7*СПРАВОЧНИК!$I$14+'ПЛАН ЧЕРН К3'!S7*СПРАВОЧНИК!$J$14)+СПРАВОЧНИК!$F$14*('ПЛАН ЧИСТ К3'!AA7*СПРАВОЧНИК!$L$14+'ПЛАН ЧИСТ К3'!AB7*СПРАВОЧНИК!$M$14+'ПЛАН ЧИСТ К3'!AC7*СПРАВОЧНИК!$N$14+'ПЛАН ЧИСТ К3'!AD7*СПРАВОЧНИК!$O$14+'ПЛАН ЧИСТ К3'!AE7*СПРАВОЧНИК!$P$14)+СПРАВОЧНИК!$E$15*('ПЛАН ЧЕРН К3'!T7*СПРАВОЧНИК!$H$15+'ПЛАН ЧЕРН К3'!U7*СПРАВОЧНИК!$I$15+'ПЛАН ЧЕРН К3'!V7*СПРАВОЧНИК!$J$15)+СПРАВОЧНИК!$F$15*('ПЛАН ЧИСТ К3'!AF7*СПРАВОЧНИК!$L$15+'ПЛАН ЧИСТ К3'!AG7*СПРАВОЧНИК!$M$15+'ПЛАН ЧИСТ К3'!AH7*СПРАВОЧНИК!$N$15+'ПЛАН ЧИСТ К3'!AI7*СПРАВОЧНИК!$O$15+'ПЛАН ЧИСТ К3'!AJ7*СПРАВОЧНИК!$P$15) | BF16: =СПРАВОЧНИК!$E$9*('ФАКТ ЧЕРН К3'!B7*СПРАВОЧНИК!$H$9+'ФАКТ ЧЕРН К3'!C7*СПРАВОЧНИК!$I$9+'ФАКТ ЧЕРН К3'!D7*СПРАВОЧНИК!$J$9)+СПРАВОЧНИК!$F$9*('ФАКТ ЧИСТ К3'!B7*СПРАВОЧНИК!$L$9+'ФАКТ ЧИСТ К3'!C7*СПРАВОЧНИК!$M$9+'ФАКТ ЧИСТ К3'!D7*СПРАВОЧНИК!$N$9+'ФАКТ ЧИСТ К3'!E7*СПРАВОЧНИК!$O$9+'ФАКТ ЧИСТ К3'!F7*СПРАВОЧНИК!$P$9)+СПРАВОЧНИК!$E$10*('ФАКТ ЧЕРН К3'!E7*СПРАВОЧНИК!$H$10+'ФАКТ ЧЕРН К3'!F7*СПРАВОЧНИК!$I$10+'ФАКТ ЧЕРН К3'!G7*СПРАВОЧНИК!$J$10)+СПРАВОЧНИК!$F$10*('ФАКТ ЧИСТ К3'!G7*СПРАВОЧНИК!$L$10+'ФАКТ ЧИСТ К3'!H7*СПРАВОЧНИК!$M$10+'ФАКТ ЧИСТ К3'!I7*СПРАВОЧНИК!$N$10+'ФАКТ ЧИСТ К3'!J7*СПРАВОЧНИК!$O$10+'ФАКТ ЧИСТ К3'!K7*СПРАВОЧНИК!$P$10)+СПРАВОЧНИК!$E$11*('ФАКТ ЧЕРН К3'!H7*СПРАВОЧНИК!$H$11+'ФАКТ ЧЕРН К3'!I7*СПРАВОЧНИК!$I$11+'ФАКТ ЧЕРН К3'!J7*СПРАВОЧНИК!$J$11)+СПРАВОЧНИК!$F$11*('ФАКТ ЧИСТ К3'!L7*СПРАВОЧНИК!$L$11+'ФАКТ ЧИСТ К3'!M7*СПРАВОЧНИК!$M$11+'ФАКТ ЧИСТ К3'!N7*СПРАВОЧНИК!$N$11+'ФАКТ ЧИСТ К3'!O7*СПРАВОЧНИК!$O$11+'ФАКТ ЧИСТ К3'!P7*СПРАВОЧНИК!$P$11)+СПРАВОЧНИК!$E$12*('ФАКТ ЧЕРН К3'!K7*СПРАВОЧНИК!$H$12+'ФАКТ ЧЕРН К3'!L7*СПРАВОЧНИК!$I$12+'ФАКТ ЧЕРН К3'!M7*СПРАВОЧНИК!$J$12)+СПРАВОЧНИК!$F$12*('ФАКТ ЧИСТ К3'!Q7*СПРАВОЧНИК!$L$12+'ФАКТ ЧИСТ К3'!R7*СПРАВОЧНИК!$M$12+'ФАКТ ЧИСТ К3'!S7*СПРАВОЧНИК!$N$12+'ФАКТ ЧИСТ К3'!T7*СПРАВОЧНИК!$O$12+'ФАКТ ЧИСТ К3'!U7*СПРАВОЧНИК!$P$12)+СПРАВОЧНИК!$E$13*('ФАКТ ЧЕРН К3'!N7*СПРАВОЧНИК!$H$13+'ФАКТ ЧЕРН К3'!O7*СПРАВОЧНИК!$I$13+'ФАКТ ЧЕРН К3'!P7*СПРАВОЧНИК!$J$13)+СПРАВОЧНИК!$F$13*('ФАКТ ЧИСТ К3'!V7*СПРАВОЧНИК!$L$13+'ФАКТ ЧИСТ К3'!W7*СПРАВОЧНИК!$M$13+'ФАКТ ЧИСТ К3'!X7*СПРАВОЧНИК!$N$13+'ФАКТ ЧИСТ К3'!Y7*СПРАВОЧНИК!$O$13+'ФАКТ ЧИСТ К3'!Z7*СПРАВОЧНИК!$P$13)+СПРАВОЧНИК!$E$14*('ФАКТ ЧЕРН К3'!Q7*СПРАВОЧНИК!$H$14+'ФАКТ ЧЕРН К3'!R7*СПРАВОЧНИК!$I$14+'ФАКТ ЧЕРН К3'!S7*СПРАВОЧНИК!$J$14)+СПРАВОЧНИК!$F$14*('ФАКТ ЧИСТ К3'!AA7*СПРАВОЧНИК!$L$14+'ФАКТ ЧИСТ К3'!AB7*СПРАВОЧНИК!$M$14+'ФАКТ ЧИСТ К3'!AC7*СПРАВОЧНИК!$N$14+'ФАКТ ЧИСТ К3'!AD7*СПРАВОЧНИК!$O$14+'ФАКТ ЧИСТ К3'!AE7*СПРАВОЧНИК!$P$14)+СПРАВОЧНИК!$E$15*('ФАКТ ЧЕРН К3'!T7*СПРАВОЧНИК!$H$15+'ФАКТ ЧЕРН К3'!U7*СПРАВОЧНИК!$I$15+'ФАКТ ЧЕРН К3'!V7*СПРАВОЧНИК!$J$15)+СПРАВОЧНИК!$F$15*('ФАКТ ЧИСТ К3'!AF7*СПРАВОЧНИК!$L$15+'ФАКТ ЧИСТ К3'!AG7*СПРАВОЧНИК!$M$15+'ФАКТ ЧИСТ К3'!AH7*СПРАВОЧНИК!$N$15+'ФАКТ ЧИСТ К3'!AI7*СПРАВОЧНИК!$O$15+'ФАКТ ЧИСТ К3'!AJ7*СПРАВОЧНИК!$P$15) | BJ16: =BJ15+7 | BK16: ='ПЛАН ЧЕРН К3'!B7*СПРАВОЧНИК!$H$9+'ПЛАН ЧЕРН К3'!C7*СПРАВОЧНИК!$I$9+'ПЛАН ЧЕРН К3'!D7*СПРАВОЧНИК!$J$9+'ПЛАН ЧЕРН К3'!E7*СПРАВОЧНИК!$H$10+'ПЛАН ЧЕРН К3'!F7*СПРАВОЧНИК!$I$10+'ПЛАН ЧЕРН К3'!G7*СПРАВОЧНИК!$J$10+'ПЛАН ЧЕРН К3'!H7*СПРАВОЧНИК!$H$11+'ПЛАН ЧЕРН К3'!I7*СПРАВОЧНИК!$I$11+'ПЛАН ЧЕРН К3'!J7*СПРАВОЧНИК!$J$11+'ПЛАН ЧЕРН К3'!K7*СПРАВОЧНИК!$H$12+'ПЛАН ЧЕРН К3'!L7*СПРАВОЧНИК!$I$12+'ПЛАН ЧЕРН К3'!M7*СПРАВОЧНИК!$J$12+'ПЛАН ЧЕРН К3'!N7*СПРАВОЧНИК!$H$13+'ПЛАН ЧЕРН К3'!O7*СПРАВОЧНИК!$I$13+'ПЛАН ЧЕРН К3'!P7*СПРАВОЧНИК!$J$13+'ПЛАН ЧЕРН К3'!Q7*СПРАВОЧНИК!$H$14+'ПЛАН ЧЕРН К3'!R7*СПРАВОЧНИК!$I$14+'ПЛАН ЧЕРН К3'!S7*СПРАВОЧНИК!$J$14+'ПЛАН ЧЕРН К3'!T7*СПРАВОЧНИК!$H$15+'ПЛАН ЧЕРН К3'!U7*СПРАВОЧНИК!$I$15+'ПЛАН ЧЕРН К3'!V7*СПРАВОЧНИК!$J$15 | BL16: =('ФАКТ ЧЕРН К3'!B7)*СПРАВОЧНИК!$H$9+('ФАКТ ЧЕРН К3'!C7)*СПРАВОЧНИК!$I$9+('ФАКТ ЧЕРН К3'!D7)*СПРАВОЧНИК!$J$9+('ФАКТ ЧЕРН К3'!E7)*СПРАВОЧНИК!$H$10+('ФАКТ ЧЕРН К3'!F7)*СПРАВОЧНИК!$I$10+('ФАКТ ЧЕРН К3'!G7)*СПРАВОЧНИК!$J$10+('ФАКТ ЧЕРН К3'!H7)*СПРАВОЧНИК!$H$11+('ФАКТ ЧЕРН К3'!I7)*СПРАВОЧНИК!$I$11+('ФАКТ ЧЕРН К3'!J7)*СПРАВОЧНИК!$J$11+('ФАКТ ЧЕРН К3'!K7)*СПРАВОЧНИК!$H$12+('ФАКТ ЧЕРН К3'!L7)*СПРАВОЧНИК!$I$12+('ФАКТ ЧЕРН К3'!M7)*СПРАВОЧНИК!$J$12+('ФАКТ ЧЕРН К3'!N7)*СПРАВОЧНИК!$H$13+('ФАКТ ЧЕРН К3'!O7)*СПРАВОЧНИК!$I$13+('ФАКТ ЧЕРН К3'!P7)*СПРАВОЧНИК!$J$13+('ФАКТ ЧЕРН К3'!Q7)*СПРАВОЧНИК!$H$14+('ФАКТ ЧЕРН К3'!R7)*СПРАВОЧНИК!$I$14+('ФАКТ ЧЕРН К3'!S7)*СПРАВОЧНИК!$J$14+('ФАКТ ЧЕРН К3'!T7)*СПРАВОЧНИК!$H$15+('ФАКТ ЧЕРН К3'!U7)*СПРАВОЧНИК!$I$15+('ФАКТ ЧЕРН К3'!V7)*СПРАВОЧНИК!$J$15 | BP16: =BP15+7 | BQ16: ='ПЛАН ЧИСТ К3'!B7*СПРАВОЧНИК!$L$9+'ПЛАН ЧИСТ К3'!C7*СПРАВОЧНИК!$M$9+'ПЛАН ЧИСТ К3'!D7*СПРАВОЧНИК!$N$9+'ПЛАН ЧИСТ К3'!E7*СПРАВОЧНИК!$O$9+'ПЛАН ЧИСТ К3'!F7*СПРАВОЧНИК!$P$9+'ПЛАН ЧИСТ К3'!G7*СПРАВОЧНИК!$L$10+'ПЛАН ЧИСТ К3'!H7*СПРАВОЧНИК!$M$10+'ПЛАН ЧИСТ К3'!I7*СПРАВОЧНИК!$N$10+'ПЛАН ЧИСТ К3'!J7*СПРАВОЧНИК!$O$10+'ПЛАН ЧИСТ К3'!K7*СПРАВОЧНИК!$P$10+'ПЛАН ЧИСТ К3'!L7*СПРАВОЧНИК!$L$11+'ПЛАН ЧИСТ К3'!M7*СПРАВОЧНИК!$M$11+'ПЛАН ЧИСТ К3'!N7*СПРАВОЧНИК!$N$11+'ПЛАН ЧИСТ К3'!O7*СПРАВОЧНИК!$O$11+'ПЛАН ЧИСТ К3'!P7*СПРАВОЧНИК!$P$11+'ПЛАН ЧИСТ К3'!Q7*СПРАВОЧНИК!$L$12+'ПЛАН ЧИСТ К3'!R7*СПРАВОЧНИК!$M$12+'ПЛАН ЧИСТ К3'!S7*СПРАВОЧНИК!$N$12+'ПЛАН ЧИСТ К3'!T7*СПРАВОЧНИК!$O$12+'ПЛАН ЧИСТ К3'!U7*СПРАВОЧНИК!$P$12+'ПЛАН ЧИСТ К3'!V7*СПРАВОЧНИК!$L$13+'ПЛАН ЧИСТ К3'!W7*СПРАВОЧНИК!$M$13+'ПЛАН ЧИСТ К3'!X7*СПРАВОЧНИК!$N$13+'ПЛАН ЧИСТ К3'!Y7*СПРАВОЧНИК!$O$13+'ПЛАН ЧИСТ К3'!Z7*СПРАВОЧНИК!$P$13+'ПЛАН ЧИСТ К3'!AA7*СПРАВОЧНИК!$L$14+'ПЛАН ЧИСТ К3'!AB7*СПРАВОЧНИК!$M$14+'ПЛАН ЧИСТ К3'!AC7*СПРАВОЧНИК!$N$14+'ПЛАН ЧИСТ К3'!AD7*СПРАВОЧНИК!$O$14+'ПЛАН ЧИСТ К3'!AE7*СПРАВОЧНИК!$P$14+'ПЛАН ЧИСТ К3'!AF7*СПРАВОЧНИК!$L$15+'ПЛАН ЧИСТ К3'!AG7*СПРАВОЧНИК!$M$15+'ПЛАН ЧИСТ К3'!AH7*СПРАВОЧНИК!$N$15+'ПЛАН ЧИСТ К3'!AI7*СПРАВОЧНИК!$O$15+'ПЛАН ЧИСТ К3'!AJ7*СПРАВОЧНИК!$P$15 | BR16: =('ФАКТ ЧИСТ К3'!B7)*СПРАВОЧНИК!$L$9+('ФАКТ ЧИСТ К3'!C7)*СПРАВОЧНИК!$M$9+('ФАКТ ЧИСТ К3'!D7)*СПРАВОЧНИК!$N$9+('ФАКТ ЧИСТ К3'!E7)*СПРАВОЧНИК!$O$9+('ФАКТ ЧИСТ К3'!F7)*СПРАВОЧНИК!$P$9+('ФАКТ ЧИСТ К3'!G7)*СПРАВОЧНИК!$L$10+('ФАКТ ЧИСТ К3'!H7)*СПРАВОЧНИК!$M$10+('ФАКТ ЧИСТ К3'!I7)*СПРАВОЧНИК!$N$10+('ФАКТ ЧИСТ К3'!J7)*СПРАВОЧНИК!$O$10+('ФАКТ ЧИСТ К3'!K7)*СПРАВОЧНИК!$P$10+('ФАКТ ЧИСТ К3'!L7)*СПРАВОЧНИК!$L$11+('ФАКТ ЧИСТ К3'!M7)*СПРАВОЧНИК!$M$11+('ФАКТ ЧИСТ К3'!N7)*СПРАВОЧНИК!$N$11+('ФАКТ ЧИСТ К3'!O7)*СПРАВОЧНИК!$O$11+('ФАКТ ЧИСТ К3'!P7)*СПРАВОЧНИК!$P$11+('ФАКТ ЧИСТ К3'!Q7)*СПРАВОЧНИК!$L$12+('ФАКТ ЧИСТ К3'!R7)*СПРАВОЧНИК!$M$12+('ФАКТ ЧИСТ К3'!S7)*СПРАВОЧНИК!$N$12+('ФАКТ ЧИСТ К3'!T7)*СПРАВОЧНИК!$O$12+('ФАКТ ЧИСТ К3'!U7)*СПРАВОЧНИК!$P$12+('ФАКТ ЧИСТ К3'!V7)*СПРАВОЧНИК!$L$13+('ФАКТ ЧИСТ К3'!W7)*СПРАВОЧНИК!$M$13+('ФАКТ ЧИСТ К3'!X7)*СПРАВОЧНИК!$N$13+('ФАКТ ЧИСТ К3'!Y7)*СПРАВОЧНИК!$O$13+('ФАКТ ЧИСТ К3'!Z7)*СПРАВОЧНИК!$P$13+('ФАКТ ЧИСТ К3'!AA7)*СПРАВОЧНИК!$L$14+('ФАКТ ЧИСТ К3'!AB7)*СПРАВОЧНИК!$M$14+('ФАКТ ЧИСТ К3'!AC7)*СПРАВОЧНИК!$N$14+('ФАКТ ЧИСТ К3'!AD7)*СПРАВОЧНИК!$O$14+('ФАКТ ЧИСТ К3'!AE7)*СПРАВОЧНИК!$P$14+('ФАКТ ЧИСТ К3'!AF7)*СПРАВОЧНИК!$L$15+('ФАКТ ЧИСТ К3'!AG7)*СПРАВОЧНИК!$M$15+('ФАКТ ЧИСТ К3'!AH7)*СПРАВОЧНИК!$N$15+('ФАКТ ЧИСТ К3'!AI7)*СПРАВОЧНИК!$O$15+('ФАКТ ЧИСТ К3'!AJ7)*СПРАВОЧНИК!$P$15 | BV16: =BV15+7 | BW16: =U16*СПРАВОЧНИК!$K$28+AM16*СПРАВОЧНИК!$K$29+BE16*СПРАВОЧНИК!$K$30 | BX16: =V16*СПРАВОЧНИК!$K$28+AN16*СПРАВОЧНИК!$K$29+BF16*СПРАВОЧНИК!$K$30 | CB16: =CB15+7 | CC16: =AA16*СПРАВОЧНИК!$K$28+AS16*СПРАВОЧНИК!$K$29+BK16*СПРАВОЧНИК!$K$30 | CD16: =AB16*СПРАВОЧНИК!$K$28+AT16*СПРАВОЧНИК!$K$29+BL16*СПРАВОЧНИК!$K$30 | CH16: =CH15+7 | CI16: =AG16*СПРАВОЧНИК!$K$28+AY16*СПРАВОЧНИК!$K$29+BQ16*СПРАВОЧНИК!$K$30 | CJ16: =AH16*СПРАВОЧНИК!$K$28+AZ16*СПРАВОЧНИК!$K$29+BR16*СПРАВОЧНИК!$K$30 | CN16: =CN15+7 | CO16: =C16*СПРАВОЧНИК!$W$18+BW16*СПРАВОЧНИК!$W$19 | CP16: =D16*СПРАВОЧНИК!$W$18+BX16*СПРАВОЧНИК!$W$19 | CT16: =CT15+7 | CU16: =I16*СПРАВОЧНИК!$W$18+CC16*СПРАВОЧНИК!$W$19 | CV16: =J16*СПРАВОЧНИК!$W$18+CD16*СПРАВОЧНИК!$W$19 | CZ16: =CZ15+7 | DA16: =O16*СПРАВОЧНИК!$W$18+CI16*СПРАВОЧНИК!$W$19 | DB16: =P16*СПРАВОЧНИК!$W$18+CJ16*СПРАВОЧНИК!$W$19
